Dimension,Code,Title,ParentDimension,ParentCode,ParentTitle
GHO,MALARIA_1STLINE_TREATED,Number of malaria cases treated with any first  line tx courses (including artemisinin-based combination therapies (ACTs)),,,
GHO,MALARIA_ACT_TREATED,Number of malaria cases treated with artemisinin-based combination therapies (ACTs),,,
GHO,MALARIA_IPTP3_COVERAGE,Pregnant women attending antenatal care  at least once and receiving at least 3 doses of Intermittent Preventive Treatment of Malaria for Pregnant Women (IPTp3) (%),,,
GHO,MALARIA_IRS_COVERAGE,Number of people protected from malaria by indoor residual spraying (IRS),,,
GHO,MALARIA_ITN_COVERAGE,"Population with access to an insecticide-treated bed net (ITN) for malaria protection (%), modelled",,,
