﻿Variable:,ISO3,ADM0_Code,ADM0_Name,ADM_Level,year,age_group_id,age_group_name,sex_id,sex,measure_id,measure,metric_id,metric,mean,lower,upper,pop
Label:,ISO3 Code,Admin 0 Code,Admin 0 Name,Admin Level,Year,Age Group ID,Age Group Name,Sex ID,Sex,Measure ID,Measure,Metric ID,Metric,Mean,95% Credible Interval (Lower Bound),95% Credible Interval (Upper Bound),Population
Variable code:,ABW,10000790,Aruba,0,2000,0_to_4,0 to 4 years,3,Both,1,Deaths,3,Rate,,,,
,AFG,10000777,Afghanistan,1,2001,2_to_10,2 to 10 years,,,5,Prevalence,,,,,,
,AGO,10000784,Angola,2,2002,5_to_14,5 to 14 years,,,6,Incidence,,,,,,
,AIA,10000785,Anguilla,,2003,15+,15 plus,,,,,,,,,,
,ALB,10000780,Albania,,2004,All_Ages,0 to 99 years,,,,,,,,,,
,AND,10000783,Andorra,,2005,,,,,,,,,,,,
,ANT,10813586,Netherlands Antilles,,2006,,,,,,,,,,,,
,ARE,10001017,United Arab Emirates,,2007,,,,,,,,,,,,
,ARG,10000788,Argentina,,2008,,,,,,,,,,,,
,ARM,10000789,Armenia,,2009,,,,,,,,,,,,
,ATF,10000858,French Southern and Antarctic Territories,,2010,,,,,,,,,,,,
,ATG,10000787,Antigua and Barbuda,,2011,,,,,,,,,,,,
,AUS,10000791,Australia,,2012,,,,,,,,,,,,
,AUT,10000792,Austria,,2013,,,,,,,,,,,,
,AZE,10000793,Azerbaijan,,2014,,,,,,,,,,,,
,BDI,10000815,Burundi,,2015,,,,,,,,,,,,
,BEL,10000799,Belgium,,2016,,,,,,,,,,,,
,BEN,10000801,Benin,,2017,,,,,,,,,,,,
,BFA,10000814,Burkina Faso,,2018,,,,,,,,,,,,
,BGD,10000796,Bangladesh,,2019,,,,,,,,,,,,
,BGR,10000813,Bulgaria,,,,,,,,,,,,,,
,BHR,10000795,Bahrain,,,,,,,,,,,,,,
,BHS,10000794,Bahamas,,,,,,,,,,,,,,
,BIH,10000806,Bosnia and Herzegovina,,,,,,,,,,,,,,
,BLR,10000798,Belarus,,,,,,,,,,,,,,
,BLZ,10000800,Belize,,,,,,,,,,,,,,
,BMU,10000802,Bermuda,,,,,,,,,,,,,,
,BOL,10000804,Bolivia,,,,,,,,,,,,,,
,BRA,10000809,Brazil,,,,,,,,,,,,,,
,BRB,10000797,Barbados,,,,,,,,,,,,,,
,BRN,10000812,Brunei Darussalam,,,,,,,,,,,,,,
,BTN,10000803,Bhutan,,,,,,,,,,,,,,
,BVT,10000808,Bouvet Island,,,,,,,,,,,,,,
,BWA,10000807,Botswana,,,,,,,,,,,,,,
,CAF,10000822,Central African Republic,,,,,,,,,,,,,,
,CAN,10000818,Canada,,,,,,,,,,,,,,
,CCK,10000828,Cocos (Keeling) Islands,,,,,,,,,,,,,,
,CHE,10000999,Switzerland,,,,,,,,,,,,,,
,CHL,10000824,Chile,,,,,,,,,,,,,,
,CHN,10000825,China,,,,,,,,,,,,,,
,CIV,10000833,Côte d'Ivoire,,,,,,,,,,,,,,
,CMR,10000817,Cameroon,,,,,,,,,,,,,,
,COD,10000839,Democratic Republic of the Congo,,,,,,,,,,,,,,
,COG,10000961,Congo,,,,,,,,,,,,,,
,COL,10000829,Colombia,,,,,,,,,,,,,,
,COM,10000830,Comoros,,,,,,,,,,,,,,
,CPV,10000819,Cape Verde,,,,,,,,,,,,,,
,CRI,10000832,Costa Rica,,,,,,,,,,,,,,
,CUB,10000835,Cuba,,,,,,,,,,,,,,
,CXR,10000826,Christmas Island,,,,,,,,,,,,,,
,CYM,10000821,Cayman Islands,,,,,,,,,,,,,,
,CYP,10000837,Cyprus,,,,,,,,,,,,,,
,CZE,10000838,Czech Republic,,,,,,,,,,,,,,
,DEU,10000862,Germany,,,,,,,,,,,,,,
,DJI,10000841,Djibouti,,,,,,,,,,,,,,
,DMA,10000843,Dominica,,,,,,,,,,,,,,
,DOM,10000842,Dominican Republic,,,,,,,,,,,,,,
,DZA,10000781,Algeria,,,,,,,,,,,,,,
,ECU,10000844,Ecuador,,,,,,,,,,,,,,
,EGY,10000845,Egypt,,,,,,,,,,,,,,
,ERI,10000848,Eritrea,,,,,,,,,,,,,,
,ESH,10001029,Western Sahara,,,,,,,,,,,,,,
,ESP,10000991,Spain,,,,,,,,,,,,,,
,ETH,10000850,Ethiopia,,,,,,,,,,,,,,
,FLK,10000851,Falkland Islands,,,,,,,,,,,,,,
,FRA,10000855,France,,,,,,,,,,,,,,
,FSM,10000922,Micronesia,,,,,,,,,,,,,,
,GAB,10000859,Gabon,,,,,,,,,,,,,,
,GBR,10001018,United Kingdom,,,,,,,,,,,,,,
,GEO,10000861,Georgia,,,,,,,,,,,,,,
,GGY,10000871,Guernsey,,,,,,,,,,,,,,
,GHA,10000863,Ghana,,,,,,,,,,,,,,
,GIB,10000864,Gibraltar,,,,,,,,,,,,,,
,GIN,10000873,Guinea,,,,,,,,,,,,,,
,GLP,10000868,Guadeloupe,,,,,,,,,,,,,,
,GMB,10000860,Gambia,,,,,,,,,,,,,,
,GNB,10000872,Guinea-Bissau,,,,,,,,,,,,,,
,GNQ,10000847,Equatorial Guinea,,,,,,,,,,,,,,
,GRC,10000865,Greece,,,,,,,,,,,,,,
,GRD,10000867,Grenada,,,,,,,,,,,,,,
,GTM,10000870,Guatemala,,,,,,,,,,,,,,
,GUF,10000856,French Guiana,,,,,,,,,,,,,,
,GUM,10000869,Guam,,,,,,,,,,,,,,
,GUY,10000874,Guyana,,,,,,,,,,,,,,
,HKG,10000878,Hong Kong,,,,,,,,,,,,,,
,HMD,10000876,Heard Island and McDonald Islands,,,,,,,,,,,,,,
,HND,10000877,Honduras,,,,,,,,,,,,,,
,HRV,10000834,Croatia,,,,,,,,,,,,,,
,HTI,10000875,Haiti,,,,,,,,,,,,,,
,HUN,10000879,Hungary,,,,,,,,,,,,,,
,IDN,10000882,Indonesia,,,,,,,,,,,,,,
,IND,10000881,India,,,,,,,,,,,,,,
,IOT,10000810,British Indian Ocean Territory,,,,,,,,,,,,,,
,IRL,10000885,Ireland,,,,,,,,,,,,,,
,IRN,10000883,Iran,,,,,,,,,,,,,,
,IRQ,10000884,Iraq,,,,,,,,,,,,,,
,ISR,10000887,Israel,,,,,,,,,,,,,,
,ITA,10000888,Italy,,,,,,,,,,,,,,
,JAM,10000889,Jamaica,,,,,,,,,,,,,,
,JEY,10000891,Jersey,,,,,,,,,,,,,,
,JOR,10000892,Jordan,,,,,,,,,,,,,,
,JPN,10000890,Japan,,,,,,,,,,,,,,
,KAZ,10000893,Kazakhstan,,,,,,,,,,,,,,
,KEN,10000894,Kenya,,,,,,,,,,,,,,
,KGZ,10000898,Kyrgyzstan,,,,,,,,,,,,,,
,KHM,10000816,Cambodia,,,,,,,,,,,,,,
,KIR,10000895,Kiribati,,,,,,,,,,,,,,
,KNA,10000969,Saint Kitts and Nevis,,,,,,,,,,,,,,
,KOR,10000989,South Korea,,,,,,,,,,,,,,
,KWT,10000897,Kuwait,,,,,,,,,,,,,,
,LAO,10000899,Laos,,,,,,,,,,,,,,
,LBN,10000901,Lebanon,,,,,,,,,,,,,,
,LBR,10000903,Liberia,,,,,,,,,,,,,,
,LBY,10000904,Libya,,,,,,,,,,,,,,
,LCA,10000970,Saint Lucia,,,,,,,,,,,,,,
,LIE,10000905,Liechtenstein,,,,,,,,,,,,,,
,LKA,10000993,Sri Lanka,,,,,,,,,,,,,,
,LSO,10000902,Lesotho,,,,,,,,,,,,,,
,LUX,10000907,Luxembourg,,,,,,,,,,,,,,
,MAC,10000908,Macau,,,,,,,,,,,,,,
,MAR,10000928,Morocco,,,,,,,,,,,,,,
,MCO,10000924,Monaco,,,,,,,,,,,,,,
,MDA,10000923,Moldova,,,,,,,,,,,,,,
,MDG,10000910,Madagascar,,,,,,,,,,,,,,
,MDV,10000913,Maldives,,,,,,,,,,,,,,
,MEX,10000921,Mexico,,,,,,,,,,,,,,
,MHL,10000916,Marshall Islands,,,,,,,,,,,,,,
,MKD,10000909,Macedonia,,,,,,,,,,,,,,
,MLI,10000914,Mali,,,,,,,,,,,,,,
,MLT,10000915,Malta,,,,,,,,,,,,,,
,MMR,10000930,Myanmar,,,,,,,,,,,,,,
,MNE,10000926,Montenegro,,,,,,,,,,,,,,
,MNG,10000925,Mongolia,,,,,,,,,,,,,,
,MNP,10000944,Northern Mariana Islands,,,,,,,,,,,,,,
,MOZ,10000929,Mozambique,,,,,,,,,,,,,,
,MRT,10000918,Mauritania,,,,,,,,,,,,,,
,MSR,10000927,Montserrat,,,,,,,,,,,,,,
,MTQ,10000917,Martinique,,,,,,,,,,,,,,
,MUS,10000919,Mauritius,,,,,,,,,,,,,,
,MWI,10000911,Malawi,,,,,,,,,,,,,,
,MYS,10000912,Malaysia,,,,,,,,,,,,,,
,MYT,10000920,Mayotte,,,,,,,,,,,,,,
,NAM,10000931,Namibia,,,,,,,,,,,,,,
,NCL,10000935,New Caledonia,,,,,,,,,,,,,,
,NER,10000938,Niger,,,,,,,,,,,,,,
,NFK,10000941,Norfolk Island,,,,,,,,,,,,,,
,NGA,10000939,Nigeria,,,,,,,,,,,,,,
,NIC,10000937,Nicaragua,,,,,,,,,,,,,,
,NLD,10000934,Netherlands,,,,,,,,,,,,,,
,NPL,10000933,Nepal,,,,,,,,,,,,,,
,NRU,10000932,Nauru,,,,,,,,,,,,,,
,NZL,10000936,New Zealand,,,,,,,,,,,,,,
,OMN,10000946,Oman,,,,,,,,,,,,,,
,PAK,10000947,Pakistan,,,,,,,,,,,,,,
,PAN,10000950,Panama,,,,,,,,,,,,,,
,PER,10000954,Peru,,,,,,,,,,,,,,
,PHL,10000955,Philippines,,,,,,,,,,,,,,
,PIS,10000952,Paracel Islands,,,,,,,,,,,,,,
,PLW,10000948,Palau,,,,,,,,,,,,,,
,PNG,10000951,Papua New Guinea,,,,,,,,,,,,,,
,POL,10000957,Poland,,,,,,,,,,,,,,
,PRI,10000959,Puerto Rico,,,,,,,,,,,,,,
,PRK,10000942,North Korea,,,,,,,,,,,,,,
,PRT,10000958,Portugal,,,,,,,,,,,,,,
,PRY,10000953,Paraguay,,,,,,,,,,,,,,
,PSE,10000949,Palestinian Territories,,,,,,,,,,,,,,
,QAT,10000960,Qatar,,,,,,,,,,,,,,
,REU,10000962,Réunion,,,,,,,,,,,,,,
,ROU,10000963,Romania,,,,,,,,,,,,,,
,RUS,10000964,Russia,,,,,,,,,,,,,,
,RWA,10000965,Rwanda,,,,,,,,,,,,,,
,SAU,10000976,Saudi Arabia,,,,,,,,,,,,,,
,SDN,10000994,Sudan,,,,,,,,,,,,,,
,SEN,10000977,Senegal,,,,,,,,,,,,,,
,SGP,10000981,Singapore,,,,,,,,,,,,,,
,SGS,10000988,South Georgia and the South Sandwich Islands,,,,,,,,,,,,,,
,SHN,10000968,Saint Helena,,,,,,,,,,,,,,
,SLB,10000985,Solomon Islands,,,,,,,,,,,,,,
,SLE,10000980,Sierra Leone,,,,,,,,,,,,,,
,SLV,10000846,El Salvador,,,,,,,,,,,,,,
,SMR,10000974,San Marino,,,,,,,,,,,,,,
,SOM,10000986,Somalia,,,,,,,,,,,,,,
,SP-,10000992,Spratly Islands,,,,,,,,,,,,,,
,SPM,10000971,Saint Pierre et Miquelon,,,,,,,,,,,,,,
,SRB,10000978,Serbia,,,,,,,,,,,,,,
,SSD,10000990,South Sudan,,,,,,,,,,,,,,
,STP,10000975,Sao Tome And Principe,,,,,,,,,,,,,,
,SUR,10000995,Suriname,,,,,,,,,,,,,,
,SVK,10000983,Slovakia,,,,,,,,,,,,,,
,SVN,10000984,Slovenia,,,,,,,,,,,,,,
,SWZ,10000997,Swaziland,,,,,,,,,,,,,,
,SYC,10000979,Seychelles,,,,,,,,,,,,,,
,SYR,10001000,Syria,,,,,,,,,,,,,,
,TCA,10001013,Turks and Caicos islands,,,,,,,,,,,,,,
,TCD,10000823,Chad,,,,,,,,,,,,,,
,TGO,10001006,Togo,,,,,,,,,,,,,,
,THA,10001004,Thailand,,,,,,,,,,,,,,
,TJK,10001002,Tajikistan,,,,,,,,,,,,,,
,TKM,10001012,Turkmenistan,,,,,,,,,,,,,,
,TLS,10001005,Timor-Leste,,,,,,,,,,,,,,
,TTO,10001009,Trinidad and Tobago,,,,,,,,,,,,,,
,TUN,10001010,Tunisia,,,,,,,,,,,,,,
,TUR,10001011,Turkey,,,,,,,,,,,,,,
,TZA,10001003,Tanzania,,,,,,,,,,,,,,
,UGA,10001015,Uganda,,,,,,,,,,,,,,
,UKR,10001016,Ukraine,,,,,,,,,,,,,,
,UMI,10001019,United States Minor Outlying Islands,,,,,,,,,,,,,,
,URY,10001021,Uruguay,,,,,,,,,,,,,,
,USA,10001020,United States of America,,,,,,,,,,,,,,
,UZB,10001022,Uzbekistan,,,,,,,,,,,,,,
,VAT,10001024,Vatican City,,,,,,,,,,,,,,
,VCT,10000972,Saint Vincent and the Grenadines,,,,,,,,,,,,,,
,VEN,10001025,Venezuela,,,,,,,,,,,,,,
,VGB,10000811,British Virgin Islands,,,,,,,,,,,,,,
,VIR,10001027,United States Virgin Islands,,,,,,,,,,,,,,
,VNM,10001026,Vietnam,,,,,,,,,,,,,,
,VUT,10001023,Vanuatu,,,,,,,,,,,,,,
,XAD,10000778,Dhekelia and Akrotiri SBA,,,,,,,,,,,,,,
,XCL,10000827,Clipperton Island,,,,,,,,,,,,,,
,XXX,604492668,Scarborough Reef,,,,,,,,,,,,,,
,YEM,10001030,Yemen,,,,,,,,,,,,,,
,ZAF,10000987,South Africa,,,,,,,,,,,,,,
,ZMB,10001031,Zambia,,,,,,,,,,,,,,
,ZWE,10001032,Zimbabwe,,,,,,,,,,,,,,
