﻿Variable:,ISO3,ADM0_Code,ADM0_Name,ADM1_Code,ADM1_Name,ADM_Level,year,age_group_id,age_group_name,sex_id,sex,measure_id,measure,metric_id,metric,mean,lower,upper,pop
Label:,ISO3 Code,Admin 0 Code,Admin 0 Name,Admin 1 Code,Admin 1 Name,Admin Level,Year,Age Group ID,Age Group Name,Sex ID,Sex,Measure ID,Measure,Metric ID,Metric,Mean,95% Credible Interval (Lower Bound),95% Credible Interval (Upper Bound),Population
Variable code:,AFG,10000777,Afghanistan,10316303,Badakhshan,0,2000,0_to_4,0 to 4 years,3,Both,1,Deaths,3,Rate,,,,
,AGO,10000784,Angola,10313664,Badghis,1,2001,2_to_10,2 to 10 years,,,5,Prevalence,,,,,,
,ARG,10000788,Argentina,10315985,Baghlan,2,2002,5_to_14,5 to 14 years,,,6,Incidence,,,,,,
,ARM,10000789,Armenia,10313775,Balkh,,2003,15+,15 plus,,,,,,,,,,
,ATF,10000858,French Southern and Antarctic Territories,10313718,Bamyan,,2004,All_Ages,0 to 99 years,,,,,,,,,,
,AZE,10000793,Azerbaijan,10312910,Daykundi,,2005,,,,,,,,,,,,
,BDI,10000815,Burundi,10312903,Farah,,2006,,,,,,,,,,,,
,BEN,10000801,Benin,10314871,Faryab,,2007,,,,,,,,,,,,
,BFA,10000814,Burkina Faso,10314437,Ghazni,,2008,,,,,,,,,,,,
,BGD,10000796,Bangladesh,10314021,Ghor,,2009,,,,,,,,,,,,
,BLZ,10000800,Belize,10314432,Hilmand,,2010,,,,,,,,,,,,
,BOL,10000804,Bolivia,10313764,Hirat,,2011,,,,,,,,,,,,
,BRA,10000809,Brazil,10313066,Jawzjan,,2012,,,,,,,,,,,,
,BTN,10000803,Bhutan,10313795,Kabul,,2013,,,,,,,,,,,,
,BWA,10000807,Botswana,10313034,Kandahar,,2014,,,,,,,,,,,,
,CAF,10000822,Central African Republic,10314617,Kapisa,,2015,,,,,,,,,,,,
,CHN,10000825,China,10315749,Khost,,2016,,,,,,,,,,,,
,CIV,10000833,Côte d'Ivoire,10313948,Kunar,,2017,,,,,,,,,,,,
,CMR,10000817,Cameroon,10316255,Kunduz,,2018,,,,,,,,,,,,
,COD,10000839,Democratic Republic of the Congo,10313012,Laghman,,2019,,,,,,,,,,,,
,COG,10000961,Congo,10314655,Logar,,,,,,,,,,,,,,
,COL,10000829,Colombia,10313700,Nangarhar,,,,,,,,,,,,,,
,COM,10000830,Comoros,10313075,Nimroz,,,,,,,,,,,,,,
,CPV,10000819,Cape Verde,10313016,Nuristan,,,,,,,,,,,,,,
,CRI,10000832,Costa Rica,10314510,Paktika,,,,,,,,,,,,,,
,DJI,10000841,Djibouti,10313624,Paktya,,,,,,,,,,,,,,
,DOM,10000842,Dominican Republic,10314839,Panjsher,,,,,,,,,,,,,,
,DZA,10000781,Algeria,10313482,Parwan,,,,,,,,,,,,,,
,ECU,10000844,Ecuador,10315627,Samangan,,,,,,,,,,,,,,
,ERI,10000848,Eritrea,10313131,Sar-e-Pul,,,,,,,,,,,,,,
,ETH,10000850,Ethiopia,10315009,Takhar,,,,,,,,,,,,,,
,GAB,10000859,Gabon,10314470,Uruzgan,,,,,,,,,,,,,,
,GEO,10000861,Georgia,10316393,Wardak,,,,,,,,,,,,,,
,GHA,10000863,Ghana,10314066,Zabul,,,,,,,,,,,,,,
,GIN,10000873,Guinea,10315785,Bengo,,,,,,,,,,,,,,
,GMB,10000860,Gambia,10312941,Benguela,,,,,,,,,,,,,,
,GNB,10000872,Guinea-Bissau,10312934,Bie,,,,,,,,,,,,,,
,GNQ,10000847,Equatorial Guinea,10313678,Cabinda,,,,,,,,,,,,,,
,GTM,10000870,Guatemala,10314219,Cuando Cubango,,,,,,,,,,,,,,
,GUF,10000856,French Guiana,10315857,Cuanza Norte,,,,,,,,,,,,,,
,GUY,10000874,Guyana,10314162,Cuanza Sul,,,,,,,,,,,,,,
,HND,10000877,Honduras,10316377,Cunene,,,,,,,,,,,,,,
,HTI,10000875,Haiti,10313862,Huambo,,,,,,,,,,,,,,
,IDN,10000882,Indonesia,10314789,Huila,,,,,,,,,,,,,,
,IND,10000881,India,10314049,Luanda,,,,,,,,,,,,,,
,IRN,10000883,Iran,10313200,Lunda Norte,,,,,,,,,,,,,,
,IRQ,10000884,Iraq,10315276,Lunda Sul,,,,,,,,,,,,,,
,KEN,10000894,Kenya,10314519,Malanje,,,,,,,,,,,,,,
,KGZ,10000898,Kyrgyzstan,10313324,Moxico,,,,,,,,,,,,,,
,KHM,10000816,Cambodia,10313695,Namibe,,,,,,,,,,,,,,
,KOR,10000989,South Korea,10314167,Uige,,,,,,,,,,,,,,
,LAO,10000899,Laos,10313102,Zaire,,,,,,,,,,,,,,
,LBR,10000903,Liberia,10315456,Buenos Aires,,,,,,,,,,,,,,
,LKA,10000993,Sri Lanka,10312919,Catamarca,,,,,,,,,,,,,,
,MAR,10000928,Morocco,10313333,Chaco,,,,,,,,,,,,,,
,MDG,10000910,Madagascar,10314598,Chubut,,,,,,,,,,,,,,
,MEX,10000921,Mexico,10315500,Ciudad Autonoma De Buenos Aires,,,,,,,,,,,,,,
,MLI,10000914,Mali,10312963,Cordoba,,,,,,,,,,,,,,
,MMR,10000930,Myanmar,10315493,Corrientes,,,,,,,,,,,,,,
,MOZ,10000929,Mozambique,10313049,Entre Rios,,,,,,,,,,,,,,
,MRT,10000918,Mauritania,10313099,Formosa,,,,,,,,,,,,,,
,MWI,10000911,Malawi,10313497,Jujuy,,,,,,,,,,,,,,
,MYS,10000912,Malaysia,10314715,La Pampa,,,,,,,,,,,,,,
,MYT,10000920,Mayotte,10316357,La Rioja,,,,,,,,,,,,,,
,NAM,10000931,Namibia,10316312,Mendoza,,,,,,,,,,,,,,
,NER,10000938,Niger,10315166,Misiones,,,,,,,,,,,,,,
,NGA,10000939,Nigeria,10314081,Neuquen,,,,,,,,,,,,,,
,NIC,10000937,Nicaragua,10314285,Rio Negro,,,,,,,,,,,,,,
,NPL,10000933,Nepal,10314500,Salta,,,,,,,,,,,,,,
,OMN,10000946,Oman,10313660,San Juan,,,,,,,,,,,,,,
,PAK,10000947,Pakistan,10313280,San Luis,,,,,,,,,,,,,,
,PAN,10000950,Panama,10313585,Santa Cruz,,,,,,,,,,,,,,
,PER,10000954,Peru,10313462,Santa Fe,,,,,,,,,,,,,,
,PHL,10000955,Philippines,10313625,Santiago Del Estero,,,,,,,,,,,,,,
,PNG,10000951,Papua New Guinea,10312970,Tierra Del Fuego,,,,,,,,,,,,,,
,PRK,10000942,North Korea,10313100,Tucuman,,,,,,,,,,,,,,
,PRY,10000953,Paraguay,10314556,Aragatsotn,,,,,,,,,,,,,,
,PSE,10000949,Palestinian Territories,10315685,Ararat,,,,,,,,,,,,,,
,RWA,10000965,Rwanda,10313890,Armavir,,,,,,,,,,,,,,
,SAU,10000976,Saudi Arabia,10313739,Gergharkunik,,,,,,,,,,,,,,
,SDN,10000994,Sudan,10316404,Kotayk,,,,,,,,,,,,,,
,SEN,10000977,Senegal,10313747,Lori,,,,,,,,,,,,,,
,SLB,10000985,Solomon Islands,10315038,Shirak,,,,,,,,,,,,,,
,SLE,10000980,Sierra Leone,10316084,Syunik,,,,,,,,,,,,,,
,SLV,10000846,El Salvador,10314165,Tavush,,,,,,,,,,,,,,
,SOM,10000986,Somalia,10313437,Vayots Dzor,,,,,,,,,,,,,,
,SSD,10000990,South Sudan,10314237,Yerevan,,,,,,,,,,,,,,
,STP,10000975,Sao Tome And Principe,10312906,Crozet Islands,,,,,,,,,,,,,,
,SUR,10000995,Suriname,10316389,Kerguelen,,,,,,,,,,,,,,
,SWZ,10000997,Swaziland,10313632,Scattered Islands,,,,,,,,,,,,,,
,SYR,10001000,Syria,10313490,St Paul and Amsterdam Islands,,,,,,,,,,,,,,
,TCD,10000823,Chad,10315649,Absheron,,,,,,,,,,,,,,
,TGO,10001006,Togo,10313815,Aran,,,,,,,,,,,,,,
,THA,10001004,Thailand,10312957,Daglig-Shirvan,,,,,,,,,,,,,,
,TJK,10001002,Tajikistan,10313540,Ganja-Qazakh,,,,,,,,,,,,,,
,TKM,10001012,Turkmenistan,10314257,Kalbajar-Lachin,,,,,,,,,,,,,,
,TLS,10001005,Timor-Leste,10315884,Lankaran,,,,,,,,,,,,,,
,TUR,10001011,Turkey,10315128,Nakhchivan,,,,,,,,,,,,,,
,TZA,10001003,Tanzania,10315968,Quba-Khachmaz,,,,,,,,,,,,,,
,UGA,10001015,Uganda,10315235,Shaki-Zaqatala,,,,,,,,,,,,,,
,UMI,10001019,United States Minor Outlying Islands,10314226,Yukhari-Karabakh,,,,,,,,,,,,,,
,UZB,10001022,Uzbekistan,10313228,Bubanza,,,,,,,,,,,,,,
,VEN,10001025,Venezuela,10314149,Bujumbura Mairie,,,,,,,,,,,,,,
,VNM,10001026,Vietnam,10315892,Bujumbura Rural,,,,,,,,,,,,,,
,VUT,10001023,Vanuatu,10316131,Bururi,,,,,,,,,,,,,,
,YEM,10001030,Yemen,10314159,Cankuzo,,,,,,,,,,,,,,
,ZAF,10000987,South Africa,10316028,Cibitoke,,,,,,,,,,,,,,
,ZMB,10001031,Zambia,10315333,Gitega,,,,,,,,,,,,,,
,ZWE,10001032,Zimbabwe,10315401,Karuzi,,,,,,,,,,,,,,
,,,,10314399,Kayanza,,,,,,,,,,,,,,
,,,,10315700,Kirundo,,,,,,,,,,,,,,
,,,,604100828,Lake Tanganyika,,,,,,,,,,,,,,
,,,,10314593,Makamba,,,,,,,,,,,,,,
,,,,10314642,Muramvya,,,,,,,,,,,,,,
,,,,10313972,Muyinga,,,,,,,,,,,,,,
,,,,10313210,Mwaro,,,,,,,,,,,,,,
,,,,10316098,Ngozi,,,,,,,,,,,,,,
,,,,604492674,Rumonge,,,,,,,,,,,,,,
,,,,10313213,Rutana,,,,,,,,,,,,,,
,,,,10313868,Ruyigi,,,,,,,,,,,,,,
,,,,10315835,Alibori,,,,,,,,,,,,,,
,,,,10315483,Atakora,,,,,,,,,,,,,,
,,,,10315599,Atlantique,,,,,,,,,,,,,,
,,,,10313908,Borgou,,,,,,,,,,,,,,
,,,,10312923,Collines,,,,,,,,,,,,,,
,,,,10314689,Couffo,,,,,,,,,,,,,,
,,,,10316078,Donga,,,,,,,,,,,,,,
,,,,10314009,Littoral,,,,,,,,,,,,,,
,,,,10315943,Mono,,,,,,,,,,,,,,
,,,,10316382,Oueme,,,,,,,,,,,,,,
,,,,10313578,Plateau,,,,,,,,,,,,,,
,,,,10315228,Zou,,,,,,,,,,,,,,
,,,,10315529,Boucle du Mouhoun,,,,,,,,,,,,,,
,,,,10313590,Cascades,,,,,,,,,,,,,,
,,,,10313557,Centre,,,,,,,,,,,,,,
,,,,10313567,Centre-Est,,,,,,,,,,,,,,
,,,,10313558,Centre-Nord,,,,,,,,,,,,,,
,,,,10312946,Centre-Ouest,,,,,,,,,,,,,,
,,,,10315008,Centre-Sud,,,,,,,,,,,,,,
,,,,10313743,Est,,,,,,,,,,,,,,
,,,,10315770,Haut-Bassins,,,,,,,,,,,,,,
,,,,10313839,Nord,,,,,,,,,,,,,,
,,,,10313584,Plateau-Central,,,,,,,,,,,,,,
,,,,10313146,Sahel,,,,,,,,,,,,,,
,,,,10312978,Sud-Ouest,,,,,,,,,,,,,,
,,,,10316106,Barisal,,,,,,,,,,,,,,
,,,,10314097,Chittagong,,,,,,,,,,,,,,
,,,,10313421,Dhaka,,,,,,,,,,,,,,
,,,,10314416,Khulna,,,,,,,,,,,,,,
,,,,604100830,Mymensingh,,,,,,,,,,,,,,
,,,,10316088,Rajshahi,,,,,,,,,,,,,,
,,,,10314406,Rangpur,,,,,,,,,,,,,,
,,,,10315307,Sylhet,,,,,,,,,,,,,,
,,,,10313266,Belize,,,,,,,,,,,,,,
,,,,10313867,Cayo,,,,,,,,,,,,,,
,,,,10313586,Corozal,,,,,,,,,,,,,,
,,,,10315173,Orange Walk,,,,,,,,,,,,,,
,,,,10313991,Stann Creek,,,,,,,,,,,,,,
,,,,10315383,Toledo,,,,,,,,,,,,,,
,,,,10313527,Beni,,,,,,,,,,,,,,
,,,,10315583,Chuquisaca,,,,,,,,,,,,,,
,,,,10313364,Cochabamba,,,,,,,,,,,,,,
,,,,10315455,La Paz,,,,,,,,,,,,,,
,,,,604100797,Lake Poopo,,,,,,,,,,,,,,
,,,,604100831,Lake Titicaca,,,,,,,,,,,,,,
,,,,10313523,Oruro,,,,,,,,,,,,,,
,,,,10314796,Pando,,,,,,,,,,,,,,
,,,,10313171,Potosi,,,,,,,,,,,,,,
,,,,604100799,Salar Coipasa,,,,,,,,,,,,,,
,,,,604100798,Salar Uyuni,,,,,,,,,,,,,,
,,,,10313365,Santa Cruz,,,,,,,,,,,,,,
,,,,10314512,Tarija,,,,,,,,,,,,,,
,,,,604100832,Uru Uru Lake,,,,,,,,,,,,,,
,,,,10316009,Acre,,,,,,,,,,,,,,
,,,,10314795,Alagoas,,,,,,,,,,,,,,
,,,,10314039,Amapa,,,,,,,,,,,,,,
,,,,10316081,Amazonas,,,,,,,,,,,,,,
,,,,10315760,Bahia,,,,,,,,,,,,,,
,,,,10313993,Ceara,,,,,,,,,,,,,,
,,,,10315622,Distrito Federal,,,,,,,,,,,,,,
,,,,10315222,Espirito Santo,,,,,,,,,,,,,,
,,,,10315144,Goias,,,,,,,,,,,,,,
,,,,10315232,Maranhao,,,,,,,,,,,,,,
,,,,10315514,Mato Grosso,,,,,,,,,,,,,,
,,,,10315374,Mato Grosso do Sul,,,,,,,,,,,,,,
,,,,10314948,Minas Gerais,,,,,,,,,,,,,,
,,,,10314188,Para,,,,,,,,,,,,,,
,,,,10313001,Paraiba,,,,,,,,,,,,,,
,,,,10315937,Parana,,,,,,,,,,,,,,
,,,,10316052,Pernambuco,,,,,,,,,,,,,,
,,,,10315901,Piaui,,,,,,,,,,,,,,
,,,,10316219,Rio de Janeiro,,,,,,,,,,,,,,
,,,,10313393,Rio Grande do Norte,,,,,,,,,,,,,,
,,,,10316156,Rio Grande do Sul,,,,,,,,,,,,,,
,,,,10314125,Rondonia,,,,,,,,,,,,,,
,,,,10313542,Roraima,,,,,,,,,,,,,,
,,,,10315023,Santa Catarina,,,,,,,,,,,,,,
,,,,10313787,Sao Paulo,,,,,,,,,,,,,,
,,,,10313290,Sergipe,,,,,,,,,,,,,,
,,,,10313738,Tocantins,,,,,,,,,,,,,,
,,,,10313909,Bumthang,,,,,,,,,,,,,,
,,,,10315238,Chhukha,,,,,,,,,,,,,,
,,,,10315065,Dagana,,,,,,,,,,,,,,
,,,,10313866,Gasa,,,,,,,,,,,,,,
,,,,10314316,Haa,,,,,,,,,,,,,,
,,,,10315869,Lhuentse,,,,,,,,,,,,,,
,,,,10315952,Monggar,,,,,,,,,,,,,,
,,,,10313436,Paro,,,,,,,,,,,,,,
,,,,10313858,Pemagatshel,,,,,,,,,,,,,,
,,,,10315805,Punakha,,,,,,,,,,,,,,
,,,,10314224,Samdrupjongkhar,,,,,,,,,,,,,,
,,,,10316077,Samtse,,,,,,,,,,,,,,
,,,,10315047,Sarpang,,,,,,,,,,,,,,
,,,,10316091,Thimphu,,,,,,,,,,,,,,
,,,,10314862,Trashigang,,,,,,,,,,,,,,
,,,,10313711,Trashiyangtse,,,,,,,,,,,,,,
,,,,10314035,Trongsa,,,,,,,,,,,,,,
,,,,10313204,Tsirang,,,,,,,,,,,,,,
,,,,10316063,Wangduephodrang,,,,,,,,,,,,,,
,,,,10313120,Zhemgang,,,,,,,,,,,,,,
,,,,10314970,Central,,,,,,,,,,,,,,
,,,,10316008,Chobe,,,,,,,,,,,,,,
,,,,10313299,Francistown,,,,,,,,,,,,,,
,,,,10315496,Gaborone,,,,,,,,,,,,,,
,,,,10315081,Ghanzi,,,,,,,,,,,,,,
,,,,10314131,Jwaneng,,,,,,,,,,,,,,
,,,,10313082,Kgalagadi,,,,,,,,,,,,,,
,,,,10316208,Kgatleng,,,,,,,,,,,,,,
,,,,10313749,Kweneng,,,,,,,,,,,,,,
,,,,10316394,Lobatse,,,,,,,,,,,,,,
,,,,10315541,North-East,,,,,,,,,,,,,,
,,,,10314588,North-West,,,,,,,,,,,,,,
,,,,10313322,Selibe Phikwe,,,,,,,,,,,,,,
,,,,10313611,South-East,,,,,,,,,,,,,,
,,,,10314446,Southern,,,,,,,,,,,,,,
,,,,10316384,Sowa,,,,,,,,,,,,,,
,,,,10313901,Bamingui-Bangoran,,,,,,,,,,,,,,
,,,,10315067,Bangui,,,,,,,,,,,,,,
,,,,10314955,Basse-Kotto,,,,,,,,,,,,,,
,,,,10313244,Haut-Mbomou,,,,,,,,,,,,,,
,,,,10315680,Haute-Kotto,,,,,,,,,,,,,,
,,,,10314722,Kemo,,,,,,,,,,,,,,
,,,,10314051,Lobaye,,,,,,,,,,,,,,
,,,,10314279,Mambere-Kadei,,,,,,,,,,,,,,
,,,,10313219,Mbomou,,,,,,,,,,,,,,
,,,,10316170,Nana-Gribizi,,,,,,,,,,,,,,
,,,,10315560,Nana-Mambere,,,,,,,,,,,,,,
,,,,10313441,Ombella M'Poko,,,,,,,,,,,,,,
,,,,10313758,Ouaka,,,,,,,,,,,,,,
,,,,10314686,Ouham,,,,,,,,,,,,,,
,,,,10313359,Ouham Pende,,,,,,,,,,,,,,
,,,,10312914,Sangha-Mbaere,,,,,,,,,,,,,,
,,,,10313418,Vakaga,,,,,,,,,,,,,,
,,,,604100816,Aksai Chin,,,,,,,,,,,,,,
,,,,10314505,Anhui Sheng,,,,,,,,,,,,,,
,,,,10313565,Beijing Shi,,,,,,,,,,,,,,
,,,,10315596,Chongqing Shi,,,,,,,,,,,,,,
,,,,10316298,Fujian Sheng,,,,,,,,,,,,,,
,,,,10314242,Gansu Sheng,,,,,,,,,,,,,,
,,,,10316274,Guangdong Sheng,,,,,,,,,,,,,,
,,,,10315804,Guangxi Zhuangzu Zizhiqu,,,,,,,,,,,,,,
,,,,10315312,Guizhou Sheng,,,,,,,,,,,,,,
,,,,10316332,Hainan Sheng,,,,,,,,,,,,,,
,,,,10315321,Hebei Sheng,,,,,,,,,,,,,,
,,,,10313238,Heilongjiang Sheng,,,,,,,,,,,,,,
,,,,10314335,Henan Sheng,,,,,,,,,,,,,,
,,,,10313225,Hubei Sheng,,,,,,,,,,,,,,
,,,,10313117,Hunan Sheng,,,,,,,,,,,,,,
,,,,10316173,Jiangsu Sheng,,,,,,,,,,,,,,
,,,,10315300,Jiangxi Sheng,,,,,,,,,,,,,,
,,,,10315711,Jilin Sheng,,,,,,,,,,,,,,
,,,,10314526,Liaoning Sheng,,,,,,,,,,,,,,
,,,,10313914,Neimenggu Zizhiqu,,,,,,,,,,,,,,
,,,,10313871,Ningxia Huizu Zizhiqu,,,,,,,,,,,,,,
,,,,10315910,Qinghai Sheng,,,,,,,,,,,,,,
,,,,10313094,Shaanxi Sheng,,,,,,,,,,,,,,
,,,,10314958,Shandong Sheng,,,,,,,,,,,,,,
,,,,10316050,Shanghai Shi,,,,,,,,,,,,,,
,,,,10313635,Shanxi Sheng,,,,,,,,,,,,,,
,,,,10315116,Sichuan Sheng,,,,,,,,,,,,,,
,,,,10001001,Taiwan Sheng,,,,,,,,,,,,,,
,,,,10313666,Tianjing Shi,,,,,,,,,,,,,,
,,,,10316279,Xinjiang Uygur Zizhiqu,,,,,,,,,,,,,,
,,,,10315028,Xizang Zizhiqu,,,,,,,,,,,,,,
,,,,10314639,Yunnan Sheng,,,,,,,,,,,,,,
,,,,10315518,Zhejiang Sheng,,,,,,,,,,,,,,
,,,,10316181,Abidjan,,,,,,,,,,,,,,
,,,,10313698,Bas-Sassandra,,,,,,,,,,,,,,
,,,,10314932,Comoe,,,,,,,,,,,,,,
,,,,10314504,Denguele,,,,,,,,,,,,,,
,,,,10314814,Goh-Djiboua,,,,,,,,,,,,,,
,,,,10315209,Lacs,,,,,,,,,,,,,,
,,,,10315887,Lagunes,,,,,,,,,,,,,,
,,,,10314302,Montagnes,,,,,,,,,,,,,,
,,,,10316005,Sassandra-Marahoue,,,,,,,,,,,,,,
,,,,10315042,Savanes,,,,,,,,,,,,,,
,,,,10315472,Vallee du Bandama,,,,,,,,,,,,,,
,,,,10314018,Woroba,,,,,,,,,,,,,,
,,,,10314379,Yamoussoukro,,,,,,,,,,,,,,
,,,,10316245,Zanzan,,,,,,,,,,,,,,
,,,,10315885,Adamaoua,,,,,,,,,,,,,,
,,,,10315127,Centre,,,,,,,,,,,,,,
,,,,10314487,Est,,,,,,,,,,,,,,
,,,,10316034,Extreme Nord,,,,,,,,,,,,,,
,,,,10316217,Littoral,,,,,,,,,,,,,,
,,,,10314668,Nord,,,,,,,,,,,,,,
,,,,10313797,North West,,,,,,,,,,,,,,
,,,,10315446,Ouest,,,,,,,,,,,,,,
,,,,10316304,South West,,,,,,,,,,,,,,
,,,,10315130,Sud,,,,,,,,,,,,,,
,,,,10015079,Bas-Uele,,,,,,,,,,,,,,
,,,,10314890,Equateur,,,,,,,,,,,,,,
,,,,604100800,Haut-Katanga,,,,,,,,,,,,,,
,,,,10015068,Haut-Lomami,,,,,,,,,,,,,,
,,,,10015080,Haut-Uele,,,,,,,,,,,,,,
,,,,10015081,Ituri,,,,,,,,,,,,,,
,,,,10015062,Kasai,,,,,,,,,,,,,,
,,,,604100802,Kasai Central,,,,,,,,,,,,,,
,,,,10313185,Kasai Oriental,,,,,,,,,,,,,,
,,,,10316392,Kinshasa,,,,,,,,,,,,,,
,,,,10314703,Kongo Central,,,,,,,,,,,,,,
,,,,10015053,Kwango,,,,,,,,,,,,,,
,,,,10015054,Kwilu,,,,,,,,,,,,,,
,,,,604100801,Lomami,,,,,,,,,,,,,,
,,,,10015071,Lualaba,,,,,,,,,,,,,,
,,,,10015055,Mai-Ndombe,,,,,,,,,,,,,,
,,,,10015076,Maniema,,,,,,,,,,,,,,
,,,,10015048,Mongala,,,,,,,,,,,,,,
,,,,10015077,Nord-Kivu,,,,,,,,,,,,,,
,,,,10015049,Nord-Ubangi,,,,,,,,,,,,,,
,,,,10015066,Sankuru,,,,,,,,,,,,,,
,,,,10015078,Sud-Kivu,,,,,,,,,,,,,,
,,,,10015050,Sud-Ubangi,,,,,,,,,,,,,,
,,,,10015073,Tanganyka,,,,,,,,,,,,,,
,,,,10015083,Tshopo,,,,,,,,,,,,,,
,,,,10015051,Tshuapa,,,,,,,,,,,,,,
,,,,10313241,Bouenza,,,,,,,,,,,,,,
,,,,10312917,Brazzaville,,,,,,,,,,,,,,
,,,,10312940,Cuvette,,,,,,,,,,,,,,
,,,,10316044,Cuvette-Ouest,,,,,,,,,,,,,,
,,,,10313651,Kouilou,,,,,,,,,,,,,,
,,,,10312955,Lekoumou,,,,,,,,,,,,,,
,,,,10316373,Likouala,,,,,,,,,,,,,,
,,,,10315824,Niari,,,,,,,,,,,,,,
,,,,10315693,Plateaux,,,,,,,,,,,,,,
,,,,10314451,Point-Noire,,,,,,,,,,,,,,
,,,,10315656,Pool,,,,,,,,,,,,,,
,,,,10312872,Sangha,,,,,,,,,,,,,,
,,,,10312924,Amazonas,,,,,,,,,,,,,,
,,,,10313254,Antioquia,,,,,,,,,,,,,,
,,,,10314606,Arauca,,,,,,,,,,,,,,
,,,,10316408,"Archipielago De San Andres, Providencia Y Santa Catalina",,,,,,,,,,,,,,
,,,,10314925,Atlantico,,,,,,,,,,,,,,
,,,,10315902,Bolivar,,,,,,,,,,,,,,
,,,,10315082,Boyaca,,,,,,,,,,,,,,
,,,,10312942,Caldas,,,,,,,,,,,,,,
,,,,10314265,Caqueta,,,,,,,,,,,,,,
,,,,10314310,Casanare,,,,,,,,,,,,,,
,,,,10314693,Cauca,,,,,,,,,,,,,,
,,,,10314036,Cesar,,,,,,,,,,,,,,
,,,,10315845,Choco,,,,,,,,,,,,,,
,,,,10314008,Cordoba,,,,,,,,,,,,,,
,,,,10314898,Cundinamarca,,,,,,,,,,,,,,
,,,,10313002,Guainia,,,,,,,,,,,,,,
,,,,10314286,Guaviare,,,,,,,,,,,,,,
,,,,10314136,Huila,,,,,,,,,,,,,,
,,,,10315718,La Guajira,,,,,,,,,,,,,,
,,,,10312999,Magdalena,,,,,,,,,,,,,,
,,,,10313428,Meta,,,,,,,,,,,,,,
,,,,10313564,Narino,,,,,,,,,,,,,,
,,,,10313353,Norte De Santander,,,,,,,,,,,,,,
,,,,10314428,Putumayo,,,,,,,,,,,,,,
,,,,10314732,Quindio,,,,,,,,,,,,,,
,,,,10316171,Risaralda,,,,,,,,,,,,,,
,,,,10313915,Santander,,,,,,,,,,,,,,
,,,,604100803,Sata Fe De Bogota D.c.,,,,,,,,,,,,,,
,,,,10315635,Sucre,,,,,,,,,,,,,,
,,,,10313704,Tolima,,,,,,,,,,,,,,
,,,,10316110,Valle Del Cauca,,,,,,,,,,,,,,
,,,,10313855,Vaupes,,,,,,,,,,,,,,
,,,,10316026,Vichada,,,,,,,,,,,,,,
,,,,10315278,Anjouan,,,,,,,,,,,,,,
,,,,10313452,Moheli,,,,,,,,,,,,,,
,,,,10315233,Ngazidja,,,,,,,,,,,,,,
,,,,10316015,Boa Vista,,,,,,,,,,,,,,
,,,,10316070,Brava,,,,,,,,,,,,,,
,,,,10315552,Maio,,,,,,,,,,,,,,
,,,,10314208,Mosteiros,,,,,,,,,,,,,,
,,,,10314445,Paul,,,,,,,,,,,,,,
,,,,10313495,Porto Novo,,,,,,,,,,,,,,
,,,,10314841,Praia,,,,,,,,,,,,,,
,,,,10314570,Ribeira Brava,,,,,,,,,,,,,,
,,,,10313391,Ribeira Grande,,,,,,,,,,,,,,
,,,,10313820,Ribeira Grande de Santiago,,,,,,,,,,,,,,
,,,,10314311,Sal,,,,,,,,,,,,,,
,,,,10314069,Santa Catarina,,,,,,,,,,,,,,
,,,,10314853,Santa Catarina do Fogo,,,,,,,,,,,,,,
,,,,10315453,Santa Cruz,,,,,,,,,,,,,,
,,,,10314907,Sao Domingos,,,,,,,,,,,,,,
,,,,10315750,Sao Filipe,,,,,,,,,,,,,,
,,,,10314301,Sao Lourenco dos Orgaos,,,,,,,,,,,,,,
,,,,10313068,Sao Miguel,,,,,,,,,,,,,,
,,,,10316095,Sao Salvador do Mundo,,,,,,,,,,,,,,
,,,,10315216,Sao Vicente,,,,,,,,,,,,,,
,,,,10315743,Tarrafal,,,,,,,,,,,,,,
,,,,10314990,Tarrafal de Sao Nicolau,,,,,,,,,,,,,,
,,,,10316240,Alajuela,,,,,,,,,,,,,,
,,,,10315920,Cartago,,,,,,,,,,,,,,
,,,,10313498,Guanacaste,,,,,,,,,,,,,,
,,,,10316073,Heredia,,,,,,,,,,,,,,
,,,,10314879,Limon,,,,,,,,,,,,,,
,,,,10313691,Puntarenas,,,,,,,,,,,,,,
,,,,10314966,San Jose,,,,,,,,,,,,,,
,,,,10312953,Ali Sabieh,,,,,,,,,,,,,,
,,,,10313677,Dikhil,,,,,,,,,,,,,,
,,,,10313203,Djibouti,,,,,,,,,,,,,,
,,,,10315724,Obock,,,,,,,,,,,,,,
,,,,10314957,Tadjourah,,,,,,,,,,,,,,
,,,,604100806,Region Cibao Nordeste,,,,,,,,,,,,,,
,,,,604100807,Region Cibao Noroeste,,,,,,,,,,,,,,
,,,,604100804,Region Cibao Norte,,,,,,,,,,,,,,
,,,,604100805,Region Cibao Sur,,,,,,,,,,,,,,
,,,,604100810,Region El Valle,,,,,,,,,,,,,,
,,,,604100809,Region Enriquillo,,,,,,,,,,,,,,
,,,,604100812,Region Higuamo,,,,,,,,,,,,,,
,,,,604100813,Region Ozama O Metropolitana,,,,,,,,,,,,,,
,,,,604100808,Region Valdesia,,,,,,,,,,,,,,
,,,,604100811,Region Yuma,,,,,,,,,,,,,,
,,,,10314067,Adrar,,,,,,,,,,,,,,
,,,,10315049,Ain-Defla,,,,,,,,,,,,,,
,,,,10314959,Ain-Temouchent,,,,,,,,,,,,,,
,,,,10314420,Alger,,,,,,,,,,,,,,
,,,,10313196,Annaba,,,,,,,,,,,,,,
,,,,10312879,Batna,,,,,,,,,,,,,,
,,,,10314250,Bechar,,,,,,,,,,,,,,
,,,,10316311,Bejaia,,,,,,,,,,,,,,
,,,,10314580,Biskra,,,,,,,,,,,,,,
,,,,10313247,Blida,,,,,,,,,,,,,,
,,,,10313870,Bordj Bou Arrer,,,,,,,,,,,,,,
,,,,10314474,Bouira,,,,,,,,,,,,,,
,,,,10314072,Boumerdes,,,,,,,,,,,,,,
,,,,10314031,Chlef,,,,,,,,,,,,,,
,,,,10313145,Constantine,,,,,,,,,,,,,,
,,,,10315226,Djelfa,,,,,,,,,,,,,,
,,,,10314202,El-Tarf,,,,,,,,,,,,,,
,,,,10314623,El Bayadh,,,,,,,,,,,,,,
,,,,10315016,El Oued,,,,,,,,,,,,,,
,,,,10315143,Ghardaia,,,,,,,,,,,,,,
,,,,10315255,Guelma,,,,,,,,,,,,,,
,,,,10313239,Illizi,,,,,,,,,,,,,,
,,,,10315392,Jijel,,,,,,,,,,,,,,
,,,,10315522,Khenchela,,,,,,,,,,,,,,
,,,,10312865,Laghouat,,,,,,,,,,,,,,
,,,,10316067,M'Sila,,,,,,,,,,,,,,
,,,,10315726,Mascara,,,,,,,,,,,,,,
,,,,10315248,Medea,,,,,,,,,,,,,,
,,,,10314577,Mila,,,,,,,,,,,,,,
,,,,10313491,Mostaganem,,,,,,,,,,,,,,
,,,,10313507,Naama,,,,,,,,,,,,,,
,,,,10314351,Oran,,,,,,,,,,,,,,
,,,,10315734,Ouargla,,,,,,,,,,,,,,
,,,,10316275,Oum El Bouaghi,,,,,,,,,,,,,,
,,,,10314370,Relizane,,,,,,,,,,,,,,
,,,,10314421,Saida,,,,,,,,,,,,,,
,,,,10316324,Setif,,,,,,,,,,,,,,
,,,,10313064,Sidi Bel Abbes,,,,,,,,,,,,,,
,,,,10314574,Skikda,,,,,,,,,,,,,,
,,,,10316162,Souk-Ahras,,,,,,,,,,,,,,
,,,,10315678,Tamanrasset,,,,,,,,,,,,,,
,,,,10313671,Tebessa,,,,,,,,,,,,,,
,,,,10316185,Tiaret,,,,,,,,,,,,,,
,,,,10313629,Tindouf,,,,,,,,,,,,,,
,,,,10316204,Tipaza,,,,,,,,,,,,,,
,,,,10313405,Tissemsilt,,,,,,,,,,,,,,
,,,,10315600,Tizi Ouzou,,,,,,,,,,,,,,
,,,,10312909,Tlemcen,,,,,,,,,,,,,,
,,,,10312922,Azuay,,,,,,,,,,,,,,
,,,,10315317,Bolivar,,,,,,,,,,,,,,
,,,,10316281,Canar,,,,,,,,,,,,,,
,,,,10312902,Carchi,,,,,,,,,,,,,,
,,,,10316160,Chimborazo,,,,,,,,,,,,,,
,,,,10313077,Cotopaxi,,,,,,,,,,,,,,
,,,,10315642,El Oro,,,,,,,,,,,,,,
,,,,10313835,Esmeraldas,,,,,,,,,,,,,,
,,,,10313621,Galapagos,,,,,,,,,,,,,,
,,,,10316107,Guayas,,,,,,,,,,,,,,
,,,,10314414,Imbabura,,,,,,,,,,,,,,
,,,,10314314,Loja,,,,,,,,,,,,,,
,,,,10315772,Los Rios,,,,,,,,,,,,,,
,,,,10315075,Manabi,,,,,,,,,,,,,,
,,,,10313545,Morona Santiago,,,,,,,,,,,,,,
,,,,10313429,Napo,,,,,,,,,,,,,,
,,,,10314670,Orellana,,,,,,,,,,,,,,
,,,,10313013,Pastaza,,,,,,,,,,,,,,
,,,,10315945,Pichincha,,,,,,,,,,,,,,
,,,,10313851,Santa Elena,,,,,,,,,,,,,,
,,,,10315769,Santo Domingo de los Tsachilas,,,,,,,,,,,,,,
,,,,10316126,Sucumbios,,,,,,,,,,,,,,
,,,,10316190,Tungurahua,,,,,,,,,,,,,,
,,,,10313121,Zamora Chinchipe,,,,,,,,,,,,,,
,,,,604100829,Zona No Delimitada,,,,,,,,,,,,,,
,,,,10313697,Anseba,,,,,,,,,,,,,,
,,,,604492669,Archipelagos,,,,,,,,,,,,,,
,,,,10315807,Debub,,,,,,,,,,,,,,
,,,,10315474,Debubawi Keih Bahri,,,,,,,,,,,,,,
,,,,10316250,Gash Barka,,,,,,,,,,,,,,
,,,,10314142,Maekel,,,,,,,,,,,,,,
,,,,10313148,Semenawi Keih Bahri,,,,,,,,,,,,,,
,,,,10314864,Addis Ababa,,,,,,,,,,,,,,
,,,,10315220,Afar,,,,,,,,,,,,,,
,,,,10313856,Amhara,,,,,,,,,,,,,,
,,,,10314847,Beneshangul Gumu,,,,,,,,,,,,,,
,,,,10313147,Dire Dawa,,,,,,,,,,,,,,
,,,,10314037,Gambela,,,,,,,,,,,,,,
,,,,10315893,Hareri,,,,,,,,,,,,,,
,,,,10316246,Oromia,,,,,,,,,,,,,,
,,,,10313355,SNNPR,,,,,,,,,,,,,,
,,,,10316072,Somali,,,,,,,,,,,,,,
,,,,10313464,Tigray,,,,,,,,,,,,,,
,,,,10315694,Estuaire,,,,,,,,,,,,,,
,,,,10315674,Haut-Ogooue,,,,,,,,,,,,,,
,,,,10313036,Moyen-Ogooue,,,,,,,,,,,,,,
,,,,10315465,Ngounie,,,,,,,,,,,,,,
,,,,10316418,Nyanga,,,,,,,,,,,,,,
,,,,10313998,Ogooue-Ivindo,,,,,,,,,,,,,,
,,,,10315314,Ogooue-lolo,,,,,,,,,,,,,,
,,,,10316420,Ogooue-Maritime,,,,,,,,,,,,,,
,,,,10315257,Woleu-Ntem,,,,,,,,,,,,,,
,,,,10314192,Abkhazia Aut. Rep.,,,,,,,,,,,,,,
,,,,10313724,Adjara Aut. Rep.,,,,,,,,,,,,,,
,,,,10313845,Guria,,,,,,,,,,,,,,
,,,,10315219,Imereti,,,,,,,,,,,,,,
,,,,10314178,Kakheti,,,,,,,,,,,,,,
,,,,10314687,Kvemo Kartli,,,,,,,,,,,,,,
,,,,10313242,Mtskheta-Mtianeti,,,,,,,,,,,,,,
,,,,10313118,Racha-Lechkhumi and Kvemo (lower) Svaneti,,,,,,,,,,,,,,
,,,,10313107,Samergelo and Zemo (upper) Svaneti,,,,,,,,,,,,,,
,,,,10314688,Samtskhe-Javakheti,,,,,,,,,,,,,,
,,,,10315648,Shida Kartli,,,,,,,,,,,,,,
,,,,10316016,Tbilisi,,,,,,,,,,,,,,
,,,,10315113,Ashanti,,,,,,,,,,,,,,
,,,,10313233,Brong Ahafo,,,,,,,,,,,,,,
,,,,10315532,Central,,,,,,,,,,,,,,
,,,,10314341,Eastern,,,,,,,,,,,,,,
,,,,10315061,Greater Accra,,,,,,,,,,,,,,
,,,,10314472,Northern,,,,,,,,,,,,,,
,,,,10316047,Upper East,,,,,,,,,,,,,,
,,,,10314282,Upper West,,,,,,,,,,,,,,
,,,,10314522,Volta,,,,,,,,,,,,,,
,,,,10315836,Western,,,,,,,,,,,,,,
,,,,10315509,Boke,,,,,,,,,,,,,,
,,,,10313882,Conakry,,,,,,,,,,,,,,
,,,,10313074,Faranah,,,,,,,,,,,,,,
,,,,10316006,Kankan,,,,,,,,,,,,,,
,,,,10314339,Kindia,,,,,,,,,,,,,,
,,,,10315826,Labe,,,,,,,,,,,,,,
,,,,10314312,Mamou,,,,,,,,,,,,,,
,,,,10315690,Nzerekore,,,,,,,,,,,,,,
,,,,10315687,Central River,,,,,,,,,,,,,,
,,,,604492672,Kanifing Municipal Council,,,,,,,,,,,,,,
,,,,10315735,Lower River,,,,,,,,,,,,,,
,,,,10315182,North Bank,,,,,,,,,,,,,,
,,,,10314195,Upper River,,,,,,,,,,,,,,
,,,,10315523,West Coast,,,,,,,,,,,,,,
,,,,10313057,Bafata,,,,,,,,,,,,,,
,,,,10313181,Biombo,,,,,,,,,,,,,,
,,,,10313570,Bissau,,,,,,,,,,,,,,
,,,,10313370,Bolama,,,,,,,,,,,,,,
,,,,10314022,Cacheu,,,,,,,,,,,,,,
,,,,10315399,Gabu,,,,,,,,,,,,,,
,,,,10316231,Oio,,,,,,,,,,,,,,
,,,,10313348,Quinara,,,,,,,,,,,,,,
,,,,10315372,Tombali,,,,,,,,,,,,,,
,,,,10315169,Annobon,,,,,,,,,,,,,,
,,,,10316118,Bioko Norte,,,,,,,,,,,,,,
,,,,10315162,Bioko Sur,,,,,,,,,,,,,,
,,,,10313108,Centro Sur,,,,,,,,,,,,,,
,,,,10315598,Kie-Ntem,,,,,,,,,,,,,,
,,,,10315502,Litoral,,,,,,,,,,,,,,
,,,,10316356,Wele-Nzas,,,,,,,,,,,,,,
,,,,10315554,Alta Verapaz,,,,,,,,,,,,,,
,,,,10314232,Baja Verapaz,,,,,,,,,,,,,,
,,,,10315006,Chimaltenango,,,,,,,,,,,,,,
,,,,10313863,Chiquimula,,,,,,,,,,,,,,
,,,,10313175,El Progreso,,,,,,,,,,,,,,
,,,,10315451,Escuintla,,,,,,,,,,,,,,
,,,,10314711,Guatemala,,,,,,,,,,,,,,
,,,,10314264,Huehuetenango,,,,,,,,,,,,,,
,,,,10313141,Izabal,,,,,,,,,,,,,,
,,,,10313180,Jalapa,,,,,,,,,,,,,,
,,,,10314927,Jutiapa,,,,,,,,,,,,,,
,,,,10316163,Peten,,,,,,,,,,,,,,
,,,,10315508,Quetzaltenango,,,,,,,,,,,,,,
,,,,10314450,Quiche,,,,,,,,,,,,,,
,,,,10313430,Retalhuleu,,,,,,,,,,,,,,
,,,,10312875,Sacatepequez,,,,,,,,,,,,,,
,,,,10315251,San Marcos,,,,,,,,,,,,,,
,,,,10316391,Santa Rosa,,,,,,,,,,,,,,
,,,,10315794,Solola,,,,,,,,,,,,,,
,,,,10316319,Suchitepequez,,,,,,,,,,,,,,
,,,,10313508,Totonicapan,,,,,,,,,,,,,,
,,,,10313347,Zacapa,,,,,,,,,,,,,,
,,,,10316041,Cayenne,,,,,,,,,,,,,,
,,,,10314281,Saint-laurent-du-maroni,,,,,,,,,,,,,,
,,,,10315646,Barima/Waini (Region n1),,,,,,,,,,,,,,
,,,,10314921,Cuyuni/Mazaruni (Region n7),,,,,,,,,,,,,,
,,,,10315415,Demerara/Mahaica (Region n4),,,,,,,,,,,,,,
,,,,10313387,East Berbice/Corentyne (Region n6),,,,,,,,,,,,,,
,,,,10315176,Essequibo Islands/West Demerara (Region n3),,,,,,,,,,,,,,
,,,,10313781,Mahaica Berbice (Region n5),,,,,,,,,,,,,,
,,,,10314592,Pomeroon/Supenaam (Region n2),,,,,,,,,,,,,,
,,,,10313349,Potaro/Siparuni (Region n8),,,,,,,,,,,,,,
,,,,10312925,Upper Demerara/Berbice (Region n10),,,,,,,,,,,,,,
,,,,10314140,Upper Takutu/Upper Essequibo (Region n9),,,,,,,,,,,,,,
,,,,10315643,Atlantida,,,,,,,,,,,,,,
,,,,10315359,Choluteca,,,,,,,,,,,,,,
,,,,10314622,Colon,,,,,,,,,,,,,,
,,,,10314994,Comayagua,,,,,,,,,,,,,,
,,,,10314511,Copan,,,,,,,,,,,,,,
,,,,10316119,Cortes,,,,,,,,,,,,,,
,,,,10313793,El Paraiso,,,,,,,,,,,,,,
,,,,10314084,Francisco Morazan,,,,,,,,,,,,,,
,,,,10314565,Gracias a Dios,,,,,,,,,,,,,,
,,,,10314497,Intibuca,,,,,,,,,,,,,,
,,,,10312886,Islas de La Bahia,,,,,,,,,,,,,,
,,,,10313553,La Paz,,,,,,,,,,,,,,
,,,,10316101,Lempira,,,,,,,,,,,,,,
,,,,10312945,Ocotepeque,,,,,,,,,,,,,,
,,,,10315469,Olancho,,,,,,,,,,,,,,
,,,,10315966,Santa Barbara,,,,,,,,,,,,,,
,,,,10315306,Valle,,,,,,,,,,,,,,
,,,,10314213,Yoro,,,,,,,,,,,,,,
,,,,10315267,Artibonite,,,,,,,,,,,,,,
,,,,10313733,Centre,,,,,,,,,,,,,,
,,,,10312933,Grande Anse,,,,,,,,,,,,,,
,,,,10315812,Nippes,,,,,,,,,,,,,,
,,,,10313163,Nord,,,,,,,,,,,,,,
,,,,10312990,Nord Est,,,,,,,,,,,,,,
,,,,10314449,Nord Ouest,,,,,,,,,,,,,,
,,,,10315386,Ouest,,,,,,,,,,,,,,
,,,,10314346,Sud,,,,,,,,,,,,,,
,,,,10313465,Sud-Est,,,,,,,,,,,,,,
,,,,10313818,Aceh,,,,,,,,,,,,,,
,,,,10313879,Bali,,,,,,,,,,,,,,
,,,,10315882,Bangka-Belitung,,,,,,,,,,,,,,
,,,,10312991,Banten,,,,,,,,,,,,,,
,,,,10316434,Bengkulu,,,,,,,,,,,,,,
,,,,10313503,Gorontalo,,,,,,,,,,,,,,
,,,,10313362,Irian Jaya Barat,,,,,,,,,,,,,,
,,,,10314680,Jakarta Raya,,,,,,,,,,,,,,
,,,,10315056,Jambi,,,,,,,,,,,,,,
,,,,10315634,Jawa Barat,,,,,,,,,,,,,,
,,,,10313061,Jawa Tengah,,,,,,,,,,,,,,
,,,,10314320,Jawa Timur,,,,,,,,,,,,,,
,,,,10315519,Kalimantan Barat,,,,,,,,,,,,,,
,,,,10313326,Kalimantan Selatan,,,,,,,,,,,,,,
,,,,10314624,Kalimantan Tengah,,,,,,,,,,,,,,
,,,,10315738,Kalimantan Timur,,,,,,,,,,,,,,
,,,,10315865,Kalimantan Utara,,,,,,,,,,,,,,
,,,,10315221,Kepulauan Riau,,,,,,,,,,,,,,
,,,,10315975,Lampung,,,,,,,,,,,,,,
,,,,10315806,Maluku,,,,,,,,,,,,,,
,,,,10316337,Maluku Utara,,,,,,,,,,,,,,
,,,,10316102,Nusa Tenggara Barat,,,,,,,,,,,,,,
,,,,10313823,Nusa Tenggara Timur,,,,,,,,,,,,,,
,,,,10315612,Papua,,,,,,,,,,,,,,
,,,,10316442,Riau,,,,,,,,,,,,,,
,,,,10313905,Sulawesi Barat,,,,,,,,,,,,,,
,,,,10315017,Sulawesi Selatan,,,,,,,,,,,,,,
,,,,10314307,Sulawesi Tengah,,,,,,,,,,,,,,
,,,,10315510,Sulawesi Tenggara,,,,,,,,,,,,,,
,,,,10315185,Sulawesi Utara,,,,,,,,,,,,,,
,,,,10313088,Sumatera Barat,,,,,,,,,,,,,,
,,,,10314726,Sumatera Selatan,,,,,,,,,,,,,,
,,,,10316133,Sumatera Utara,,,,,,,,,,,,,,
,,,,10315351,Yogyakarta,,,,,,,,,,,,,,
,,,,10316288,Andaman and Nicobar,,,,,,,,,,,,,,
,,,,10315341,Andhra Pradesh,,,,,,,,,,,,,,
,,,,10313379,Arunachal Pradesh,,,,,,,,,,,,,,
,,,,10313610,Assam,,,,,,,,,,,,,,
,,,,10313675,Bihar,,,,,,,,,,,,,,
,,,,10316265,Chandigarh,,,,,,,,,,,,,,
,,,,10314804,Chhattisgarh,,,,,,,,,,,,,,
,,,,10314737,Dadra and Nagar Haveli,,,,,,,,,,,,,,
,,,,10314889,Daman and Diu,,,,,,,,,,,,,,
,,,,10314880,Delhi,,,,,,,,,,,,,,
,,,,10314729,Goa,,,,,,,,,,,,,,
,,,,10313544,Gujarat,,,,,,,,,,,,,,
,,,,10314559,Haryana,,,,,,,,,,,,,,
,,,,10313371,Himachal Pradesh,,,,,,,,,,,,,,
,,,,10315224,Jammu and Kashmir,,,,,,,,,,,,,,
,,,,10315194,Jharkhand,,,,,,,,,,,,,,
,,,,10313772,Karnataka,,,,,,,,,,,,,,
,,,,10316349,Kerala,,,,,,,,,,,,,,
,,,,10315369,Lakshadweep,,,,,,,,,,,,,,
,,,,10315492,Madhya Pradesh,,,,,,,,,,,,,,
,,,,10315928,Maharashtra,,,,,,,,,,,,,,
,,,,10314579,Manipur,,,,,,,,,,,,,,
,,,,10314923,Meghalaya,,,,,,,,,,,,,,
,,,,10315930,Mizoram,,,,,,,,,,,,,,
,,,,10315872,Nagaland,,,,,,,,,,,,,,
,,,,10315941,Odisha,,,,,,,,,,,,,,
,,,,10314481,Puducherry,,,,,,,,,,,,,,
,,,,10315044,Punjab,,,,,,,,,,,,,,
,,,,10315305,Rajasthan,,,,,,,,,,,,,,
,,,,10315640,Sikkim,,,,,,,,,,,,,,
,,,,10315667,Tamil Nadu,,,,,,,,,,,,,,
,,,,10315000,Telangana,,,,,,,,,,,,,,
,,,,10316203,Tripura,,,,,,,,,,,,,,
,,,,10316313,Uttar Pradesh,,,,,,,,,,,,,,
,,,,10315753,Uttarakhand,,,,,,,,,,,,,,
,,,,10315914,West Bengal,,,,,,,,,,,,,,
,,,,10314709,Alborz,,,,,,,,,,,,,,
,,,,10316361,Ardebil,,,,,,,,,,,,,,
,,,,661577775,Azarbayejan,,,,,,,,,,,,,,
,,,,10315327,Bushehr,,,,,,,,,,,,,,
,,,,10314384,Chaharmahal and Bakhtiari,,,,,,,,,,,,,,
,,,,10314055,Fars,,,,,,,,,,,,,,
,,,,10315420,Gilan,,,,,,,,,,,,,,
,,,,10316149,Golestan,,,,,,,,,,,,,,
,,,,10313375,Hamedan,,,,,,,,,,,,,,
,,,,10314834,Hormozgan,,,,,,,,,,,,,,
,,,,10313165,Ilam,,,,,,,,,,,,,,
,,,,10314683,Isfahan,,,,,,,,,,,,,,
,,,,10316191,Kerman,,,,,,,,,,,,,,
,,,,10313831,Kermanshah,,,,,,,,,,,,,,
,,,,10314163,Khuzestan,,,,,,,,,,,,,,
,,,,10316045,Kohgiluyeh and Boyer-Ahmad,,,,,,,,,,,,,,
,,,,10316136,Kordestan,,,,,,,,,,,,,,
,,,,10316351,Lorestan,,,,,,,,,,,,,,
,,,,10314883,Markazi,,,,,,,,,,,,,,
,,,,10314819,Mazandaran,,,,,,,,,,,,,,
,,,,10314902,North Khorasan,,,,,,,,,,,,,,
,,,,10315126,Qazvin,,,,,,,,,,,,,,
,,,,10314706,Qom,,,,,,,,,,,,,,
,,,,10313656,Razavi Khorasan,,,,,,,,,,,,,,
,,,,10314667,Semnan,,,,,,,,,,,,,,
,,,,10315035,Sistan and Baluchestan,,,,,,,,,,,,,,
,,,,10313970,South Khorasan,,,,,,,,,,,,,,
,,,,10314529,Tehran,,,,,,,,,,,,,,
,,,,10313343,Yazd,,,,,,,,,,,,,,
,,,,10314724,Zanjan,,,,,,,,,,,,,,
,,,,10315821,Anbar,,,,,,,,,,,,,,
,,,,10314324,Babil,,,,,,,,,,,,,,
,,,,10315422,Baghdad,,,,,,,,,,,,,,
,,,,10316129,Basrah,,,,,,,,,,,,,,
,,,,10315799,Dahuk,,,,,,,,,,,,,,
,,,,10314861,Diyala,,,,,,,,,,,,,,
,,,,10315962,Erbil,,,,,,,,,,,,,,
,,,,10315956,Kerbala,,,,,,,,,,,,,,
,,,,10315304,Kirkuk,,,,,,,,,,,,,,
,,,,10314475,Missan,,,,,,,,,,,,,,
,,,,10314010,Muthanna,,,,,,,,,,,,,,
,,,,10316285,Najaf,,,,,,,,,,,,,,
,,,,10313197,Ninewa,,,,,,,,,,,,,,
,,,,10314517,Qadissiya,,,,,,,,,,,,,,
,,,,10313676,Salah al-Din,,,,,,,,,,,,,,
,,,,10316037,Sulaymaniyah,,,,,,,,,,,,,,
,,,,10316369,Thi-Qar,,,,,,,,,,,,,,
,,,,10315839,Wassit,,,,,,,,,,,,,,
,,,,10314353,Baringo,,,,,,,,,,,,,,
,,,,10315810,Bomet,,,,,,,,,,,,,,
,,,,10313021,Bungoma,,,,,,,,,,,,,,
,,,,10313305,Busia,,,,,,,,,,,,,,
,,,,10315938,Elgeyo-Marakwet,,,,,,,,,,,,,,
,,,,10312987,Embu,,,,,,,,,,,,,,
,,,,10312858,Garissa,,,,,,,,,,,,,,
,,,,10313684,Homa Bay,,,,,,,,,,,,,,
,,,,10313306,Isiolo,,,,,,,,,,,,,,
,,,,10314095,Kajiado,,,,,,,,,,,,,,
,,,,10313221,Kakamega,,,,,,,,,,,,,,
,,,,10314583,Kericho,,,,,,,,,,,,,,
,,,,10313251,Kiambu,,,,,,,,,,,,,,
,,,,10313703,Kilifi,,,,,,,,,,,,,,
,,,,10313601,Kirinyaga,,,,,,,,,,,,,,
,,,,10314661,Kisii,,,,,,,,,,,,,,
,,,,10314989,Kisumu,,,,,,,,,,,,,,
,,,,10316065,Kitui,,,,,,,,,,,,,,
,,,,10314769,Kwale,,,,,,,,,,,,,,
,,,,10314908,Laikipia,,,,,,,,,,,,,,
,,,,604100833,Lake Victoria,,,,,,,,,,,,,,
,,,,10313301,Lamu,,,,,,,,,,,,,,
,,,,10314603,Machakos,,,,,,,,,,,,,,
,,,,10313249,Makueni,,,,,,,,,,,,,,
,,,,10315436,Mandera,,,,,,,,,,,,,,
,,,,10315062,Marsabit,,,,,,,,,,,,,,
,,,,10313952,Meru,,,,,,,,,,,,,,
,,,,10316335,Migori,,,,,,,,,,,,,,
,,,,10313906,Mombasa,,,,,,,,,,,,,,
,,,,10315849,Murang'a,,,,,,,,,,,,,,
,,,,10313976,Nairobi,,,,,,,,,,,,,,
,,,,10314936,Nakuru,,,,,,,,,,,,,,
,,,,10314006,Nandi,,,,,,,,,,,,,,
,,,,10313156,Narok,,,,,,,,,,,,,,
,,,,10313489,Nyamira,,,,,,,,,,,,,,
,,,,10315098,Nyandarua,,,,,,,,,,,,,,
,,,,10316234,Nyeri,,,,,,,,,,,,,,
,,,,10316229,Samburu,,,,,,,,,,,,,,
,,,,10313999,Siaya,,,,,,,,,,,,,,
,,,,10315923,Taita Taveta,,,,,,,,,,,,,,
,,,,10313339,Tana River,,,,,,,,,,,,,,
,,,,10313654,Tharaka-Nithi,,,,,,,,,,,,,,
,,,,10315840,Trans Nzoia,,,,,,,,,,,,,,
,,,,10316172,Turkana,,,,,,,,,,,,,,
,,,,10315647,Uasin Gishu,,,,,,,,,,,,,,
,,,,10313285,Vihiga,,,,,,,,,,,,,,
,,,,10315697,Wajir,,,,,,,,,,,,,,
,,,,10315955,West Pokot,,,,,,,,,,,,,,
,,,,10314251,Batken,,,,,,,,,,,,,,
,,,,10313335,Biskek,,,,,,,,,,,,,,
,,,,10315163,Chuy,,,,,,,,,,,,,,
,,,,10313316,Jalal-Abad,,,,,,,,,,,,,,
,,,,10315983,Naryn,,,,,,,,,,,,,,
,,,,10315527,Osh,,,,,,,,,,,,,,
,,,,10314328,Osh City,,,,,,,,,,,,,,
,,,,10313201,Talas,,,,,,,,,,,,,,
,,,,10314485,Ysyk-Kol,,,,,,,,,,,,,,
,,,,10315311,Banteay Meanchey,,,,,,,,,,,,,,
,,,,10315776,Battambang,,,,,,,,,,,,,,
,,,,10313674,Kampong Cham,,,,,,,,,,,,,,
,,,,10315291,Kampong Chhnang,,,,,,,,,,,,,,
,,,,10313029,Kampong Speu,,,,,,,,,,,,,,
,,,,10313886,Kampong Thom,,,,,,,,,,,,,,
,,,,10315501,Kampot,,,,,,,,,,,,,,
,,,,10314157,Kandal,,,,,,,,,,,,,,
,,,,10313329,Kep,,,,,,,,,,,,,,
,,,,10312912,Koh Kong,,,,,,,,,,,,,,
,,,,10314223,Kratie,,,,,,,,,,,,,,
,,,,10313869,Mondul Kiri,,,,,,,,,,,,,,
,,,,10315138,Oddar Meanchey,,,,,,,,,,,,,,
,,,,10314833,Pailin,,,,,,,,,,,,,,
,,,,10316164,Phnom Penh,,,,,,,,,,,,,,
,,,,10314928,Preah Sihanouk,,,,,,,,,,,,,,
,,,,10316140,Preah Vihear,,,,,,,,,,,,,,
,,,,10313456,Prey Veng,,,,,,,,,,,,,,
,,,,10314363,Pursat,,,,,,,,,,,,,,
,,,,10312894,Ratanak Kiri,,,,,,,,,,,,,,
,,,,10314365,Siemreap,,,,,,,,,,,,,,
,,,,10315784,Stung Treng,,,,,,,,,,,,,,
,,,,10315710,Svay Rieng,,,,,,,,,,,,,,
,,,,10313517,Takeo,,,,,,,,,,,,,,
,,,,10313951,Tboung Khmum,,,,,,,,,,,,,,
,,,,604100814,Tonle Sap Lake,,,,,,,,,,,,,,
,,,,10316314,Busan,,,,,,,,,,,,,,
,,,,10315353,Chungcheongbuk-do,,,,,,,,,,,,,,
,,,,10313230,Chungcheongnam-do,,,,,,,,,,,,,,
,,,,10315256,Daegu,,,,,,,,,,,,,,
,,,,10313186,Daejeon,,,,,,,,,,,,,,
,,,,10314503,Gangwon-do,,,,,,,,,,,,,,
,,,,10314520,Gwangju,,,,,,,,,,,,,,
,,,,10314800,Gyeonggi-do,,,,,,,,,,,,,,
,,,,10314692,Gyeongsangbuk-do,,,,,,,,,,,,,,
,,,,10313837,Gyeongsangnam-do,,,,,,,,,,,,,,
,,,,10314881,Incheon,,,,,,,,,,,,,,
,,,,10313312,Jeju,,,,,,,,,,,,,,
,,,,10315161,Jeollabuk-do,,,,,,,,,,,,,,
,,,,10312907,Jeollanam-do,,,,,,,,,,,,,,
,,,,10316232,Sejong,,,,,,,,,,,,,,
,,,,10316440,Seoul,,,,,,,,,,,,,,
,,,,10312873,Ulsan,,,,,,,,,,,,,,
,,,,10313822,Attapeu,,,,,,,,,,,,,,
,,,,10313736,Bokeo,,,,,,,,,,,,,,
,,,,10314856,Bolikhamxai,,,,,,,,,,,,,,
,,,,10312893,Champasack,,,,,,,,,,,,,,
,,,,10313369,Houaphan,,,,,,,,,,,,,,
,,,,10315071,Khammouan,,,,,,,,,,,,,,
,,,,10314738,Louangnamtha,,,,,,,,,,,,,,
,,,,10313331,Louangphabang,,,,,,,,,,,,,,
,,,,10312944,Oudomxai,,,,,,,,,,,,,,
,,,,10314127,Phongsaly,,,,,,,,,,,,,,
,,,,10313776,Salavan,,,,,,,,,,,,,,
,,,,10314299,Savannakhet,,,,,,,,,,,,,,
,,,,10316241,Sekong,,,,,,,,,,,,,,
,,,,10313786,Vientiane,,,,,,,,,,,,,,
,,,,10314977,Vientiane Capital,,,,,,,,,,,,,,
,,,,10314350,Xaignabouly,,,,,,,,,,,,,,
,,,,10314046,Xaisomboon,,,,,,,,,,,,,,
,,,,10314836,Xiengkhouang,,,,,,,,,,,,,,
,,,,10314099,Bomi,,,,,,,,,,,,,,
,,,,10315528,Bong,,,,,,,,,,,,,,
,,,,10316179,Gbapolu,,,,,,,,,,,,,,
,,,,10315875,Grand Bassa,,,,,,,,,,,,,,
,,,,10314832,Grand Cape Mount,,,,,,,,,,,,,,
,,,,10313929,Grand Gedeh,,,,,,,,,,,,,,
,,,,10313289,Grand Kru,,,,,,,,,,,,,,
,,,,10315879,Lofa,,,,,,,,,,,,,,
,,,,10316142,Margibi,,,,,,,,,,,,,,
,,,,10316272,Maryland,,,,,,,,,,,,,,
,,,,10313657,Montserrado,,,,,,,,,,,,,,
,,,,10315551,Nimba,,,,,,,,,,,,,,
,,,,10315295,River Cess,,,,,,,,,,,,,,
,,,,10312936,River Gee,,,,,,,,,,,,,,
,,,,10314040,Sinoe,,,,,,,,,,,,,,
,,,,10822978,Central,,,,,,,,,,,,,,
,,,,10822979,Eastern,,,,,,,,,,,,,,
,,,,10822980,North Central,,,,,,,,,,,,,,
,,,,10822981,North Western,,,,,,,,,,,,,,
,,,,10822982,Northern,,,,,,,,,,,,,,
,,,,10822983,Sabaragamuwa,,,,,,,,,,,,,,
,,,,10822984,Southern,,,,,,,,,,,,,,
,,,,10822985,Uva,,,,,,,,,,,,,,
,,,,10822986,Western,,,,,,,,,,,,,,
,,,,10315846,Chaouia - Ouardigha,,,,,,,,,,,,,,
,,,,10314277,Doukkala - Abda,,,,,,,,,,,,,,
,,,,10314707,Fes - Boulemane,,,,,,,,,,,,,,
,,,,10316306,Gharb - Chrarda - Beni Hssen,,,,,,,,,,,,,,
,,,,10313809,Grand Casablanca,,,,,,,,,,,,,,
,,,,10313800,Guelmim - Es-Semara,,,,,,,,,,,,,,
,,,,10313579,Laayoune - Boujdour - Sakia El Hamra,,,,,,,,,,,,,,
,,,,10314721,Marrakech - Tensift - Al Haouz,,,,,,,,,,,,,,
,,,,10313397,Meknes - Tafilalet,,,,,,,,,,,,,,
,,,,10312935,Oriental,,,,,,,,,,,,,,
,,,,10313792,Rabat - Sale - Zemmour - Zaer,,,,,,,,,,,,,,
,,,,10316366,Souss - Massa - Draa,,,,,,,,,,,,,,
,,,,10314922,Tadla - Azilal,,,,,,,,,,,,,,
,,,,10315630,Tanger - Tetouan,,,,,,,,,,,,,,
,,,,10313934,Taza - Al Hoceima - Taounate,,,,,,,,,,,,,,
,,,,10022998,Alaotra Mangoro,,,,,,,,,,,,,,
,,,,10022989,Amoron I Mania,,,,,,,,,,,,,,
,,,,10022983,Analamanga,,,,,,,,,,,,,,
,,,,10022999,Analanjirofo,,,,,,,,,,,,,,
,,,,10023001,Androy,,,,,,,,,,,,,,
,,,,10023002,Anosy,,,,,,,,,,,,,,
,,,,10023003,Atsimo Andrefana,,,,,,,,,,,,,,
,,,,10022990,Atsimo Atsinanana,,,,,,,,,,,,,,
,,,,10023000,Atsinanana,,,,,,,,,,,,,,
,,,,10022994,Betsiboka,,,,,,,,,,,,,,
,,,,10022995,Boeny,,,,,,,,,,,,,,
,,,,10022984,Bongolava,,,,,,,,,,,,,,
,,,,10022987,Diana,,,,,,,,,,,,,,
,,,,10022991,Haute Matsiatra,,,,,,,,,,,,,,
,,,,10022992,Ihorombe,,,,,,,,,,,,,,
,,,,10022985,Itasy,,,,,,,,,,,,,,
,,,,10022996,Melaky,,,,,,,,,,,,,,
,,,,10023004,Menabe,,,,,,,,,,,,,,
,,,,10022988,Sava,,,,,,,,,,,,,,
,,,,10022997,Sofia,,,,,,,,,,,,,,
,,,,10022986,Vakinankaratra,,,,,,,,,,,,,,
,,,,10022993,Vatovavy Fitovinany,,,,,,,,,,,,,,
,,,,10312920,Aguascalientes,,,,,,,,,,,,,,
,,,,10314175,Baja California,,,,,,,,,,,,,,
,,,,10314566,Baja California Sur,,,,,,,,,,,,,,
,,,,10315925,Campeche,,,,,,,,,,,,,,
,,,,10313524,Chiapas,,,,,,,,,,,,,,
,,,,10315781,Chihuahua,,,,,,,,,,,,,,
,,,,10313756,Ciudad de Mexico,,,,,,,,,,,,,,
,,,,10314532,Coahuila de Zaragoza,,,,,,,,,,,,,,
,,,,10314793,Colima,,,,,,,,,,,,,,
,,,,10314309,Durango,,,,,,,,,,,,,,
,,,,10313325,Guanajuato,,,,,,,,,,,,,,
,,,,10314493,Guerrero,,,,,,,,,,,,,,
,,,,10313220,Hidalgo,,,,,,,,,,,,,,
,,,,10314235,Jalisco,,,,,,,,,,,,,,
,,,,10314964,Mexico,,,,,,,,,,,,,,
,,,,10315181,Michoacan de Ocampo,,,,,,,,,,,,,,
,,,,10313626,Morelos,,,,,,,,,,,,,,
,,,,10315688,Nayarit,,,,,,,,,,,,,,
,,,,10316247,Nuevo Leon,,,,,,,,,,,,,,
,,,,10313825,Oaxaca,,,,,,,,,,,,,,
,,,,10315018,Puebla,,,,,,,,,,,,,,
,,,,10313132,Queretaro,,,,,,,,,,,,,,
,,,,10315686,Quintana Roo,,,,,,,,,,,,,,
,,,,10314725,San Luis Potosi,,,,,,,,,,,,,,
,,,,10315448,Sinaloa,,,,,,,,,,,,,,
,,,,10313404,Sonora,,,,,,,,,,,,,,
,,,,10316446,Tabasco,,,,,,,,,,,,,,
,,,,10314197,Tamaulipas,,,,,,,,,,,,,,
,,,,10316271,Tlaxcala,,,,,,,,,,,,,,
,,,,10315490,Veracruz de Ignacio de la Llave,,,,,,,,,,,,,,
,,,,10314891,Yucatan,,,,,,,,,,,,,,
,,,,10315001,Zacatecas,,,,,,,,,,,,,,
,,,,10315571,Bamako,,,,,,,,,,,,,,
,,,,10315387,Gao,,,,,,,,,,,,,,
,,,,10314404,Kayes,,,,,,,,,,,,,,
,,,,10313023,Kidal,,,,,,,,,,,,,,
,,,,10314187,Koulikoro,,,,,,,,,,,,,,
,,,,10314779,Mopti,,,,,,,,,,,,,,
,,,,10313801,Segou,,,,,,,,,,,,,,
,,,,10316417,Sikasso,,,,,,,,,,,,,,
,,,,10314141,Tombouctou,,,,,,,,,,,,,,
,,,,10314981,Ayeyarwady,,,,,,,,,,,,,,
,,,,10822973,Bago East,,,,,,,,,,,,,,
,,,,10822974,Bago West,,,,,,,,,,,,,,
,,,,10314906,Chin,,,,,,,,,,,,,,
,,,,10315997,Kachin,,,,,,,,,,,,,,
,,,,10313394,Kayah,,,,,,,,,,,,,,
,,,,10313455,Kayin,,,,,,,,,,,,,,
,,,,10315195,Magway,,,,,,,,,,,,,,
,,,,10314329,Mandalay,,,,,,,,,,,,,,
,,,,10313917,Mon,,,,,,,,,,,,,,
,,,,10314875,Naypyitaw,,,,,,,,,,,,,,
,,,,10314827,Rakhine,,,,,,,,,,,,,,
,,,,10313090,Sagaing,,,,,,,,,,,,,,
,,,,10822976,Shan (East),,,,,,,,,,,,,,
,,,,10822975,Shan (North),,,,,,,,,,,,,,
,,,,10822977,Shan (South),,,,,,,,,,,,,,
,,,,10314660,Tanintharyi,,,,,,,,,,,,,,
,,,,10315616,Yangon,,,,,,,,,,,,,,
,,,,10313336,Cabo Delgado,,,,,,,,,,,,,,
,,,,10315818,Gaza,,,,,,,,,,,,,,
,,,,10315859,Inhambane,,,,,,,,,,,,,,
,,,,604492673,Lake Malawi,,,,,,,,,,,,,,
,,,,10314211,Manica,,,,,,,,,,,,,,
,,,,10316291,Maputo,,,,,,,,,,,,,,
,,,,10314340,Nampula,,,,,,,,,,,,,,
,,,,10314794,Niassa,,,,,,,,,,,,,,
,,,,10314750,Sofala,,,,,,,,,,,,,,
,,,,10313272,Tete,,,,,,,,,,,,,,
,,,,10315212,Zambezia,,,,,,,,,,,,,,
,,,,10315545,Adrar,,,,,,,,,,,,,,
,,,,10315989,Assaba,,,,,,,,,,,,,,
,,,,10316188,Brakna,,,,,,,,,,,,,,
,,,,10313648,Dakhlet-Nouadhibou,,,,,,,,,,,,,,
,,,,10313587,Gorgol,,,,,,,,,,,,,,
,,,,10315443,Guidimakha,,,,,,,,,,,,,,
,,,,10313341,Hodh Ech Chargi,,,,,,,,,,,,,,
,,,,10316317,Hodh El Gharbi,,,,,,,,,,,,,,
,,,,10312974,Inchiri,,,,,,,,,,,,,,
,,,,10313942,Nouakchott,,,,,,,,,,,,,,
,,,,10314325,Tagant,,,,,,,,,,,,,,
,,,,10315200,Tiris-Zemmour,,,,,,,,,,,,,,
,,,,10316103,Trarza,,,,,,,,,,,,,,
,,,,10823024,Central Region,,,,,,,,,,,,,,
,,,,604492670,Lake Malawi,,,,,,,,,,,,,,
,,,,10823025,Northern Region,,,,,,,,,,,,,,
,,,,10823026,Southern Region,,,,,,,,,,,,,,
,,,,10314463,Johor,,,,,,,,,,,,,,
,,,,10315026,Kedah,,,,,,,,,,,,,,
,,,,10314033,Kelantan,,,,,,,,,,,,,,
,,,,10315998,Kuala Lumpur,,,,,,,,,,,,,,
,,,,10315227,Labuan,,,,,,,,,,,,,,
,,,,10313620,Melaka,,,,,,,,,,,,,,
,,,,10316153,Negeri Sembilan,,,,,,,,,,,,,,
,,,,10313292,Pahang,,,,,,,,,,,,,,
,,,,10313085,Perak,,,,,,,,,,,,,,
,,,,10312895,Perlis,,,,,,,,,,,,,,
,,,,10316226,Pulau Pinang,,,,,,,,,,,,,,
,,,,10314454,Putrajaya,,,,,,,,,,,,,,
,,,,10315595,Sabah,,,,,,,,,,,,,,
,,,,10313112,Sarawak,,,,,,,,,,,,,,
,,,,10313638,Selangor,,,,,,,,,,,,,,
,,,,10314649,Trengganu,,,,,,,,,,,,,,
,,,,10314434,Acoua,,,,,,,,,,,,,,
,,,,10316294,Bandraboua,,,,,,,,,,,,,,
,,,,10315205,Bandrele,,,,,,,,,,,,,,
,,,,10315114,Boueni,,,,,,,,,,,,,,
,,,,10313142,Chiconi,,,,,,,,,,,,,,
,,,,10313361,Chirongui,,,,,,,,,,,,,,
,,,,10313226,Dembeni,,,,,,,,,,,,,,
,,,,10313183,Dzaoudzi,,,,,,,,,,,,,,
,,,,10315609,Kani-Keli,,,,,,,,,,,,,,
,,,,10315406,Koungou,,,,,,,,,,,,,,
,,,,10313083,M'tsangamouji,,,,,,,,,,,,,,
,,,,10313616,Mamoudzou,,,,,,,,,,,,,,
,,,,10313352,Mtsamboro,,,,,,,,,,,,,,
,,,,10316187,Ouangani,,,,,,,,,,,,,,
,,,,10312871,Pamandzi,,,,,,,,,,,,,,
,,,,10315950,Sada,,,,,,,,,,,,,,
,,,,10314070,Tsingoni,,,,,,,,,,,,,,
,,,,10316427,!Karas,,,,,,,,,,,,,,
,,,,10315767,Erongo,,,,,,,,,,,,,,
,,,,10316360,Hardap,,,,,,,,,,,,,,
,,,,10315244,Kavango,,,,,,,,,,,,,,
,,,,10313531,Khomas,,,,,,,,,,,,,,
,,,,10315967,Kunene,,,,,,,,,,,,,,
,,,,10313978,Ohangwena,,,,,,,,,,,,,,
,,,,10314354,Omaheke,,,,,,,,,,,,,,
,,,,10316178,Omusati,,,,,,,,,,,,,,
,,,,10316198,Oshana,,,,,,,,,,,,,,
,,,,10313710,Oshikoto,,,,,,,,,,,,,,
,,,,10315179,Otjozondjupa,,,,,,,,,,,,,,
,,,,10316266,Zambezi,,,,,,,,,,,,,,
,,,,10313538,Agadez,,,,,,,,,,,,,,
,,,,10313423,Diffa,,,,,,,,,,,,,,
,,,,10313875,Dosso,,,,,,,,,,,,,,
,,,,10316333,Maradi,,,,,,,,,,,,,,
,,,,10313894,Niamey,,,,,,,,,,,,,,
,,,,10315152,Tahoua,,,,,,,,,,,,,,
,,,,10313880,Tillabery,,,,,,,,,,,,,,
,,,,10314266,Zinder,,,,,,,,,,,,,,
,,,,10313078,Abia,,,,,,,,,,,,,,
,,,,10313058,Abuja,,,,,,,,,,,,,,
,,,,10315851,Adamawa,,,,,,,,,,,,,,
,,,,10313817,Akwa Ibom,,,,,,,,,,,,,,
,,,,10313334,Anambra,,,,,,,,,,,,,,
,,,,10315631,Bauchi,,,,,,,,,,,,,,
,,,,10312967,Bayelsa,,,,,,,,,,,,,,
,,,,10314912,Benue,,,,,,,,,,,,,,
,,,,10316414,Borno,,,,,,,,,,,,,,
,,,,10314810,Cross River,,,,,,,,,,,,,,
,,,,10313483,Delta,,,,,,,,,,,,,,
,,,,10313027,Ebonyi,,,,,,,,,,,,,,
,,,,10312855,Edo,,,,,,,,,,,,,,
,,,,10314343,Ekiti,,,,,,,,,,,,,,
,,,,10315516,Enugu,,,,,,,,,,,,,,
,,,,10313923,Gombe,,,,,,,,,,,,,,
,,,,10315365,Imo,,,,,,,,,,,,,,
,,,,10315654,Jigawa,,,,,,,,,,,,,,
,,,,10315174,Kaduna,,,,,,,,,,,,,,
,,,,10312921,Kano,,,,,,,,,,,,,,
,,,,10314910,Katsina,,,,,,,,,,,,,,
,,,,10314662,Kebbi,,,,,,,,,,,,,,
,,,,10315316,Kogi,,,,,,,,,,,,,,
,,,,10314245,Kwara,,,,,,,,,,,,,,
,,,,10313859,Lagos,,,,,,,,,,,,,,
,,,,10314878,Nassarawa,,,,,,,,,,,,,,
,,,,10315577,Niger,,,,,,,,,,,,,,
,,,,10313043,Ogun,,,,,,,,,,,,,,
,,,,10315731,Ondo,,,,,,,,,,,,,,
,,,,10313126,Osun,,,,,,,,,,,,,,
,,,,10313522,Oyo,,,,,,,,,,,,,,
,,,,10313750,Plateau,,,,,,,,,,,,,,
,,,,10315660,Rivers,,,,,,,,,,,,,,
,,,,10315512,Sokoto,,,,,,,,,,,,,,
,,,,10315664,Taraba,,,,,,,,,,,,,,
,,,,10314496,Yobe,,,,,,,,,,,,,,
,,,,10312979,Zamfara,,,,,,,,,,,,,,
,,,,10313277,Boaco,,,,,,,,,,,,,,
,,,,10313515,Carazo,,,,,,,,,,,,,,
,,,,10313722,Chinandega,,,,,,,,,,,,,,
,,,,10315604,Chontales,,,,,,,,,,,,,,
,,,,10314951,Esteli,,,,,,,,,,,,,,
,,,,10314152,Granada,,,,,,,,,,,,,,
,,,,10316432,Jinotega,,,,,,,,,,,,,,
,,,,10313444,Lake Nicaragua,,,,,,,,,,,,,,
,,,,10315393,Leon,,,,,,,,,,,,,,
,,,,10313151,Madriz,,,,,,,,,,,,,,
,,,,10315019,Managua,,,,,,,,,,,,,,
,,,,10313849,Masaya,,,,,,,,,,,,,,
,,,,10312913,Matagalpa,,,,,,,,,,,,,,
,,,,10315094,Nueva Segovia,,,,,,,,,,,,,,
,,,,10314823,Region Autonoma del Atlantico Norte,,,,,,,,,,,,,,
,,,,10315565,Region Autonoma del Atlantico Sur,,,,,,,,,,,,,,
,,,,10313454,Rio San Juan,,,,,,,,,,,,,,
,,,,10316388,Rivas,,,,,,,,,,,,,,
,,,,10313805,Central,,,,,,,,,,,,,,
,,,,10315591,Eastern,,,,,,,,,,,,,,
,,,,10313985,Far Western,,,,,,,,,,,,,,
,,,,10314029,Mid Western,,,,,,,,,,,,,,
,,,,10312964,Western,,,,,,,,,,,,,,
,,,,10312972,Ad Dakhliyah,,,,,,,,,,,,,,
,,,,10315771,Al Batinah North,,,,,,,,,,,,,,
,,,,10313457,Al Batinah South,,,,,,,,,,,,,,
,,,,10315698,Al Buraymi,,,,,,,,,,,,,,
,,,,10316243,Al Dhahira,,,,,,,,,,,,,,
,,,,10312885,Al Wusta,,,,,,,,,,,,,,
,,,,10313194,Ash Sharqiyah North,,,,,,,,,,,,,,
,,,,10314828,Ash Sharqiyah South,,,,,,,,,,,,,,
,,,,10314809,Dhofar,,,,,,,,,,,,,,
,,,,10314633,Musandam,,,,,,,,,,,,,,
,,,,10314971,Muscat,,,,,,,,,,,,,,
,,,,10314390,Azad Kashmir,,,,,,,,,,,,,,
,,,,10314409,Balochistan,,,,,,,,,,,,,,
,,,,10313555,Fata,,,,,,,,,,,,,,
,,,,10315773,Federal Capital Territory,,,,,,,,,,,,,,
,,,,10313084,Gilgit Baltistan,,,,,,,,,,,,,,
,,,,10314663,Khyber Pakhtunkhwa,,,,,,,,,,,,,,
,,,,10316085,Punjab,,,,,,,,,,,,,,
,,,,10314997,Sindh,,,,,,,,,,,,,,
,,,,10315782,Bocas Del Toro,,,,,,,,,,,,,,
,,,,10316023,Chiriqui,,,,,,,,,,,,,,
,,,,10314787,Cocle,,,,,,,,,,,,,,
,,,,10314899,Colon,,,,,,,,,,,,,,
,,,,10314330,Comarca Embera,,,,,,,,,,,,,,
,,,,10313345,Comarca Kuna Yala,,,,,,,,,,,,,,
,,,,10315702,Comarca Ngabe Bugle,,,,,,,,,,,,,,
,,,,10314704,Darien,,,,,,,,,,,,,,
,,,,604100817,Gatun Lake,,,,,,,,,,,,,,
,,,,10314079,Herrera,,,,,,,,,,,,,,
,,,,10316385,Los Santos,,,,,,,,,,,,,,
,,,,10315215,Panama,,,,,,,,,,,,,,
,,,,10316216,Veraguas,,,,,,,,,,,,,,
,,,,10313955,Amazonas,,,,,,,,,,,,,,
,,,,10315524,Ancash,,,,,,,,,,,,,,
,,,,10313594,Apurimac,,,,,,,,,,,,,,
,,,,10315473,Arequipa,,,,,,,,,,,,,,
,,,,10315002,Ayacucho,,,,,,,,,,,,,,
,,,,10314965,Cajamarca,,,,,,,,,,,,,,
,,,,10316426,Callao,,,,,,,,,,,,,,
,,,,10313685,Cusco,,,,,,,,,,,,,,
,,,,10315426,Huancavelica,,,,,,,,,,,,,,
,,,,10314034,Huanuco,,,,,,,,,,,,,,
,,,,10313701,Ica,,,,,,,,,,,,,,
,,,,10316120,Junin,,,,,,,,,,,,,,
,,,,10312901,La Libertad,,,,,,,,,,,,,,
,,,,604100818,Lake Titicaca,,,,,,,,,,,,,,
,,,,10316059,Lambayeque,,,,,,,,,,,,,,
,,,,10315677,Lima,,,,,,,,,,,,,,
,,,,10314982,Loreto,,,,,,,,,,,,,,
,,,,10313988,Madre De Dios,,,,,,,,,,,,,,
,,,,10313628,Moquegua,,,,,,,,,,,,,,
,,,,10313971,Pasco,,,,,,,,,,,,,,
,,,,10312982,Piura,,,,,,,,,,,,,,
,,,,10313956,Puno,,,,,,,,,,,,,,
,,,,10314699,San Martin,,,,,,,,,,,,,,
,,,,10312892,Tacna,,,,,,,,,,,,,,
,,,,10314129,Tumbes,,,,,,,,,,,,,,
,,,,10312868,Ucayali,,,,,,,,,,,,,,
,,,,10315368,Abra,,,,,,,,,,,,,,
,,,,10315520,Agusan del Norte,,,,,,,,,,,,,,
,,,,10316233,Agusan del Sur,,,,,,,,,,,,,,
,,,,10315118,Aklan,,,,,,,,,,,,,,
,,,,10314850,Albay,,,,,,,,,,,,,,
,,,,10314884,Antique,,,,,,,,,,,,,,
,,,,10314461,Apayao,,,,,,,,,,,,,,
,,,,10314677,Aurora,,,,,,,,,,,,,,
,,,,10316421,Basilan,,,,,,,,,,,,,,
,,,,10315917,Bataan,,,,,,,,,,,,,,
,,,,10313087,Batanes,,,,,,,,,,,,,,
,,,,10313716,Batangas,,,,,,,,,,,,,,
,,,,10316096,Benguet,,,,,,,,,,,,,,
,,,,10313135,Biliran,,,,,,,,,,,,,,
,,,,10315337,Bohol,,,,,,,,,,,,,,
,,,,10315057,Bukidnon,,,,,,,,,,,,,,
,,,,10315964,Bulacan,,,,,,,,,,,,,,
,,,,10315802,Cagayan,,,,,,,,,,,,,,
,,,,10316104,Camarines Norte,,,,,,,,,,,,,,
,,,,10314182,Camarines Sur,,,,,,,,,,,,,,
,,,,10313814,Camiguin,,,,,,,,,,,,,,
,,,,10315214,Capiz,,,,,,,,,,,,,,
,,,,10315907,Catanduanes,,,,,,,,,,,,,,
,,,,10316099,Cavite,,,,,,,,,,,,,,
,,,,10315620,Cebu,,,,,,,,,,,,,,
,,,,10315277,Compostela Valley,,,,,,,,,,,,,,
,,,,10314521,Davao del Norte,,,,,,,,,,,,,,
,,,,10315555,Davao del Sur,,,,,,,,,,,,,,
,,,,10315988,Davao Oriental,,,,,,,,,,,,,,
,,,,10313422,Dinagat Islands,,,,,,,,,,,,,,
,,,,10314895,Eastern Samar,,,,,,,,,,,,,,
,,,,10314088,Guimaras,,,,,,,,,,,,,,
,,,,10315797,Ifugao,,,,,,,,,,,,,,
,,,,10313981,Ilocos Norte,,,,,,,,,,,,,,
,,,,10314885,Ilocos Sur,,,,,,,,,,,,,,
,,,,10316132,Iloilo,,,,,,,,,,,,,,
,,,,10316436,Isabela,,,,,,,,,,,,,,
,,,,10313920,Kalinga,,,,,,,,,,,,,,
,,,,10314612,La Union,,,,,,,,,,,,,,
,,,,10315484,Laguna,,,,,,,,,,,,,,
,,,,10314536,Lanao del Norte,,,,,,,,,,,,,,
,,,,10313583,Lanao del Sur,,,,,,,,,,,,,,
,,,,10315131,Leyte,,,,,,,,,,,,,,
,,,,10312980,Maguindanao,,,,,,,,,,,,,,
,,,,10316375,Marinduque,,,,,,,,,,,,,,
,,,,10313602,Masbate,,,,,,,,,,,,,,
,,,,10313502,Metropolitan Manila,,,,,,,,,,,,,,
,,,,10315045,Misamis Occidental,,,,,,,,,,,,,,
,,,,10315344,Misamis Oriental,,,,,,,,,,,,,,
,,,,10315287,Mountain Province,,,,,,,,,,,,,,
,,,,10315175,Negros Occidental,,,,,,,,,,,,,,
,,,,10313618,Negros Oriental,,,,,,,,,,,,,,
,,,,10315288,North Cotabato,,,,,,,,,,,,,,
,,,,10314119,Northern Samar,,,,,,,,,,,,,,
,,,,10313199,Nueva Ecija,,,,,,,,,,,,,,
,,,,10315754,Nueva Vizcaya,,,,,,,,,,,,,,
,,,,10314164,Occidental Mindoro,,,,,,,,,,,,,,
,,,,10314283,Oriental Mindoro,,,,,,,,,,,,,,
,,,,10313467,Palawan,,,,,,,,,,,,,,
,,,,10314569,Pampanga,,,,,,,,,,,,,,
,,,,10314523,Pangasinan,,,,,,,,,,,,,,
,,,,10314439,Quezon,,,,,,,,,,,,,,
,,,,10316439,Quirino,,,,,,,,,,,,,,
,,,,10314297,Rizal,,,,,,,,,,,,,,
,,,,10313124,Romblon,,,,,,,,,,,,,,
,,,,10316429,Samar,,,,,,,,,,,,,,
,,,,10313104,Sarangani,,,,,,,,,,,,,,
,,,,10313943,Siquijor,,,,,,,,,,,,,,
,,,,10315414,Sorsogon,,,,,,,,,,,,,,
,,,,10313209,South Cotabato,,,,,,,,,,,,,,
,,,,10314073,Southern Leyte,,,,,,,,,,,,,,
,,,,10313617,Sultan Kudarat,,,,,,,,,,,,,,
,,,,10314775,Sulu,,,,,,,,,,,,,,
,,,,10314089,Surigao del Norte,,,,,,,,,,,,,,
,,,,10315546,Surigao del Sur,,,,,,,,,,,,,,
,,,,10313449,Tarlac,,,,,,,,,,,,,,
,,,,10313056,Tawi-Tawi,,,,,,,,,,,,,,
,,,,10315331,Zambales,,,,,,,,,,,,,,
,,,,10313227,Zamboanga del Norte,,,,,,,,,,,,,,
,,,,10315366,Zamboanga del Sur,,,,,,,,,,,,,,
,,,,10315873,Zamboanga Sibugay,,,,,,,,,,,,,,
,,,,604100820,Highlands,,,,,,,,,,,,,,
,,,,604100822,Islands,,,,,,,,,,,,,,
,,,,604100821,Momase,,,,,,,,,,,,,,
,,,,604100819,Southern,,,,,,,,,,,,,,
,,,,10313605,Chagang-do,,,,,,,,,,,,,,
,,,,10315087,Hamgyong-bukto,,,,,,,,,,,,,,
,,,,10315959,Hamgyong-namdo,,,,,,,,,,,,,,
,,,,10313409,Hwanghae-bukto,,,,,,,,,,,,,,
,,,,10313080,Hwanghae-namdo,,,,,,,,,,,,,,
,,,,10313720,Kaesong-si,,,,,,,,,,,,,,
,,,,10315593,Kangwon-do,,,,,,,,,,,,,,
,,,,10313182,P'yongan-bukto,,,,,,,,,,,,,,
,,,,10314742,P'yongan-namdo,,,,,,,,,,,,,,
,,,,10313751,P'yongyang-si,,,,,,,,,,,,,,
,,,,10315820,Yanggang-do,,,,,,,,,,,,,,
,,,,10313310,Alto Paraguay,,,,,,,,,,,,,,
,,,,10312977,Alto Parana,,,,,,,,,,,,,,
,,,,10313899,Amambay,,,,,,,,,,,,,,
,,,,10315264,Asuncion,,,,,,,,,,,,,,
,,,,10315719,Boqueron,,,,,,,,,,,,,,
,,,,10313667,Caaguazu,,,,,,,,,,,,,,
,,,,10313911,Caazapa,,,,,,,,,,,,,,
,,,,10313841,Canindeyu,,,,,,,,,,,,,,
,,,,10315339,Central,,,,,,,,,,,,,,
,,,,10315814,Concepcion,,,,,,,,,,,,,,
,,,,10313864,Cordillera,,,,,,,,,,,,,,
,,,,10314723,Guaira,,,,,,,,,,,,,,
,,,,10312874,Itapua,,,,,,,,,,,,,,
,,,,10312988,Misiones,,,,,,,,,,,,,,
,,,,10316024,Neembucu,,,,,,,,,,,,,,
,,,,10314078,Paraguari,,,,,,,,,,,,,,
,,,,10315727,Presidente Hayes,,,,,,,,,,,,,,
,,,,10316423,San Pedro,,,,,,,,,,,,,,
,,,,10315319,Gaza Strip,,,,,,,,,,,,,,
,,,,10315246,West Bank,,,,,,,,,,,,,,
,,,,10316343,Eastern Province,,,,,,,,,,,,,,
,,,,10315395,Kigali City,,,,,,,,,,,,,,
,,,,604100815,Lake Kivu,,,,,,,,,,,,,,
,,,,10313819,Northern Province,,,,,,,,,,,,,,
,,,,10314811,Southern Province,,,,,,,,,,,,,,
,,,,10316146,Western Province,,,,,,,,,,,,,,
,,,,10315358,`Asir,,,,,,,,,,,,,,
,,,,10315742,Al Bahah,,,,,,,,,,,,,,
,,,,10315944,Al Hudud ash Shamaliyah,,,,,,,,,,,,,,
,,,,10315736,Al Jawf,,,,,,,,,,,,,,
,,,,10314133,Al Madinah,,,,,,,,,,,,,,
,,,,10313693,Al Quassim,,,,,,,,,,,,,,
,,,,10315268,Ar Riyad,,,,,,,,,,,,,,
,,,,10313356,Ash Sharqiyah,,,,,,,,,,,,,,
,,,,10314533,Ha'il,,,,,,,,,,,,,,
,,,,10316197,Jizan,,,,,,,,,,,,,,
,,,,10312897,Makkah,,,,,,,,,,,,,,
,,,,10314758,Najran,,,,,,,,,,,,,,
,,,,10313904,Tabuk,,,,,,,,,,,,,,
,,,,604492671,Abyei PCA Area,,,,,,,,,,,,,,
,,,,10313715,Blue Nile,,,,,,,,,,,,,,
,,,,10313773,Central Darfur,,,,,,,,,,,,,,
,,,,10316135,East Darfur,,,,,,,,,,,,,,
,,,,10314619,El Gazira,,,,,,,,,,,,,,
,,,,10315606,Gedaref,,,,,,,,,,,,,,
,,,,10316326,Kassala,,,,,,,,,,,,,,
,,,,10315942,Khartoum,,,,,,,,,,,,,,
,,,,10312861,North Darfur,,,,,,,,,,,,,,
,,,,10314488,North Kordofan,,,,,,,,,,,,,,
,,,,10314122,Northern,,,,,,,,,,,,,,
,,,,10312915,Red Sea,,,,,,,,,,,,,,
,,,,10313160,River Nile,,,,,,,,,,,,,,
,,,,10313109,Sennar,,,,,,,,,,,,,,
,,,,10313631,South Darfur,,,,,,,,,,,,,,
,,,,10314274,South Kordofan,,,,,,,,,,,,,,
,,,,10315109,West Darfur,,,,,,,,,,,,,,
,,,,10315790,West Kordofan,,,,,,,,,,,,,,
,,,,10314306,White Nile,,,,,,,,,,,,,,
,,,,10315544,Dakar,,,,,,,,,,,,,,
,,,,10313645,Diourbel,,,,,,,,,,,,,,
,,,,10315906,Fatick,,,,,,,,,,,,,,
,,,,10313606,Kaffrine,,,,,,,,,,,,,,
,,,,10313360,Kaolack,,,,,,,,,,,,,,
,,,,10315457,Kedougou,,,,,,,,,,,,,,
,,,,10315633,Kolda,,,,,,,,,,,,,,
,,,,10312947,Louga,,,,,,,,,,,,,,
,,,,10315809,Matam,,,,,,,,,,,,,,
,,,,10313138,Saint-Louis,,,,,,,,,,,,,,
,,,,10313263,Sedhiou,,,,,,,,,,,,,,
,,,,10313529,Tambacounda,,,,,,,,,,,,,,
,,,,10313505,Thies,,,,,,,,,,,,,,
,,,,10313559,Ziguinchor,,,,,,,,,,,,,,
,,,,10314090,Central,,,,,,,,,,,,,,
,,,,10316151,Choiseul,,,,,,,,,,,,,,
,,,,10315156,Guadalcanal,,,,,,,,,,,,,,
,,,,10315530,Honiara,,,,,,,,,,,,,,
,,,,10316262,Isabel,,,,,,,,,,,,,,
,,,,10313765,Makira Ulawa,,,,,,,,,,,,,,
,,,,10312951,Malaita,,,,,,,,,,,,,,
,,,,10313042,Rennell and Bellona,,,,,,,,,,,,,,
,,,,10316443,Temotu,,,,,,,,,,,,,,
,,,,10314700,Western,,,,,,,,,,,,,,
,,,,10316194,Eastern,,,,,,,,,,,,,,
,,,,10314221,Northern,,,,,,,,,,,,,,
,,,,10314190,Southern,,,,,,,,,,,,,,
,,,,10315728,Western Area,,,,,,,,,,,,,,
,,,,10315670,Ahuachapan,,,,,,,,,,,,,,
,,,,10313304,Cabanas,,,,,,,,,,,,,,
,,,,10316155,Chalatenango,,,,,,,,,,,,,,
,,,,10313742,Cuscatlan,,,,,,,,,,,,,,
,,,,10315092,La Libertad,,,,,,,,,,,,,,
,,,,10314797,La Paz,,,,,,,,,,,,,,
,,,,10313442,La Union,,,,,,,,,,,,,,
,,,,10315129,Morazan,,,,,,,,,,,,,,
,,,,10313243,San Miguel,,,,,,,,,,,,,,
,,,,10316449,San Salvador,,,,,,,,,,,,,,
,,,,10312948,San Vicente,,,,,,,,,,,,,,
,,,,10314524,Santa Ana,,,,,,,,,,,,,,
,,,,10314284,Sonsonate,,,,,,,,,,,,,,
,,,,10312862,Usulutan,,,,,,,,,,,,,,
,,,,10316292,Awdal,,,,,,,,,,,,,,
,,,,10313129,Bakool,,,,,,,,,,,,,,
,,,,10314518,Banadir,,,,,,,,,,,,,,
,,,,10314826,Bari,,,,,,,,,,,,,,
,,,,10313769,Bay,,,,,,,,,,,,,,
,,,,10315933,Galgaduud,,,,,,,,,,,,,,
,,,,10313264,Gedo,,,,,,,,,,,,,,
,,,,10315513,Hiraan,,,,,,,,,,,,,,
,,,,10313728,Juba Dhexe,,,,,,,,,,,,,,
,,,,10313752,Juba Hoose,,,,,,,,,,,,,,
,,,,10313687,Mudug,,,,,,,,,,,,,,
,,,,10315559,Nugaal,,,,,,,,,,,,,,
,,,,10313471,Sanaag,,,,,,,,,,,,,,
,,,,10314367,Shabelle Dhexe,,,,,,,,,,,,,,
,,,,10313250,Shabelle Hoose,,,,,,,,,,,,,,
,,,,10315054,Sool,,,,,,,,,,,,,,
,,,,10316359,Togdheer,,,,,,,,,,,,,,
,,,,10313506,Woqooyi Galbeed,,,,,,,,,,,,,,
,,,,10313613,Central Equatoria,,,,,,,,,,,,,,
,,,,10314466,Eastern Equatoria,,,,,,,,,,,,,,
,,,,10313964,El Buheyrat,,,,,,,,,,,,,,
,,,,10315940,Jonglei,,,,,,,,,,,,,,
,,,,10316161,Northern Bahr El Ghazal,,,,,,,,,,,,,,
,,,,10313519,Unity,,,,,,,,,,,,,,
,,,,10315322,Upper Nile,,,,,,,,,,,,,,
,,,,10316236,Warab,,,,,,,,,,,,,,
,,,,10313478,Western Bahr El Ghazal,,,,,,,,,,,,,,
,,,,10315607,Western Equatoria,,,,,,,,,,,,,,
,,,,10315290,Principe,,,,,,,,,,,,,,
,,,,10313980,Sao Tome,,,,,,,,,,,,,,
,,,,10314913,Brokopondo,,,,,,,,,,,,,,
,,,,10313032,Commewijne,,,,,,,,,,,,,,
,,,,10314562,Coronie,,,,,,,,,,,,,,
,,,,10313924,Marowijne,,,,,,,,,,,,,,
,,,,10315766,Nickerie,,,,,,,,,,,,,,
,,,,10316030,Para,,,,,,,,,,,,,,
,,,,10314628,Paramaribo,,,,,,,,,,,,,,
,,,,10314792,Saramacca,,,,,,,,,,,,,,
,,,,10314442,Sipaliwini,,,,,,,,,,,,,,
,,,,10315302,Wanica,,,,,,,,,,,,,,
,,,,10313344,Hhohho,,,,,,,,,,,,,,
,,,,10314882,Lubombo,,,,,,,,,,,,,,
,,,,10314780,Manzini,,,,,,,,,,,,,,
,,,,10313025,Shiselweni,,,,,,,,,,,,,,
,,,,10315671,Al Qunaytirah,,,,,,,,,,,,,,
,,,,10313532,Aleppo,,,,,,,,,,,,,,
,,,,10315639,As Suweida,,,,,,,,,,,,,,
,,,,10315362,City Damascus,,,,,,,,,,,,,,
,,,,10314845,Damascus,,,,,,,,,,,,,,
,,,,10314983,Dara,,,,,,,,,,,,,,
,,,,10314272,Dayr Az Zor,,,,,,,,,,,,,,
,,,,10314886,Hama,,,,,,,,,,,,,,
,,,,10316257,Hassakeh,,,,,,,,,,,,,,
,,,,10315717,Homs,,,,,,,,,,,,,,
,,,,10316212,Idleb,,,,,,,,,,,,,,
,,,,10316213,Lattakia,,,,,,,,,,,,,,
,,,,10316273,Raqqa,,,,,,,,,,,,,,
,,,,10313768,Tartous,,,,,,,,,,,,,,
,,,,10314005,Barh el Ghazel,,,,,,,,,,,,,,
,,,,10313990,Batha,,,,,,,,,,,,,,
,,,,10314630,Borkou,,,,,,,,,,,,,,
,,,,10314168,Chari-Baguirmi,,,,,,,,,,,,,,
,,,,10315539,Ennedi Est,,,,,,,,,,,,,,
,,,,10316049,Ennedi Ouest,,,,,,,,,,,,,,
,,,,10314751,Guera,,,,,,,,,,,,,,
,,,,10314863,Hadjer-Lamis,,,,,,,,,,,,,,
,,,,10315083,Kanem,,,,,,,,,,,,,,
,,,,10313992,Lac,,,,,,,,,,,,,,
,,,,10315696,Logone Occidental,,,,,,,,,,,,,,
,,,,10313256,Logone Oriental,,,,,,,,,,,,,,
,,,,10316032,Mandoul,,,,,,,,,,,,,,
,,,,10315371,Mayo-Kebbi Est,,,,,,,,,,,,,,
,,,,10313395,Mayo-Kebbi Ouest,,,,,,,,,,,,,,
,,,,10316362,Moyen-Chari,,,,,,,,,,,,,,
,,,,10313659,Ouaddai,,,,,,,,,,,,,,
,,,,10316411,Salamat,,,,,,,,,,,,,,
,,,,10313938,Sila,,,,,,,,,,,,,,
,,,,10314996,Tandjile,,,,,,,,,,,,,,
,,,,10314664,Tibesti,,,,,,,,,,,,,,
,,,,10313679,Ville de N'Djamena,,,,,,,,,,,,,,
,,,,10313284,Wadi Fira,,,,,,,,,,,,,,
,,,,10314456,Centrale,,,,,,,,,,,,,,
,,,,10314427,Kara,,,,,,,,,,,,,,
,,,,10313237,Maritime,,,,,,,,,,,,,,
,,,,10315550,Plateaux,,,,,,,,,,,,,,
,,,,10314344,Savanes,,,,,,,,,,,,,,
,,,,10314413,Amnat Charoen,,,,,,,,,,,,,,
,,,,10315159,Ang Thong,,,,,,,,,,,,,,
,,,,10316340,Bangkok Metropolis,,,,,,,,,,,,,,
,,,,10314601,Bueng Kan,,,,,,,,,,,,,,
,,,,10315254,Buri Ram,,,,,,,,,,,,,,
,,,,10312959,Chachoengsao,,,,,,,,,,,,,,
,,,,10312998,Chai Nat,,,,,,,,,,,,,,
,,,,10314894,Chaiyaphum,,,,,,,,,,,,,,
,,,,10315230,Chanthaburi,,,,,,,,,,,,,,
,,,,10312916,Chiang Mai,,,,,,,,,,,,,,
,,,,10314784,Chiang Rai,,,,,,,,,,,,,,
,,,,10313114,Chon Buri,,,,,,,,,,,,,,
,,,,10315197,Chumphon,,,,,,,,,,,,,,
,,,,10313177,Kalasin,,,,,,,,,,,,,,
,,,,10313552,Kamphaeng Phet,,,,,,,,,,,,,,
,,,,10314539,Kanchanaburi,,,,,,,,,,,,,,
,,,,10313323,Khon Kaen,,,,,,,,,,,,,,
,,,,10313096,Krabi,,,,,,,,,,,,,,
,,,,10314007,Lampang,,,,,,,,,,,,,,
,,,,10315005,Lamphun,,,,,,,,,,,,,,
,,,,10315816,Loei,,,,,,,,,,,,,,
,,,,10316211,Lop Buri,,,,,,,,,,,,,,
,,,,10312960,Mae Hong Son,,,,,,,,,,,,,,
,,,,10315315,Maha Sarakham,,,,,,,,,,,,,,
,,,,10314025,Mukdahan,,,,,,,,,,,,,,
,,,,10314582,Nakhon Nayok,,,,,,,,,,,,,,
,,,,10316114,Nakhon Pathom,,,,,,,,,,,,,,
,,,,10313212,Nakhon Phanom,,,,,,,,,,,,,,
,,,,10315020,Nakhon Ratchasima,,,,,,,,,,,,,,
,,,,10315280,Nakhon Sawan,,,,,,,,,,,,,,
,,,,10313846,Nakhon Si Thammarat,,,,,,,,,,,,,,
,,,,10316182,Nan,,,,,,,,,,,,,,
,,,,10313878,Narathiwat,,,,,,,,,,,,,,
,,,,10313481,Nong Bua Lam Phu,,,,,,,,,,,,,,
,,,,10314028,Nong Khai,,,,,,,,,,,,,,
,,,,10315739,Nonthaburi,,,,,,,,,,,,,,
,,,,10314555,Pathum Thani,,,,,,,,,,,,,,
,,,,10314480,Pattani,,,,,,,,,,,,,,
,,,,10313122,Phangnga,,,,,,,,,,,,,,
,,,,10314831,Phatthalung,,,,,,,,,,,,,,
,,,,10314426,Phayao,,,,,,,,,,,,,,
,,,,10313865,Phetchabun,,,,,,,,,,,,,,
,,,,10313987,Phetchaburi,,,,,,,,,,,,,,
,,,,10315107,Phichit,,,,,,,,,,,,,,
,,,,10313431,Phitsanulok,,,,,,,,,,,,,,
,,,,10314225,Phra Nakhon Si Ayutthaya,,,,,,,,,,,,,,
,,,,10313052,Phrae,,,,,,,,,,,,,,
,,,,10316177,Phuket,,,,,,,,,,,,,,
,,,,10315744,Prachin Buri,,,,,,,,,,,,,,
,,,,10313501,Prachuap Khiri Khan,,,,,,,,,,,,,,
,,,,10313634,Ranong,,,,,,,,,,,,,,
,,,,10314697,Ratchaburi,,,,,,,,,,,,,,
,,,,10316228,Rayong,,,,,,,,,,,,,,
,,,,10315100,Roi Et,,,,,,,,,,,,,,
,,,,10312983,Sa Kaeo,,,,,,,,,,,,,,
,,,,10313222,Sakon Nakhon,,,,,,,,,,,,,,
,,,,10314852,Samut Prakan,,,,,,,,,,,,,,
,,,,10315274,Samut Sakhon,,,,,,,,,,,,,,
,,,,10313377,Samut Songkhram,,,,,,,,,,,,,,
,,,,10314979,Saraburi,,,,,,,,,,,,,,
,,,,10315665,Satun,,,,,,,,,,,,,,
,,,,10315030,Si Sa Ket,,,,,,,,,,,,,,
,,,,10314759,Sing Buri,,,,,,,,,,,,,,
,,,,10314763,Songkhla,,,,,,,,,,,,,,
,,,,10314215,Sukhothai,,,,,,,,,,,,,,
,,,,10313670,Suphan Buri,,,,,,,,,,,,,,
,,,,10314332,Surat Thani,,,,,,,,,,,,,,
,,,,10315480,Surin,,,,,,,,,,,,,,
,,,,10315584,Tak,,,,,,,,,,,,,,
,,,,10316249,Trang,,,,,,,,,,,,,,
,,,,10315428,Trat,,,,,,,,,,,,,,
,,,,10315146,Ubon Ratchathani,,,,,,,,,,,,,,
,,,,10313424,Udon Thani,,,,,,,,,,,,,,
,,,,10314417,Uthai Thani,,,,,,,,,,,,,,
,,,,10313295,Uttaradit,,,,,,,,,,,,,,
,,,,10313342,Yala,,,,,,,,,,,,,,
,,,,10315298,Yasothon,,,,,,,,,,,,,,
,,,,10315318,Dushanbe,,,,,,,,,,,,,,
,,,,10315547,Gorno-Badakhshan,,,,,,,,,,,,,,
,,,,10314135,Khatlon,,,,,,,,,,,,,,
,,,,10316064,Leninabad,,,,,,,,,,,,,,
,,,,10314100,Tadzhikistan Territories,,,,,,,,,,,,,,
,,,,10315811,Ahal,,,,,,,,,,,,,,
,,,,10313623,Asgabat,,,,,,,,,,,,,,
,,,,10315913,Balkan,,,,,,,,,,,,,,
,,,,10314637,Chardzhou,,,,,,,,,,,,,,
,,,,10315271,Mary,,,,,,,,,,,,,,
,,,,10315294,Tashauz,,,,,,,,,,,,,,
,,,,10314422,Aileu,,,,,,,,,,,,,,
,,,,10314813,Ainaro,,,,,,,,,,,,,,
,,,,10314380,Baucau,,,,,,,,,,,,,,
,,,,10314837,Bobonaro,,,,,,,,,,,,,,
,,,,10315225,Cova lima,,,,,,,,,,,,,,
,,,,10313588,Dili,,,,,,,,,,,,,,
,,,,10315861,Ermera,,,,,,,,,,,,,,
,,,,10315213,Lautem,,,,,,,,,,,,,,
,,,,10315347,Liquica,,,,,,,,,,,,,,
,,,,10314342,Manatuto,,,,,,,,,,,,,,
,,,,10315507,Manufahi,,,,,,,,,,,,,,
,,,,10315623,Oecussi,,,,,,,,,,,,,,
,,,,10316055,Viqueque,,,,,,,,,,,,,,
,,,,10313571,Adana,,,,,,,,,,,,,,
,,,,10314360,Adiyaman,,,,,,,,,,,,,,
,,,,10313745,Afyon,,,,,,,,,,,,,,
,,,,10316424,Agri,,,,,,,,,,,,,,
,,,,10316387,Aksaray,,,,,,,,,,,,,,
,,,,10315856,Amasya,,,,,,,,,,,,,,
,,,,10315740,Ankara,,,,,,,,,,,,,,
,,,,10312996,Antalya,,,,,,,,,,,,,,
,,,,10313492,Ardahan,,,,,,,,,,,,,,
,,,,10316123,Artvin,,,,,,,,,,,,,,
,,,,10313328,Aydin,,,,,,,,,,,,,,
,,,,10314954,Balikesir,,,,,,,,,,,,,,
,,,,10314244,Bartın,,,,,,,,,,,,,,
,,,,10315981,Batman,,,,,,,,,,,,,,
,,,,10312890,Bayburt,,,,,,,,,,,,,,
,,,,10316264,Bilecik,,,,,,,,,,,,,,
,,,,10315239,Bingol,,,,,,,,,,,,,,
,,,,10313381,Bitlis,,,,,,,,,,,,,,
,,,,10315638,Bolu,,,,,,,,,,,,,,
,,,,10314595,Burdur,,,,,,,,,,,,,,
,,,,10313286,Bursa,,,,,,,,,,,,,,
,,,,10314551,Canakkale,,,,,,,,,,,,,,
,,,,10315707,Cankiri,,,,,,,,,,,,,,
,,,,10315418,Corum,,,,,,,,,,,,,,
,,,,10313663,Denizli,,,,,,,,,,,,,,
,,,,10313918,Diyarbakir,,,,,,,,,,,,,,
,,,,10315330,Duzce,,,,,,,,,,,,,,
,,,,10312880,Edirne,,,,,,,,,,,,,,
,,,,10315292,Elazıg,,,,,,,,,,,,,,
,,,,10315563,Erzincan,,,,,,,,,,,,,,
,,,,10315721,Erzurum,,,,,,,,,,,,,,
,,,,10313150,Eskisehir,,,,,,,,,,,,,,
,,,,10315459,Gaziantep,,,,,,,,,,,,,,
,,,,10314821,Giresun,,,,,,,,,,,,,,
,,,,10314181,Gumushane,,,,,,,,,,,,,,
,,,,10314377,Hakkari,,,,,,,,,,,,,,
,,,,10314589,Hatay,,,,,,,,,,,,,,
,,,,10313729,Igdır,,,,,,,,,,,,,,
,,,,10315218,Isparta,,,,,,,,,,,,,,
,,,,10314438,Istanbul,,,,,,,,,,,,,,
,,,,10315367,Izmir,,,,,,,,,,,,,,
,,,,10313274,K. Maras,,,,,,,,,,,,,,
,,,,10314756,Karabuk,,,,,,,,,,,,,,
,,,,10316365,Karaman,,,,,,,,,,,,,,
,,,,10316017,Kars,,,,,,,,,,,,,,
,,,,10315829,Kastamonu,,,,,,,,,,,,,,
,,,,10314172,Kayseri,,,,,,,,,,,,,,
,,,,10315504,Kilis,,,,,,,,,,,,,,
,,,,10316057,Kinkkale,,,,,,,,,,,,,,
,,,,10316184,Kirklareli,,,,,,,,,,,,,,
,,,,10314045,Kirsehir,,,,,,,,,,,,,,
,,,,10315619,Kocaeli,,,,,,,,,,,,,,
,,,,10313547,Konya,,,,,,,,,,,,,,
,,,,10315536,Kutahya,,,,,,,,,,,,,,
,,,,10314952,Malatya,,,,,,,,,,,,,,
,,,,10313669,Manisa,,,,,,,,,,,,,,
,,,,10313609,Mardin,,,,,,,,,,,,,,
,,,,10314024,Mersin,,,,,,,,,,,,,,
,,,,10316200,Mugla,,,,,,,,,,,,,,
,,,,10314303,Mus,,,,,,,,,,,,,,
,,,,10315752,Nevsehir,,,,,,,,,,,,,,
,,,,10313893,Nigde,,,,,,,,,,,,,,
,,,,10314387,Ordu,,,,,,,,,,,,,,
,,,,10314782,Osmaniye,,,,,,,,,,,,,,
,,,,10313887,Rize,,,,,,,,,,,,,,
,,,,10314077,Sakarya,,,,,,,,,,,,,,
,,,,10314909,Samsun,,,,,,,,,,,,,,
,,,,10315151,Sanliurfa,,,,,,,,,,,,,,
,,,,10316376,Siirt,,,,,,,,,,,,,,
,,,,10313807,Sinop,,,,,,,,,,,,,,
,,,,10315217,Sirnak,,,,,,,,,,,,,,
,,,,10315993,Sivas,,,,,,,,,,,,,,
,,,,10315715,Tekirdag,,,,,,,,,,,,,,
,,,,10316043,Tokat,,,,,,,,,,,,,,
,,,,10313933,Trabzon,,,,,,,,,,,,,,
,,,,10314201,Tunceli,,,,,,,,,,,,,,
,,,,10315196,Usak,,,,,,,,,,,,,,
,,,,10315242,Van,,,,,,,,,,,,,,
,,,,10312889,Yalova,,,,,,,,,,,,,,
,,,,10313708,Yozgat,,,,,,,,,,,,,,
,,,,10314240,Zinguldak,,,,,,,,,,,,,,
,,,,10316307,Arusha,,,,,,,,,,,,,,
,,,,10314538,Dar-es-salaam,,,,,,,,,,,,,,
,,,,10315526,Dodoma,,,,,,,,,,,,,,
,,,,10316111,Geita,,,,,,,,,,,,,,
,,,,10316139,Iringa,,,,,,,,,,,,,,
,,,,10313461,Kagera,,,,,,,,,,,,,,
,,,,10314271,Kaskazini Pemba,,,,,,,,,,,,,,
,,,,10312965,Kaskazini Unguja,,,,,,,,,,,,,,
,,,,10315939,Katavi,,,,,,,,,,,,,,
,,,,10313296,Kigoma,,,,,,,,,,,,,,
,,,,10313644,Kilimanjaro,,,,,,,,,,,,,,
,,,,10315935,Kusini Pemba,,,,,,,,,,,,,,
,,,,10314762,Kusini Unguja,,,,,,,,,,,,,,
,,,,604100826,Lake Eyasi,,,,,,,,,,,,,,
,,,,604100827,Lake Manyara,,,,,,,,,,,,,,
,,,,604100825,Lake Rukwa,,,,,,,,,,,,,,
,,,,604100824,Lake Tanganyika,,,,,,,,,,,,,,
,,,,604100823,Lake Victoria,,,,,,,,,,,,,,
,,,,10313079,Lindi,,,,,,,,,,,,,,
,,,,10313760,Manyara,,,,,,,,,,,,,,
,,,,10314956,Mara,,,,,,,,,,,,,,
,,,,10314026,Mbeya,,,,,,,,,,,,,,
,,,,10313694,Mjini Magharibi,,,,,,,,,,,,,,
,,,,10313017,Morogoro,,,,,,,,,,,,,,
,,,,10316433,Mtwara,,,,,,,,,,,,,,
,,,,10313259,Mwanza,,,,,,,,,,,,,,
,,,,10313746,Njombe,,,,,,,,,,,,,,
,,,,10313035,Pwani,,,,,,,,,,,,,,
,,,,10313466,Rukwa,,,,,,,,,,,,,,
,,,,10313018,Ruvuma,,,,,,,,,,,,,,
,,,,10314671,Shinyanga,,,,,,,,,,,,,,
,,,,10314546,Simiyu,,,,,,,,,,,,,,
,,,,10314717,Singida,,,,,,,,,,,,,,
,,,,10314691,Tabora,,,,,,,,,,,,,,
,,,,10314605,Tanga,,,,,,,,,,,,,,
,,,,10823028,Abim,,,,,,,,,,,,,,
,,,,10314507,Adjumani,,,,,,,,,,,,,,
,,,,10823029,Agago,,,,,,,,,,,,,,
,,,,10823030,Alebtong,,,,,,,,,,,,,,
,,,,10823032,Amolatar,,,,,,,,,,,,,,
,,,,10823033,Amudat,,,,,,,,,,,,,,
,,,,10823034,Amuria,,,,,,,,,,,,,,
,,,,10823035,Amuru,,,,,,,,,,,,,,
,,,,10313076,Apac,,,,,,,,,,,,,,
,,,,10315464,Arua,,,,,,,,,,,,,,
,,,,10823036,Budaka,,,,,,,,,,,,,,
,,,,10823037,Bududa,,,,,,,,,,,,,,
,,,,10316295,Bugiri,,,,,,,,,,,,,,
,,,,10823038,Buhweju,,,,,,,,,,,,,,
,,,,10823039,Buikwe,,,,,,,,,,,,,,
,,,,10823040,Bukedea,,,,,,,,,,,,,,
,,,,10823041,Bukomansimbi,,,,,,,,,,,,,,
,,,,10823042,Bukwo,,,,,,,,,,,,,,
,,,,10823043,Bulambuli,,,,,,,,,,,,,,
,,,,10823044,Buliisa,,,,,,,,,,,,,,
,,,,10314999,Bundibugyo,,,,,,,,,,,,,,
,,,,10314457,Bushenyi,,,,,,,,,,,,,,
,,,,10313723,Busia,,,,,,,,,,,,,,
,,,,10823045,Butaleja,,,,,,,,,,,,,,
,,,,10823046,Butambala,,,,,,,,,,,,,,
,,,,10823047,Buvuma,,,,,,,,,,,,,,
,,,,10823048,Buyende,,,,,,,,,,,,,,
,,,,10823049,Dokolo,,,,,,,,,,,,,,
,,,,10823050,Gomba,,,,,,,,,,,,,,
,,,,10314652,Gulu,,,,,,,,,,,,,,
,,,,10313414,Hoima,,,,,,,,,,,,,,
,,,,10823051,Ibanda,,,,,,,,,,,,,,
,,,,10314207,Iganga,,,,,,,,,,,,,,
,,,,10823052,Isingiro,,,,,,,,,,,,,,
,,,,10313260,Jinja,,,,,,,,,,,,,,
,,,,10823053,Kaabong,,,,,,,,,,,,,,
,,,,10313509,Kabale,,,,,,,,,,,,,,
,,,,10314754,Kabarole,,,,,,,,,,,,,,
,,,,10315699,Kaberamaido,,,,,,,,,,,,,,
,,,,604492677,Kagadi,,,,,,,,,,,,,,
,,,,604492675,Kakumiro,,,,,,,,,,,,,,
,,,,10315657,Kalangala,,,,,,,,,,,,,,
,,,,10823054,Kaliro,,,,,,,,,,,,,,
,,,,10823055,Kalungu,,,,,,,,,,,,,,
,,,,10315134,Kampala,,,,,,,,,,,,,,
,,,,10314003,Kamuli,,,,,,,,,,,,,,
,,,,10315676,Kamwenge,,,,,,,,,,,,,,
,,,,10313255,Kanungu,,,,,,,,,,,,,,
,,,,10314674,Kapchorwa,,,,,,,,,,,,,,
,,,,10313327,Kasese,,,,,,,,,,,,,,
,,,,10315905,Katakwi,,,,,,,,,,,,,,
,,,,10313528,Kayunga,,,,,,,,,,,,,,
,,,,10313802,Kibaale,,,,,,,,,,,,,,
,,,,10313662,Kiboga,,,,,,,,,,,,,,
,,,,10823056,Kibuku,,,,,,,,,,,,,,
,,,,10823058,Kiryandongo,,,,,,,,,,,,,,
,,,,10315461,Kisoro,,,,,,,,,,,,,,
,,,,10316258,Kitgum,,,,,,,,,,,,,,
,,,,10823059,Koboko,,,,,,,,,,,,,,
,,,,10823060,Kole,,,,,,,,,,,,,,
,,,,10313453,Kotido,,,,,,,,,,,,,,
,,,,10313202,Kumi,,,,,,,,,,,,,,
,,,,10823061,Kween,,,,,,,,,,,,,,
,,,,10823062,Kyankwanzi,,,,,,,,,,,,,,
,,,,10823063,Kyegegwa,,,,,,,,,,,,,,
,,,,10314676,Kyenjojo,,,,,,,,,,,,,,
,,,,604100834,Lake Victoria,,,,,,,,,,,,,,
,,,,10823064,Lamwo,,,,,,,,,,,,,,
,,,,10316350,Lira,,,,,,,,,,,,,,
,,,,10823065,Luuka,,,,,,,,,,,,,,
,,,,10316336,Luwero,,,,,,,,,,,,,,
,,,,10823066,Lwengo,,,,,,,,,,,,,,
,,,,10823067,Lyantonde,,,,,,,,,,,,,,
,,,,10823068,Manafwa,,,,,,,,,,,,,,
,,,,10823069,Maracha,,,,,,,,,,,,,,
,,,,10314767,Masaka,,,,,,,,,,,,,,
,,,,10315830,Masindi,,,,,,,,,,,,,,
,,,,10315476,Mayuge,,,,,,,,,,,,,,
,,,,10316334,Mbale,,,,,,,,,,,,,,
,,,,10313003,Mbarara,,,,,,,,,,,,,,
,,,,10823070,Mitooma,,,,,,,,,,,,,,
,,,,10823071,Mityana,,,,,,,,,,,,,,
,,,,10315326,Moroto,,,,,,,,,,,,,,
,,,,10314946,Moyo,,,,,,,,,,,,,,
,,,,10314319,Mpigi,,,,,,,,,,,,,,
,,,,10316089,Mubende,,,,,,,,,,,,,,
,,,,10313332,Mukono,,,,,,,,,,,,,,
,,,,10314734,Nakapiripirit,,,,,,,,,,,,,,
,,,,10823072,Nakaseke,,,,,,,,,,,,,,
,,,,10315285,Nakasongola,,,,,,,,,,,,,,
,,,,10823073,Namayingo,,,,,,,,,,,,,,
,,,,10823074,Namutumba,,,,,,,,,,,,,,
,,,,10823075,Napak,,,,,,,,,,,,,,
,,,,10314702,Nebbi,,,,,,,,,,,,,,
,,,,10823076,Ngora,,,,,,,,,,,,,,
,,,,10823077,Ntoroko,,,,,,,,,,,,,,
,,,,10315890,Ntungamo,,,,,,,,,,,,,,
,,,,10823078,Nwoya,,,,,,,,,,,,,,
,,,,604492676,Omoro,,,,,,,,,,,,,,
,,,,10823079,Otuke,,,,,,,,,,,,,,
,,,,10823080,Oyam,,,,,,,,,,,,,,
,,,,10315488,Pader,,,,,,,,,,,,,,
,,,,10314071,Pallisa,,,,,,,,,,,,,,
,,,,10316322,Rakai,,,,,,,,,,,,,,
,,,,604100796,Rubanda,,,,,,,,,,,,,,
,,,,10823081,Rubirizi,,,,,,,,,,,,,,
,,,,10313550,Rukungiri,,,,,,,,,,,,,,
,,,,10823082,Serere,,,,,,,,,,,,,,
,,,,10823083,Sheema,,,,,,,,,,,,,,
,,,,10315431,Sironko,,,,,,,,,,,,,,
,,,,10313071,Soroti,,,,,,,,,,,,,,
,,,,10315170,Ssembabule,,,,,,,,,,,,,,
,,,,10313603,Tororo,,,,,,,,,,,,,,
,,,,10313044,Wakiso,,,,,,,,,,,,,,
,,,,10315234,Yumbe,,,,,,,,,,,,,,
,,,,10823084,Zombo,,,,,,,,,,,,,,
,,,,10315270,Navassa Island,,,,,,,,,,,,,,
,,,,10313419,Wake Island,,,,,,,,,,,,,,
,,,,10314366,Andijan,,,,,,,,,,,,,,
,,,,10313059,Bukhara,,,,,,,,,,,,,,
,,,,10314308,Fergana,,,,,,,,,,,,,,
,,,,10314013,Jizzakh,,,,,,,,,,,,,,
,,,,10314357,Karakalpakstan,,,,,,,,,,,,,,
,,,,10315775,Kashkadarya,,,,,,,,,,,,,,
,,,,10312898,Khorezm,,,,,,,,,,,,,,
,,,,10313842,Namangan,,,,,,,,,,,,,,
,,,,10312931,Navoiy,,,,,,,,,,,,,,
,,,,10315915,Samarkand,,,,,,,,,,,,,,
,,,,10315350,Sirdarya,,,,,,,,,,,,,,
,,,,10313686,Surkhandarya,,,,,,,,,,,,,,
,,,,10315289,Tashkent,,,,,,,,,,,,,,
,,,,10313591,Tashkent city,,,,,,,,,,,,,,
,,,,10315137,Amazonas,,,,,,,,,,,,,,
,,,,10315178,Anzoategui,,,,,,,,,,,,,,
,,,,10315758,Apure,,,,,,,,,,,,,,
,,,,10316061,Aragua,,,,,,,,,,,,,,
,,,,10315022,Barinas,,,,,,,,,,,,,,
,,,,10316083,Bolivar,,,,,,,,,,,,,,
,,,,10315931,Carabobo,,,,,,,,,,,,,,
,,,,10314802,Cojedes,,,,,,,,,,,,,,
,,,,10314901,Delta Amacuro,,,,,,,,,,,,,,
,,,,10315380,Distrito Federal,,,,,,,,,,,,,,
,,,,10316062,Falcon,,,,,,,,,,,,,,
,,,,10314155,Federal Dependencies,,,,,,,,,,,,,,
,,,,10313658,Guarico,,,,,,,,,,,,,,
,,,,10313288,Lara,,,,,,,,,,,,,,
,,,,10314931,Merida,,,,,,,,,,,,,,
,,,,10315261,Miranda,,,,,,,,,,,,,,
,,,,10314678,Monagas,,,,,,,,,,,,,,
,,,,10315655,Nueva Esparta,,,,,,,,,,,,,,
,,,,10313957,Portuguesa,,,,,,,,,,,,,,
,,,,10313067,Sucre,,,,,,,,,,,,,,
,,,,10315085,Tachira,,,,,,,,,,,,,,
,,,,10313692,Trujillo,,,,,,,,,,,,,,
,,,,10313302,Vargas,,,,,,,,,,,,,,
,,,,10313054,Yaracuy,,,,,,,,,,,,,,
,,,,10313363,Zulia,,,,,,,,,,,,,,
,,,,10312864,An Giang,,,,,,,,,,,,,,
,,,,10314805,Ba Ria-Vung,,,,,,,,,,,,,,
,,,,10313982,Bac Can,,,,,,,,,,,,,,
,,,,10313593,Bac Giang,,,,,,,,,,,,,,
,,,,10314961,Bac Lieu,,,,,,,,,,,,,,
,,,,10314255,Bac Ninh,,,,,,,,,,,,,,
,,,,10314123,Ben Tre,,,,,,,,,,,,,,
,,,,10314205,Binh Dinh,,,,,,,,,,,,,,
,,,,10314484,Binh Duong,,,,,,,,,,,,,,
,,,,10312981,Binh Phuoc,,,,,,,,,,,,,,
,,,,10313416,Binh Thuan,,,,,,,,,,,,,,
,,,,10314270,Ca Mau,,,,,,,,,,,,,,
,,,,10315410,Cao Bang,,,,,,,,,,,,,,
,,,,10316054,Dak Lak,,,,,,,,,,,,,,
,,,,10315336,Dak Nong,,,,,,,,,,,,,,
,,,,10315141,Dien Bien,,,,,,,,,,,,,,
,,,,10313093,Dong Nai,,,,,,,,,,,,,,
,,,,10312994,Dong Thap,,,,,,,,,,,,,,
,,,,10313824,Gia Lai,,,,,,,,,,,,,,
,,,,10316199,Ha Giang,,,,,,,,,,,,,,
,,,,10314194,Ha Nam,,,,,,,,,,,,,,
,,,,10314740,Ha Tinh,,,,,,,,,,,,,,
,,,,10314057,Hai Duong,,,,,,,,,,,,,,
,,,,10315072,Hau Giang,,,,,,,,,,,,,,
,,,,10316201,Hoa Binh,,,,,,,,,,,,,,
,,,,10315340,Hung Yen,,,,,,,,,,,,,,
,,,,10314204,Khanh Hoa,,,,,,,,,,,,,,
,,,,10313785,Kien Giang,,,,,,,,,,,,,,
,,,,10315101,Kon Tum,,,,,,,,,,,,,,
,,,,10313614,Lai Chau,,,,,,,,,,,,,,
,,,,10314645,Lam Dong,,,,,,,,,,,,,,
,,,,10315059,Lang Son,,,,,,,,,,,,,,
,,,,10316210,Lao Cai,,,,,,,,,,,,,,
,,,,10316300,Long An,,,,,,,,,,,,,,
,,,,10315850,Nam Dinh,,,,,,,,,,,,,,
,,,,10315864,Nghe An,,,,,,,,,,,,,,
,,,,10313073,Ninh Binh,,,,,,,,,,,,,,
,,,,10315481,Ninh Thuan,,,,,,,,,,,,,,
,,,,10315262,Phu Tho,,,,,,,,,,,,,,
,,,,10313572,Phu Yen,,,,,,,,,,,,,,
,,,,10316157,Quang Binh,,,,,,,,,,,,,,
,,,,10314790,Quang Nam,,,,,,,,,,,,,,
,,,,10313598,Quang Ngai,,,,,,,,,,,,,,
,,,,10313615,Quang Ninh,,,,,,,,,,,,,,
,,,,10315921,Quang Tri,,,,,,,,,,,,,,
,,,,10315468,Soc Trang,,,,,,,,,,,,,,
,,,,10313297,Son La,,,,,,,,,,,,,,
,,,,10315356,Tay Ninh,,,,,,,,,,,,,,
,,,,10316431,Thai Binh,,,,,,,,,,,,,,
,,,,10315299,Thai Nguyen,,,,,,,,,,,,,,
,,,,10314068,Thanh Hoa,,,,,,,,,,,,,,
,,,,10314054,Thua Thien H,,,,,,,,,,,,,,
,,,,10314915,Tien Giang,,,,,,,,,,,,,,
,,,,10314176,TP. Can Tho,,,,,,,,,,,,,,
,,,,10313037,TP. Da Nang,,,,,,,,,,,,,,
,,,,10316329,TP. Ha Noi,,,,,,,,,,,,,,
,,,,10314376,TP. Hai Phon,,,,,,,,,,,,,,
,,,,10316328,TP. Ho Chi M,,,,,,,,,,,,,,
,,,,10315132,Tra Vinh,,,,,,,,,,,,,,
,,,,10315210,Tuyen Quang,,,,,,,,,,,,,,
,,,,10312882,Vinh Long,,,,,,,,,,,,,,
,,,,10315160,Vinh Phuc,,,,,,,,,,,,,,
,,,,10313596,Yen Bai,,,,,,,,,,,,,,
,,,,10316019,Malampa,,,,,,,,,,,,,,
,,,,10315662,Penama,,,,,,,,,,,,,,
,,,,10316122,Sanma,,,,,,,,,,,,,,
,,,,10313092,Shefa,,,,,,,,,,,,,,
,,,,10314591,Tafea,,,,,,,,,,,,,,
,,,,10315349,Torba,,,,,,,,,,,,,,
,,,,10314972,Abyan,,,,,,,,,,,,,,
,,,,10315838,Aden,,,,,,,,,,,,,,
,,,,10313562,Al Bayda,,,,,,,,,,,,,,
,,,,10314236,Al Dhale'e,,,,,,,,,,,,,,
,,,,10314874,Al Hudaydah,,,,,,,,,,,,,,
,,,,10315597,Al Jawf,,,,,,,,,,,,,,
,,,,10314289,Al Maharah,,,,,,,,,,,,,,
,,,,10314776,Al Mahwit,,,,,,,,,,,,,,
,,,,10313744,Amanat Al Asimah,,,,,,,,,,,,,,
,,,,10315269,Amran,,,,,,,,,,,,,,
,,,,10315703,Dhamar,,,,,,,,,,,,,,
,,,,10312891,Hadramaut,,,,,,,,,,,,,,
,,,,10316244,Hajjah,,,,,,,,,,,,,,
,,,,10315310,Ibb,,,,,,,,,,,,,,
,,,,10313607,Lahj,,,,,,,,,,,,,,
,,,,10314918,Marib,,,,,,,,,,,,,,
,,,,10315924,Raymah,,,,,,,,,,,,,,
,,,,10313123,Sa'ada,,,,,,,,,,,,,,
,,,,10316121,Sana'a,,,,,,,,,,,,,,
,,,,10315883,Shabwah,,,,,,,,,,,,,,
,,,,10316040,Taizz,,,,,,,,,,,,,,
,,,,10313804,Eastern Cape,,,,,,,,,,,,,,
,,,,10314096,Free State,,,,,,,,,,,,,,
,,,,10313378,Gauteng,,,,,,,,,,,,,,
,,,,10314893,KwaZulu-Natal,,,,,,,,,,,,,,
,,,,10315266,Limpopo,,,,,,,,,,,,,,
,,,,10313486,Mpumalanga,,,,,,,,,,,,,,
,,,,10315889,North West,,,,,,,,,,,,,,
,,,,10312888,Northern Cape,,,,,,,,,,,,,,
,,,,10314313,Western Cape,,,,,,,,,,,,,,
,,,,10314868,Central,,,,,,,,,,,,,,
,,,,10313415,Copperbelt,,,,,,,,,,,,,,
,,,,10314963,Eastern,,,,,,,,,,,,,,
,,,,10313551,Luapula,,,,,,,,,,,,,,
,,,,10313039,Lusaka,,,,,,,,,,,,,,
,,,,10315723,Muchinga,,,,,,,,,,,,,,
,,,,10316195,North-Western,,,,,,,,,,,,,,
,,,,10314120,Northern,,,,,,,,,,,,,,
,,,,10315666,Southern,,,,,,,,,,,,,,
,,,,10316165,Western,,,,,,,,,,,,,,
,,,,10314646,Bulawayo,,,,,,,,,,,,,,
,,,,10315084,Harare,,,,,,,,,,,,,,
,,,,10314375,Manicaland,,,,,,,,,,,,,,
,,,,10314247,Mashonaland Central,,,,,,,,,,,,,,
,,,,10315833,Mashonaland East,,,,,,,,,,,,,,
,,,,10316069,Mashonaland West,,,,,,,,,,,,,,
,,,,10314859,Masvingo,,,,,,,,,,,,,,
,,,,10314690,Matabeleland North,,,,,,,,,,,,,,
,,,,10315089,Matabeleland South,,,,,,,,,,,,,,
,,,,10314196,Midlands,,,,,,,,,,,,,,
