Id,IndicatorCode,SpatialDimension,SpatialDimensionValueCode,TimeDimension,TimeDim,DisaggregatingDimension1,DisaggregatingDimension1ValueCode,DisaggregatingDimension2,DisaggregatingDimension2ValueCode,DisaggregatingDimension3,DisaggregatingDimension3ValueCode,DataSourceDimension,DataSourceDimensionValueCode,Value,NumericValue,Low,High,Comments,Date,TimeDimensionValue,TimeDimensionBegin,TimeDimensionEnd
28132508,MALARIA_IPTP3_COVERAGE,COUNTRY,AGO,YEAR,2020,,,,,,,,,15.0,0.1497,,,,2022-03-02T14:06:57Z,2020,2020-01-01,2020-12-31
28132509,MALARIA_IPTP3_COVERAGE,COUNTRY,AGO,YEAR,2019,,,,,,,,,16.2,0.16161,,,,2022-03-02T14:06:57Z,2019,2019-01-01,2019-12-31
28132510,MALARIA_IPTP3_COVERAGE,COUNTRY,AGO,YEAR,2018,,,,,,,,,13.4,0.13417,,,,2022-03-02T14:06:57Z,2018,2018-01-01,2018-12-31
28132511,MALARIA_IPTP3_COVERAGE,COUNTRY,AGO,YEAR,2017,,,,,,,,,8.6,0.08608,,,,2022-03-02T14:06:57Z,2017,2017-01-01,2017-12-31
28132512,MALARIA_IPTP3_COVERAGE,COUNTRY,AGO,YEAR,2016,,,,,,,,,7.0,0.07024,,,,2022-03-02T14:06:57Z,2016,2016-01-01,2016-12-31
28132513,MALARIA_IPTP3_COVERAGE,COUNTRY,AGO,YEAR,2015,,,,,,,,,12.9,0.12875,,,,2022-03-02T14:06:57Z,2015,2015-01-01,2015-12-31
28132514,MALARIA_IPTP3_COVERAGE,COUNTRY,AGO,YEAR,2014,,,,,,,,,4.6,0.04636,,,,2022-03-02T14:06:57Z,2014,2014-01-01,2014-12-31
28132515,MALARIA_IPTP3_COVERAGE,COUNTRY,AGO,YEAR,2013,,,,,,,,,0,0,,,,2022-03-02T14:06:57Z,2013,2013-01-01,2013-12-31
28132516,MALARIA_IPTP3_COVERAGE,COUNTRY,AGO,YEAR,2012,,,,,,,,,0,0,,,,2022-03-02T14:06:57Z,2012,2012-01-01,2012-12-31
28132517,MALARIA_IPTP3_COVERAGE,COUNTRY,AGO,YEAR,2011,,,,,,,,,0,0,,,,2022-03-02T14:06:57Z,2011,2011-01-01,2011-12-31
28132518,MALARIA_IPTP3_COVERAGE,COUNTRY,AGO,YEAR,2010,,,,,,,,,0,0,,,,2022-03-02T14:06:57Z,2010,2010-01-01,2010-12-31
28132519,MALARIA_IPTP3_COVERAGE,COUNTRY,BDI,YEAR,2020,,,,,,,,,44.5,0.44498,,,,2022-03-02T14:06:57Z,2020,2020-01-01,2020-12-31
28132520,MALARIA_IPTP3_COVERAGE,COUNTRY,BDI,YEAR,2019,,,,,,,,,64.6,0.64601,,,,2022-03-02T14:06:57Z,2019,2019-01-01,2019-12-31
28132521,MALARIA_IPTP3_COVERAGE,COUNTRY,BDI,YEAR,2018,,,,,,,,,60.2,0.6023,,,,2022-03-02T14:06:57Z,2018,2018-01-01,2018-12-31
28132522,MALARIA_IPTP3_COVERAGE,COUNTRY,BDI,YEAR,2017,,,,,,,,,52.6,0.52608,,,,2022-03-02T14:06:57Z,2017,2017-01-01,2017-12-31
28132523,MALARIA_IPTP3_COVERAGE,COUNTRY,BDI,YEAR,2016,,,,,,,,,47.2,0.47153,,,,2022-03-02T14:06:57Z,2016,2016-01-01,2016-12-31
28132524,MALARIA_IPTP3_COVERAGE,COUNTRY,BDI,YEAR,2015,,,,,,,,,41.2,0.41157,,,,2022-03-02T14:06:57Z,2015,2015-01-01,2015-12-31
28132525,MALARIA_IPTP3_COVERAGE,COUNTRY,BDI,YEAR,2014,,,,,,,,,35.2,0.3516,,,,2022-03-02T14:06:57Z,2014,2014-01-01,2014-12-31
28132526,MALARIA_IPTP3_COVERAGE,COUNTRY,BDI,YEAR,2013,,,,,,,,,0,0,,,,2022-03-02T14:06:57Z,2013,2013-01-01,2013-12-31
28132527,MALARIA_IPTP3_COVERAGE,COUNTRY,BDI,YEAR,2012,,,,,,,,,0,0,,,,2022-03-02T14:06:57Z,2012,2012-01-01,2012-12-31
28132528,MALARIA_IPTP3_COVERAGE,COUNTRY,BDI,YEAR,2011,,,,,,,,,0,0,,,,2022-03-02T14:06:57Z,2011,2011-01-01,2011-12-31
28132529,MALARIA_IPTP3_COVERAGE,COUNTRY,BDI,YEAR,2010,,,,,,,,,0,0,,,,2022-03-02T14:06:57Z,2010,2010-01-01,2010-12-31
28132530,MALARIA_IPTP3_COVERAGE,COUNTRY,BEN,YEAR,2020,,,,,,,,,32.6,0.32578,,,,2022-03-02T14:06:57Z,2020,2020-01-01,2020-12-31
28132531,MALARIA_IPTP3_COVERAGE,COUNTRY,BEN,YEAR,2019,,,,,,,,,34.0,0.33973,,,,2022-03-02T14:06:57Z,2019,2019-01-01,2019-12-31
28132532,MALARIA_IPTP3_COVERAGE,COUNTRY,BEN,YEAR,2018,,,,,,,,,27.3,0.27319,,,,2022-03-02T14:06:57Z,2018,2018-01-01,2018-12-31
28132533,MALARIA_IPTP3_COVERAGE,COUNTRY,BEN,YEAR,2017,,,,,,,,,11.3,0.11276,,,,2022-03-02T14:06:57Z,2017,2017-01-01,2017-12-31
28132534,MALARIA_IPTP3_COVERAGE,COUNTRY,BEN,YEAR,2016,,,,,,,,,0,0,,,,2022-03-02T14:06:57Z,2016,2016-01-01,2016-12-31
28132535,MALARIA_IPTP3_COVERAGE,COUNTRY,BEN,YEAR,2015,,,,,,,,,0,0,,,,2022-03-02T14:06:57Z,2015,2015-01-01,2015-12-31
28132536,MALARIA_IPTP3_COVERAGE,COUNTRY,BEN,YEAR,2014,,,,,,,,,0,0,,,,2022-03-02T14:06:57Z,2014,2014-01-01,2014-12-31
28132537,MALARIA_IPTP3_COVERAGE,COUNTRY,BEN,YEAR,2013,,,,,,,,,0,0,,,,2022-03-02T14:06:57Z,2013,2013-01-01,2013-12-31
28132538,MALARIA_IPTP3_COVERAGE,COUNTRY,BEN,YEAR,2012,,,,,,,,,0,0,,,,2022-03-02T14:06:57Z,2012,2012-01-01,2012-12-31
28132539,MALARIA_IPTP3_COVERAGE,COUNTRY,BEN,YEAR,2011,,,,,,,,,0,0,,,,2022-03-02T14:06:57Z,2011,2011-01-01,2011-12-31
28132540,MALARIA_IPTP3_COVERAGE,COUNTRY,BEN,YEAR,2010,,,,,,,,,0,0,,,,2022-03-02T14:06:57Z,2010,2010-01-01,2010-12-31
28132541,MALARIA_IPTP3_COVERAGE,COUNTRY,BFA,YEAR,2020,,,,,,,,,52.4,0.52426,,,,2022-03-02T14:06:57Z,2020,2020-01-01,2020-12-31
28132542,MALARIA_IPTP3_COVERAGE,COUNTRY,BFA,YEAR,2019,,,,,,,,,58.8,0.58806,,,,2022-03-02T14:06:57Z,2019,2019-01-01,2019-12-31
28132543,MALARIA_IPTP3_COVERAGE,COUNTRY,BFA,YEAR,2018,,,,,,,,,58.0,0.5799,,,,2022-03-02T14:06:57Z,2018,2018-01-01,2018-12-31
28132544,MALARIA_IPTP3_COVERAGE,COUNTRY,BFA,YEAR,2017,,,,,,,,,41.4,0.41429,,,,2022-03-02T14:06:57Z,2017,2017-01-01,2017-12-31
28132545,MALARIA_IPTP3_COVERAGE,COUNTRY,BFA,YEAR,2016,,,,,,,,,51.0,0.50989,,,,2022-03-02T14:06:57Z,2016,2016-01-01,2016-12-31
28132546,MALARIA_IPTP3_COVERAGE,COUNTRY,BFA,YEAR,2015,,,,,,,,,38.5,0.38482,,,,2022-03-02T14:06:57Z,2015,2015-01-01,2015-12-31
28132547,MALARIA_IPTP3_COVERAGE,COUNTRY,BFA,YEAR,2014,,,,,,,,,14.8,0.14841,,,,2022-03-02T14:06:57Z,2014,2014-01-01,2014-12-31
28132548,MALARIA_IPTP3_COVERAGE,COUNTRY,BFA,YEAR,2013,,,,,,,,,0,0,,,,2022-03-02T14:06:57Z,2013,2013-01-01,2013-12-31
28132549,MALARIA_IPTP3_COVERAGE,COUNTRY,BFA,YEAR,2012,,,,,,,,,0,0,,,,2022-03-02T14:06:57Z,2012,2012-01-01,2012-12-31
28132550,MALARIA_IPTP3_COVERAGE,COUNTRY,BFA,YEAR,2011,,,,,,,,,0,0,,,,2022-03-02T14:06:57Z,2011,2011-01-01,2011-12-31
28132551,MALARIA_IPTP3_COVERAGE,COUNTRY,BFA,YEAR,2010,,,,,,,,,0,0,,,,2022-03-02T14:06:57Z,2010,2010-01-01,2010-12-31
28132552,MALARIA_IPTP3_COVERAGE,COUNTRY,CAF,YEAR,2020,,,,,,,,,36.7,0.36655,,,,2022-03-02T14:06:57Z,2020,2020-01-01,2020-12-31
28132553,MALARIA_IPTP3_COVERAGE,COUNTRY,CAF,YEAR,2019,,,,,,,,,36.8,0.3679,,,,2022-03-02T14:06:57Z,2019,2019-01-01,2019-12-31
28132554,MALARIA_IPTP3_COVERAGE,COUNTRY,CAF,YEAR,2018,,,,,,,,,29.7,0.29705,,,,2022-03-02T14:06:57Z,2018,2018-01-01,2018-12-31
28132555,MALARIA_IPTP3_COVERAGE,COUNTRY,CAF,YEAR,2017,,,,,,,,,15.6,0.15582,,,,2022-03-02T14:06:57Z,2017,2017-01-01,2017-12-31
28132556,MALARIA_IPTP3_COVERAGE,COUNTRY,CAF,YEAR,2016,,,,,,,,,20.8,0.20839,,,,2022-03-02T14:06:57Z,2016,2016-01-01,2016-12-31
28132557,MALARIA_IPTP3_COVERAGE,COUNTRY,CAF,YEAR,2015,,,,,,,,,13.5,0.13487,,,,2022-03-02T14:06:57Z,2015,2015-01-01,2015-12-31
28132558,MALARIA_IPTP3_COVERAGE,COUNTRY,CAF,YEAR,2014,,,,,,,,,0,0,,,,2022-03-02T14:06:57Z,2014,2014-01-01,2014-12-31
28132559,MALARIA_IPTP3_COVERAGE,COUNTRY,CAF,YEAR,2013,,,,,,,,,0,0,,,,2022-03-02T14:06:57Z,2013,2013-01-01,2013-12-31
28132560,MALARIA_IPTP3_COVERAGE,COUNTRY,CAF,YEAR,2012,,,,,,,,,0,0,,,,2022-03-02T14:06:57Z,2012,2012-01-01,2012-12-31
28132561,MALARIA_IPTP3_COVERAGE,COUNTRY,CAF,YEAR,2011,,,,,,,,,0,0,,,,2022-03-02T14:06:57Z,2011,2011-01-01,2011-12-31
28132562,MALARIA_IPTP3_COVERAGE,COUNTRY,CAF,YEAR,2010,,,,,,,,,0,0,,,,2022-03-02T14:06:57Z,2010,2010-01-01,2010-12-31
28132563,MALARIA_IPTP3_COVERAGE,COUNTRY,CIV,YEAR,2020,,,,,,,,,39.0,0.38995,,,,2022-03-02T14:06:57Z,2020,2020-01-01,2020-12-31
28132564,MALARIA_IPTP3_COVERAGE,COUNTRY,CIV,YEAR,2019,,,,,,,,,41.5,0.41459,,,,2022-03-02T14:06:57Z,2019,2019-01-01,2019-12-31
28132565,MALARIA_IPTP3_COVERAGE,COUNTRY,CIV,YEAR,2018,,,,,,,,,38.1,0.38108,,,,2022-03-02T14:06:57Z,2018,2018-01-01,2018-12-31
28132566,MALARIA_IPTP3_COVERAGE,COUNTRY,CIV,YEAR,2017,,,,,,,,,32.7,0.32739,,,,2022-03-02T14:06:57Z,2017,2017-01-01,2017-12-31
28132567,MALARIA_IPTP3_COVERAGE,COUNTRY,CIV,YEAR,2016,,,,,,,,,29.7,0.29714,,,,2022-03-02T14:06:57Z,2016,2016-01-01,2016-12-31
28132568,MALARIA_IPTP3_COVERAGE,COUNTRY,CIV,YEAR,2015,,,,,,,,,10.4,0.10405,,,,2022-03-02T14:06:57Z,2015,2015-01-01,2015-12-31
28132569,MALARIA_IPTP3_COVERAGE,COUNTRY,CIV,YEAR,2014,,,,,,,,,19.1,0.19059,,,,2022-03-02T14:06:57Z,2014,2014-01-01,2014-12-31
28132570,MALARIA_IPTP3_COVERAGE,COUNTRY,CIV,YEAR,2013,,,,,,,,,9.3,0.09327,,,,2022-03-02T14:06:57Z,2013,2013-01-01,2013-12-31
28132571,MALARIA_IPTP3_COVERAGE,COUNTRY,CIV,YEAR,2012,,,,,,,,,0,0,,,,2022-03-02T14:06:57Z,2012,2012-01-01,2012-12-31
28132572,MALARIA_IPTP3_COVERAGE,COUNTRY,CIV,YEAR,2011,,,,,,,,,0,0,,,,2022-03-02T14:06:57Z,2011,2011-01-01,2011-12-31
28132573,MALARIA_IPTP3_COVERAGE,COUNTRY,CIV,YEAR,2010,,,,,,,,,0,0,,,,2022-03-02T14:06:57Z,2010,2010-01-01,2010-12-31
28132574,MALARIA_IPTP3_COVERAGE,COUNTRY,CMR,YEAR,2020,,,,,,,,,24.7,0.24696,,,,2022-03-02T14:06:58Z,2020,2020-01-01,2020-12-31
28132575,MALARIA_IPTP3_COVERAGE,COUNTRY,CMR,YEAR,2019,,,,,,,,,32.0,0.31995,,,,2022-03-02T14:06:58Z,2019,2019-01-01,2019-12-31
28132576,MALARIA_IPTP3_COVERAGE,COUNTRY,CMR,YEAR,2018,,,,,,,,,26.0,0.26032,,,,2022-03-02T14:06:58Z,2018,2018-01-01,2018-12-31
28132577,MALARIA_IPTP3_COVERAGE,COUNTRY,CMR,YEAR,2017,,,,,,,,,23.5,0.23535,,,,2022-03-02T14:06:58Z,2017,2017-01-01,2017-12-31
28132578,MALARIA_IPTP3_COVERAGE,COUNTRY,CMR,YEAR,2016,,,,,,,,,19.3,0.19322,,,,2022-03-02T14:06:58Z,2016,2016-01-01,2016-12-31
28132579,MALARIA_IPTP3_COVERAGE,COUNTRY,CMR,YEAR,2015,,,,,,,,,17.7,0.17703,,,,2022-03-02T14:06:58Z,2015,2015-01-01,2015-12-31
28132580,MALARIA_IPTP3_COVERAGE,COUNTRY,CMR,YEAR,2014,,,,,,,,,15.1,0.1509,,,,2022-03-02T14:06:58Z,2014,2014-01-01,2014-12-31
28132581,MALARIA_IPTP3_COVERAGE,COUNTRY,CMR,YEAR,2013,,,,,,,,,15.6,0.15641,,,,2022-03-02T14:06:58Z,2013,2013-01-01,2013-12-31
28132582,MALARIA_IPTP3_COVERAGE,COUNTRY,CMR,YEAR,2012,,,,,,,,,14.5,0.14464,,,,2022-03-02T14:06:58Z,2012,2012-01-01,2012-12-31
28132583,MALARIA_IPTP3_COVERAGE,COUNTRY,CMR,YEAR,2011,,,,,,,,,0,0,,,,2022-03-02T14:06:58Z,2011,2011-01-01,2011-12-31
28132584,MALARIA_IPTP3_COVERAGE,COUNTRY,CMR,YEAR,2010,,,,,,,,,0,0,,,,2022-03-02T14:06:58Z,2010,2010-01-01,2010-12-31
28132585,MALARIA_IPTP3_COVERAGE,COUNTRY,COD,YEAR,2020,,,,,,,,,59.9,0.59946,,,,2022-03-02T14:06:58Z,2020,2020-01-01,2020-12-31
28132586,MALARIA_IPTP3_COVERAGE,COUNTRY,COD,YEAR,2019,,,,,,,,,59.1,0.59139,,,,2022-03-02T14:06:58Z,2019,2019-01-01,2019-12-31
28132587,MALARIA_IPTP3_COVERAGE,COUNTRY,COD,YEAR,2018,,,,,,,,,50.2,0.50248,,,,2022-03-02T14:06:58Z,2018,2018-01-01,2018-12-31
28132588,MALARIA_IPTP3_COVERAGE,COUNTRY,COD,YEAR,2017,,,,,,,,,40.7,0.40678,,,,2022-03-02T14:06:58Z,2017,2017-01-01,2017-12-31
28132589,MALARIA_IPTP3_COVERAGE,COUNTRY,COD,YEAR,2016,,,,,,,,,29.6,0.29639,,,,2022-03-02T14:06:58Z,2016,2016-01-01,2016-12-31
28132590,MALARIA_IPTP3_COVERAGE,COUNTRY,COD,YEAR,2015,,,,,,,,,10.3,0.1033,,,,2022-03-02T14:06:58Z,2015,2015-01-01,2015-12-31
28132591,MALARIA_IPTP3_COVERAGE,COUNTRY,COD,YEAR,2014,,,,,,,,,0.02,1.8e-4,,,,2022-03-02T14:06:58Z,2014,2014-01-01,2014-12-31
28132592,MALARIA_IPTP3_COVERAGE,COUNTRY,COD,YEAR,2013,,,,,,,,,0,0,,,,2022-03-02T14:06:58Z,2013,2013-01-01,2013-12-31
28132593,MALARIA_IPTP3_COVERAGE,COUNTRY,COD,YEAR,2012,,,,,,,,,0,0,,,,2022-03-02T14:06:58Z,2012,2012-01-01,2012-12-31
28132594,MALARIA_IPTP3_COVERAGE,COUNTRY,COD,YEAR,2011,,,,,,,,,0,0,,,,2022-03-02T14:06:58Z,2011,2011-01-01,2011-12-31
28132595,MALARIA_IPTP3_COVERAGE,COUNTRY,COD,YEAR,2010,,,,,,,,,0,0,,,,2022-03-02T14:06:58Z,2010,2010-01-01,2010-12-31
28132596,MALARIA_IPTP3_COVERAGE,COUNTRY,COG,YEAR,2020,,,,,,,,,3.3,0.0326,,,,2022-03-02T14:06:58Z,2020,2020-01-01,2020-12-31
28132597,MALARIA_IPTP3_COVERAGE,COUNTRY,COG,YEAR,2019,,,,,,,,,7.2,0.07166,,,,2022-03-02T14:06:58Z,2019,2019-01-01,2019-12-31
28132598,MALARIA_IPTP3_COVERAGE,COUNTRY,COG,YEAR,2018,,,,,,,,,7.6,0.07627,,,,2022-03-02T14:06:58Z,2018,2018-01-01,2018-12-31
28132599,MALARIA_IPTP3_COVERAGE,COUNTRY,COG,YEAR,2017,,,,,,,,,5.3,0.05278,,,,2022-03-02T14:06:58Z,2017,2017-01-01,2017-12-31
28132600,MALARIA_IPTP3_COVERAGE,COUNTRY,COG,YEAR,2016,,,,,,,,,2.7,0.02708,,,,2022-03-02T14:06:58Z,2016,2016-01-01,2016-12-31
28132601,MALARIA_IPTP3_COVERAGE,COUNTRY,COG,YEAR,2015,,,,,,,,,4.5,0.04457,,,,2022-03-02T14:06:58Z,2015,2015-01-01,2015-12-31
28132602,MALARIA_IPTP3_COVERAGE,COUNTRY,COG,YEAR,2014,,,,,,,,,3.4,0.03436,,,,2022-03-02T14:06:58Z,2014,2014-01-01,2014-12-31
28132603,MALARIA_IPTP3_COVERAGE,COUNTRY,COG,YEAR,2013,,,,,,,,,0,0,,,,2022-03-02T14:06:58Z,2013,2013-01-01,2013-12-31
28132604,MALARIA_IPTP3_COVERAGE,COUNTRY,COG,YEAR,2012,,,,,,,,,0,0,,,,2022-03-02T14:06:58Z,2012,2012-01-01,2012-12-31
28132605,MALARIA_IPTP3_COVERAGE,COUNTRY,COG,YEAR,2011,,,,,,,,,0,0,,,,2022-03-02T14:06:58Z,2011,2011-01-01,2011-12-31
28132606,MALARIA_IPTP3_COVERAGE,COUNTRY,COG,YEAR,2010,,,,,,,,,0,0,,,,2022-03-02T14:06:58Z,2010,2010-01-01,2010-12-31
28132607,MALARIA_IPTP3_COVERAGE,COUNTRY,GAB,YEAR,2020,,,,,,,,,15.4,0.15402,,,,2022-03-02T14:06:58Z,2020,2020-01-01,2020-12-31
28132608,MALARIA_IPTP3_COVERAGE,COUNTRY,GAB,YEAR,2019,,,,,,,,,24.0,0.24031,,,,2022-03-02T14:06:58Z,2019,2019-01-01,2019-12-31
28132609,MALARIA_IPTP3_COVERAGE,COUNTRY,GAB,YEAR,2018,,,,,,,,,33.2,0.33181,,,,2022-03-02T14:06:58Z,2018,2018-01-01,2018-12-31
28132610,MALARIA_IPTP3_COVERAGE,COUNTRY,GAB,YEAR,2017,,,,,,,,,8.4,0.08401,,,,2022-03-02T14:06:58Z,2017,2017-01-01,2017-12-31
28132611,MALARIA_IPTP3_COVERAGE,COUNTRY,GAB,YEAR,2016,,,,,,,,,9.0,0.09027,,,,2022-03-02T14:06:58Z,2016,2016-01-01,2016-12-31
28132612,MALARIA_IPTP3_COVERAGE,COUNTRY,GAB,YEAR,2015,,,,,,,,,7.2,0.07217,,,,2022-03-02T14:06:58Z,2015,2015-01-01,2015-12-31
28132613,MALARIA_IPTP3_COVERAGE,COUNTRY,GAB,YEAR,2014,,,,,,,,,9.1,0.09132,,,,2022-03-02T14:06:58Z,2014,2014-01-01,2014-12-31
28132614,MALARIA_IPTP3_COVERAGE,COUNTRY,GAB,YEAR,2013,,,,,,,,,6.1,0.06145,,,,2022-03-02T14:06:58Z,2013,2013-01-01,2013-12-31
28132615,MALARIA_IPTP3_COVERAGE,COUNTRY,GAB,YEAR,2012,,,,,,,,,3.0,0.0301,,,,2022-03-02T14:06:58Z,2012,2012-01-01,2012-12-31
28132616,MALARIA_IPTP3_COVERAGE,COUNTRY,GAB,YEAR,2011,,,,,,,,,0,0,,,,2022-03-02T14:06:58Z,2011,2011-01-01,2011-12-31
28132617,MALARIA_IPTP3_COVERAGE,COUNTRY,GAB,YEAR,2010,,,,,,,,,1.0,0.01019,,,,2022-03-02T14:06:58Z,2010,2010-01-01,2010-12-31
28132618,MALARIA_IPTP3_COVERAGE,COUNTRY,GHA,YEAR,2020,,,,,,,,,40.1,0.40053,,,,2022-03-02T14:06:58Z,2020,2020-01-01,2020-12-31
28132619,MALARIA_IPTP3_COVERAGE,COUNTRY,GHA,YEAR,2019,,,,,,,,,47.8,0.47849,,,,2022-03-02T14:06:58Z,2019,2019-01-01,2019-12-31
28132620,MALARIA_IPTP3_COVERAGE,COUNTRY,GHA,YEAR,2018,,,,,,,,,46.6,0.46578,,,,2022-03-02T14:06:58Z,2018,2018-01-01,2018-12-31
28132621,MALARIA_IPTP3_COVERAGE,COUNTRY,GHA,YEAR,2017,,,,,,,,,43.6,0.43558,,,,2022-03-02T14:06:58Z,2017,2017-01-01,2017-12-31
28132622,MALARIA_IPTP3_COVERAGE,COUNTRY,GHA,YEAR,2016,,,,,,,,,37.9,0.37939,,,,2022-03-02T14:06:58Z,2016,2016-01-01,2016-12-31
28132623,MALARIA_IPTP3_COVERAGE,COUNTRY,GHA,YEAR,2015,,,,,,,,,42.6,0.4262,,,,2022-03-02T14:06:58Z,2015,2015-01-01,2015-12-31
28132624,MALARIA_IPTP3_COVERAGE,COUNTRY,GHA,YEAR,2014,,,,,,,,,26.0,0.26034,,,,2022-03-02T14:06:58Z,2014,2014-01-01,2014-12-31
28132625,MALARIA_IPTP3_COVERAGE,COUNTRY,GHA,YEAR,2013,,,,,,,,,40.1,0.40091,,,,2022-03-02T14:06:58Z,2013,2013-01-01,2013-12-31
28132626,MALARIA_IPTP3_COVERAGE,COUNTRY,GHA,YEAR,2012,,,,,,,,,45.5,0.45508,,,,2022-03-02T14:06:58Z,2012,2012-01-01,2012-12-31
28132627,MALARIA_IPTP3_COVERAGE,COUNTRY,GHA,YEAR,2011,,,,,,,,,0,0,,,,2022-03-02T14:06:58Z,2011,2011-01-01,2011-12-31
28132628,MALARIA_IPTP3_COVERAGE,COUNTRY,GHA,YEAR,2010,,,,,,,,,0,0,,,,2022-03-02T14:06:58Z,2010,2010-01-01,2010-12-31
28132629,MALARIA_IPTP3_COVERAGE,COUNTRY,GIN,YEAR,2020,,,,,,,,,72.8,0.72783,,,,2022-03-02T14:06:58Z,2020,2020-01-01,2020-12-31
28132630,MALARIA_IPTP3_COVERAGE,COUNTRY,GIN,YEAR,2019,,,,,,,,,73.3,0.73324,,,,2022-03-02T14:06:58Z,2019,2019-01-01,2019-12-31
28132631,MALARIA_IPTP3_COVERAGE,COUNTRY,GIN,YEAR,2018,,,,,,,,,68.5,0.68464,,,,2022-03-02T14:06:58Z,2018,2018-01-01,2018-12-31
28132632,MALARIA_IPTP3_COVERAGE,COUNTRY,GIN,YEAR,2017,,,,,,,,,29.5,0.29491,,,,2022-03-02T14:06:58Z,2017,2017-01-01,2017-12-31
28132633,MALARIA_IPTP3_COVERAGE,COUNTRY,GIN,YEAR,2016,,,,,,,,,0,0,,,,2022-03-02T14:06:58Z,2016,2016-01-01,2016-12-31
28132634,MALARIA_IPTP3_COVERAGE,COUNTRY,GIN,YEAR,2015,,,,,,,,,0,0,,,,2022-03-02T14:06:58Z,2015,2015-01-01,2015-12-31
28132635,MALARIA_IPTP3_COVERAGE,COUNTRY,GIN,YEAR,2014,,,,,,,,,0,0,,,,2022-03-02T14:06:58Z,2014,2014-01-01,2014-12-31
28132636,MALARIA_IPTP3_COVERAGE,COUNTRY,GIN,YEAR,2013,,,,,,,,,0,0,,,,2022-03-02T14:06:58Z,2013,2013-01-01,2013-12-31
28132637,MALARIA_IPTP3_COVERAGE,COUNTRY,GIN,YEAR,2012,,,,,,,,,0,0,,,,2022-03-02T14:06:58Z,2012,2012-01-01,2012-12-31
28132638,MALARIA_IPTP3_COVERAGE,COUNTRY,GIN,YEAR,2011,,,,,,,,,0,0,,,,2022-03-02T14:06:58Z,2011,2011-01-01,2011-12-31
28132639,MALARIA_IPTP3_COVERAGE,COUNTRY,GIN,YEAR,2010,,,,,,,,,0,0,,,,2022-03-02T14:06:58Z,2010,2010-01-01,2010-12-31
28132640,MALARIA_IPTP3_COVERAGE,COUNTRY,GMB,YEAR,2020,,,,,,,,,33.2,0.33209,,,,2022-03-02T14:06:58Z,2020,2020-01-01,2020-12-31
28132641,MALARIA_IPTP3_COVERAGE,COUNTRY,GMB,YEAR,2019,,,,,,,,,46.6,0.46623,,,,2022-03-02T14:06:58Z,2019,2019-01-01,2019-12-31
28132642,MALARIA_IPTP3_COVERAGE,COUNTRY,GMB,YEAR,2018,,,,,,,,,46.5,0.46519,,,,2022-03-02T14:06:58Z,2018,2018-01-01,2018-12-31
28132643,MALARIA_IPTP3_COVERAGE,COUNTRY,GMB,YEAR,2017,,,,,,,,,21.3,0.21329,,,,2022-03-02T14:06:58Z,2017,2017-01-01,2017-12-31
28132644,MALARIA_IPTP3_COVERAGE,COUNTRY,GMB,YEAR,2016,,,,,,,,,6.5,0.06492,,,,2022-03-02T14:06:58Z,2016,2016-01-01,2016-12-31
28132645,MALARIA_IPTP3_COVERAGE,COUNTRY,GMB,YEAR,2015,,,,,,,,,0,0,,,,2022-03-02T14:06:58Z,2015,2015-01-01,2015-12-31
28132646,MALARIA_IPTP3_COVERAGE,COUNTRY,GMB,YEAR,2014,,,,,,,,,0,0,,,,2022-03-02T14:06:58Z,2014,2014-01-01,2014-12-31
28132647,MALARIA_IPTP3_COVERAGE,COUNTRY,GMB,YEAR,2013,,,,,,,,,0,0,,,,2022-03-02T14:06:58Z,2013,2013-01-01,2013-12-31
28132648,MALARIA_IPTP3_COVERAGE,COUNTRY,GMB,YEAR,2012,,,,,,,,,0,0,,,,2022-03-02T14:06:58Z,2012,2012-01-01,2012-12-31
28132649,MALARIA_IPTP3_COVERAGE,COUNTRY,GMB,YEAR,2011,,,,,,,,,0,0,,,,2022-03-02T14:06:58Z,2011,2011-01-01,2011-12-31
28132650,MALARIA_IPTP3_COVERAGE,COUNTRY,GMB,YEAR,2010,,,,,,,,,0,0,,,,2022-03-02T14:06:58Z,2010,2010-01-01,2010-12-31
28132651,MALARIA_IPTP3_COVERAGE,COUNTRY,GNB,YEAR,2020,,,,,,,,,33.8,0.33822,,,,2022-03-02T14:06:58Z,2020,2020-01-01,2020-12-31
28132652,MALARIA_IPTP3_COVERAGE,COUNTRY,GNB,YEAR,2019,,,,,,,,,39.8,0.3979,,,,2022-03-02T14:06:58Z,2019,2019-01-01,2019-12-31
28132653,MALARIA_IPTP3_COVERAGE,COUNTRY,GNB,YEAR,2018,,,,,,,,,29.1,0.29085,,,,2022-03-02T14:06:58Z,2018,2018-01-01,2018-12-31
28132654,MALARIA_IPTP3_COVERAGE,COUNTRY,GNB,YEAR,2017,,,,,,,,,17.5,0.17486,,,,2022-03-02T14:06:58Z,2017,2017-01-01,2017-12-31
28132655,MALARIA_IPTP3_COVERAGE,COUNTRY,GNB,YEAR,2016,,,,,,,,,6.4,0.06405,,,,2022-03-02T14:06:58Z,2016,2016-01-01,2016-12-31
28132656,MALARIA_IPTP3_COVERAGE,COUNTRY,GNB,YEAR,2015,,,,,,,,,0,0,,,,2022-03-02T14:06:58Z,2015,2015-01-01,2015-12-31
28132657,MALARIA_IPTP3_COVERAGE,COUNTRY,GNB,YEAR,2014,,,,,,,,,0,0,,,,2022-03-02T14:06:58Z,2014,2014-01-01,2014-12-31
28132658,MALARIA_IPTP3_COVERAGE,COUNTRY,GNB,YEAR,2013,,,,,,,,,0,0,,,,2022-03-02T14:06:58Z,2013,2013-01-01,2013-12-31
28132659,MALARIA_IPTP3_COVERAGE,COUNTRY,GNB,YEAR,2012,,,,,,,,,0,0,,,,2022-03-02T14:06:58Z,2012,2012-01-01,2012-12-31
28132660,MALARIA_IPTP3_COVERAGE,COUNTRY,GNB,YEAR,2011,,,,,,,,,0,0,,,,2022-03-02T14:06:58Z,2011,2011-01-01,2011-12-31
28132661,MALARIA_IPTP3_COVERAGE,COUNTRY,GNB,YEAR,2010,,,,,,,,,0,0,,,,2022-03-02T14:06:58Z,2010,2010-01-01,2010-12-31
28132662,MALARIA_IPTP3_COVERAGE,COUNTRY,GNQ,YEAR,2020,,,,,,,,,3.6,0.03591,,,,2022-03-02T14:06:58Z,2020,2020-01-01,2020-12-31
28132663,MALARIA_IPTP3_COVERAGE,COUNTRY,GNQ,YEAR,2019,,,,,,,,,4.2,0.04224,,,,2022-03-02T14:06:58Z,2019,2019-01-01,2019-12-31
28132664,MALARIA_IPTP3_COVERAGE,COUNTRY,GNQ,YEAR,2018,,,,,,,,,3.9,0.03903,,,,2022-03-02T14:06:59Z,2018,2018-01-01,2018-12-31
28132665,MALARIA_IPTP3_COVERAGE,COUNTRY,GNQ,YEAR,2017,,,,,,,,,3.2,0.03167,,,,2022-03-02T14:06:59Z,2017,2017-01-01,2017-12-31
28132666,MALARIA_IPTP3_COVERAGE,COUNTRY,GNQ,YEAR,2016,,,,,,,,,3.5,0.03488,,,,2022-03-02T14:06:59Z,2016,2016-01-01,2016-12-31
28132667,MALARIA_IPTP3_COVERAGE,COUNTRY,GNQ,YEAR,2015,,,,,,,,,2.7,0.02692,,,,2022-03-02T14:06:59Z,2015,2015-01-01,2015-12-31
28132668,MALARIA_IPTP3_COVERAGE,COUNTRY,GNQ,YEAR,2014,,,,,,,,,2.3,0.02268,,,,2022-03-02T14:06:59Z,2014,2014-01-01,2014-12-31
28132669,MALARIA_IPTP3_COVERAGE,COUNTRY,GNQ,YEAR,2013,,,,,,,,,1.7,0.01727,,,,2022-03-02T14:06:59Z,2013,2013-01-01,2013-12-31
28132670,MALARIA_IPTP3_COVERAGE,COUNTRY,GNQ,YEAR,2012,,,,,,,,,0,0,,,,2022-03-02T14:06:59Z,2012,2012-01-01,2012-12-31
28132671,MALARIA_IPTP3_COVERAGE,COUNTRY,GNQ,YEAR,2011,,,,,,,,,0,0,,,,2022-03-02T14:06:59Z,2011,2011-01-01,2011-12-31
28132672,MALARIA_IPTP3_COVERAGE,COUNTRY,GNQ,YEAR,2010,,,,,,,,,0,0,,,,2022-03-02T14:06:59Z,2010,2010-01-01,2010-12-31
28132673,MALARIA_IPTP3_COVERAGE,COUNTRY,KEN,YEAR,2020,,,,,,,,,26.5,0.26509,,,,2022-03-02T14:06:59Z,2020,2020-01-01,2020-12-31
28132674,MALARIA_IPTP3_COVERAGE,COUNTRY,KEN,YEAR,2019,,,,,,,,,28.6,0.28645,,,,2022-03-02T14:06:59Z,2019,2019-01-01,2019-12-31
28132675,MALARIA_IPTP3_COVERAGE,COUNTRY,KEN,YEAR,2018,,,,,,,,,26.1,0.26104,,,,2022-03-02T14:06:59Z,2018,2018-01-01,2018-12-31
28132676,MALARIA_IPTP3_COVERAGE,COUNTRY,KEN,YEAR,2017,,,,,,,,,23.6,0.23562,,,,2022-03-02T14:06:59Z,2017,2017-01-01,2017-12-31
28132677,MALARIA_IPTP3_COVERAGE,COUNTRY,KEN,YEAR,2016,,,,,,,,,21.0,0.21021,,,,2022-03-02T14:06:59Z,2016,2016-01-01,2016-12-31
28132678,MALARIA_IPTP3_COVERAGE,COUNTRY,KEN,YEAR,2015,,,,,,,,,23.0,0.2299,,,,2022-03-02T14:06:59Z,2015,2015-01-01,2015-12-31
28132679,MALARIA_IPTP3_COVERAGE,COUNTRY,KEN,YEAR,2014,,,,,,,,,10.3,0.103,,,,2022-03-02T14:06:59Z,2014,2014-01-01,2014-12-31
28132680,MALARIA_IPTP3_COVERAGE,COUNTRY,KEN,YEAR,2013,,,,,,,,,13.4,0.13397,,,,2022-03-02T14:06:59Z,2013,2013-01-01,2013-12-31
28132681,MALARIA_IPTP3_COVERAGE,COUNTRY,KEN,YEAR,2012,,,,,,,,,10.9,0.10855,,,,2022-03-02T14:06:59Z,2012,2012-01-01,2012-12-31
28132682,MALARIA_IPTP3_COVERAGE,COUNTRY,KEN,YEAR,2011,,,,,,,,,8.3,0.08314,,,,2022-03-02T14:06:59Z,2011,2011-01-01,2011-12-31
28132683,MALARIA_IPTP3_COVERAGE,COUNTRY,KEN,YEAR,2010,,,,,,,,,6.9,0.069,,,,2022-03-02T14:06:59Z,2010,2010-01-01,2010-12-31
28132684,MALARIA_IPTP3_COVERAGE,COUNTRY,LBR,YEAR,2020,,,,,,,,,39.0,0.38974,,,,2022-03-02T14:06:59Z,2020,2020-01-01,2020-12-31
28132685,MALARIA_IPTP3_COVERAGE,COUNTRY,LBR,YEAR,2019,,,,,,,,,41.0,0.41025,,,,2022-03-02T14:06:59Z,2019,2019-01-01,2019-12-31
28132686,MALARIA_IPTP3_COVERAGE,COUNTRY,LBR,YEAR,2018,,,,,,,,,41.1,0.41147,,,,2022-03-02T14:06:59Z,2018,2018-01-01,2018-12-31
28132687,MALARIA_IPTP3_COVERAGE,COUNTRY,LBR,YEAR,2017,,,,,,,,,4.5,0.04535,,,,2022-03-02T14:06:59Z,2017,2017-01-01,2017-12-31
28132688,MALARIA_IPTP3_COVERAGE,COUNTRY,LBR,YEAR,2016,,,,,,,,,0,0,,,,2022-03-02T14:06:59Z,2016,2016-01-01,2016-12-31
28132689,MALARIA_IPTP3_COVERAGE,COUNTRY,LBR,YEAR,2015,,,,,,,,,0,0,,,,2022-03-02T14:06:59Z,2015,2015-01-01,2015-12-31
28132690,MALARIA_IPTP3_COVERAGE,COUNTRY,LBR,YEAR,2014,,,,,,,,,0,0,,,,2022-03-02T14:06:59Z,2014,2014-01-01,2014-12-31
28132691,MALARIA_IPTP3_COVERAGE,COUNTRY,LBR,YEAR,2013,,,,,,,,,0,0,,,,2022-03-02T14:06:59Z,2013,2013-01-01,2013-12-31
28132692,MALARIA_IPTP3_COVERAGE,COUNTRY,LBR,YEAR,2012,,,,,,,,,0,0,,,,2022-03-02T14:06:59Z,2012,2012-01-01,2012-12-31
28132693,MALARIA_IPTP3_COVERAGE,COUNTRY,LBR,YEAR,2011,,,,,,,,,0,0,,,,2022-03-02T14:06:59Z,2011,2011-01-01,2011-12-31
28132694,MALARIA_IPTP3_COVERAGE,COUNTRY,LBR,YEAR,2010,,,,,,,,,0,0,,,,2022-03-02T14:06:59Z,2010,2010-01-01,2010-12-31
28132695,MALARIA_IPTP3_COVERAGE,COUNTRY,MDG,YEAR,2020,,,,,,,,,32.7,0.32678,,,,2022-03-02T14:06:59Z,2020,2020-01-01,2020-12-31
28132696,MALARIA_IPTP3_COVERAGE,COUNTRY,MDG,YEAR,2019,,,,,,,,,26.9,0.2689,,,,2022-03-02T14:06:59Z,2019,2019-01-01,2019-12-31
28132697,MALARIA_IPTP3_COVERAGE,COUNTRY,MDG,YEAR,2018,,,,,,,,,21.1,0.21061,,,,2022-03-02T14:06:59Z,2018,2018-01-01,2018-12-31
28132698,MALARIA_IPTP3_COVERAGE,COUNTRY,MDG,YEAR,2017,,,,,,,,,10.7,0.1069,,,,2022-03-02T14:06:59Z,2017,2017-01-01,2017-12-31
28132699,MALARIA_IPTP3_COVERAGE,COUNTRY,MDG,YEAR,2016,,,,,,,,,15.4,0.15392,,,,2022-03-02T14:06:59Z,2016,2016-01-01,2016-12-31
28132700,MALARIA_IPTP3_COVERAGE,COUNTRY,MDG,YEAR,2015,,,,,,,,,7.5,0.07469,,,,2022-03-02T14:06:59Z,2015,2015-01-01,2015-12-31
28132701,MALARIA_IPTP3_COVERAGE,COUNTRY,MDG,YEAR,2014,,,,,,,,,0,0,,,,2022-03-02T14:06:59Z,2014,2014-01-01,2014-12-31
28132702,MALARIA_IPTP3_COVERAGE,COUNTRY,MDG,YEAR,2013,,,,,,,,,0,0,,,,2022-03-02T14:06:59Z,2013,2013-01-01,2013-12-31
28132703,MALARIA_IPTP3_COVERAGE,COUNTRY,MDG,YEAR,2012,,,,,,,,,0,0,,,,2022-03-02T14:06:59Z,2012,2012-01-01,2012-12-31
28132704,MALARIA_IPTP3_COVERAGE,COUNTRY,MDG,YEAR,2011,,,,,,,,,0,0,,,,2022-03-02T14:06:59Z,2011,2011-01-01,2011-12-31
28132705,MALARIA_IPTP3_COVERAGE,COUNTRY,MDG,YEAR,2010,,,,,,,,,0,0,,,,2022-03-02T14:06:59Z,2010,2010-01-01,2010-12-31
28132706,MALARIA_IPTP3_COVERAGE,COUNTRY,MLI,YEAR,2020,,,,,,,,,32.3,0.32291,,,,2022-03-02T14:06:59Z,2020,2020-01-01,2020-12-31
28132707,MALARIA_IPTP3_COVERAGE,COUNTRY,MLI,YEAR,2019,,,,,,,,,39.7,0.39705,,,,2022-03-02T14:06:59Z,2019,2019-01-01,2019-12-31
28132708,MALARIA_IPTP3_COVERAGE,COUNTRY,MLI,YEAR,2018,,,,,,,,,40.1,0.40062,,,,2022-03-02T14:06:59Z,2018,2018-01-01,2018-12-31
28132709,MALARIA_IPTP3_COVERAGE,COUNTRY,MLI,YEAR,2017,,,,,,,,,23.3,0.23311,,,,2022-03-02T14:06:59Z,2017,2017-01-01,2017-12-31
28132710,MALARIA_IPTP3_COVERAGE,COUNTRY,MLI,YEAR,2016,,,,,,,,,27.4,0.27379,,,,2022-03-02T14:06:59Z,2016,2016-01-01,2016-12-31
28132711,MALARIA_IPTP3_COVERAGE,COUNTRY,MLI,YEAR,2015,,,,,,,,,16.1,0.16121,,,,2022-03-02T14:06:59Z,2015,2015-01-01,2015-12-31
28132712,MALARIA_IPTP3_COVERAGE,COUNTRY,MLI,YEAR,2014,,,,,,,,,0,0,,,,2022-03-02T14:06:59Z,2014,2014-01-01,2014-12-31
28132713,MALARIA_IPTP3_COVERAGE,COUNTRY,MLI,YEAR,2013,,,,,,,,,0,0,,,,2022-03-02T14:06:59Z,2013,2013-01-01,2013-12-31
28132714,MALARIA_IPTP3_COVERAGE,COUNTRY,MLI,YEAR,2012,,,,,,,,,0,0,,,,2022-03-02T14:06:59Z,2012,2012-01-01,2012-12-31
28132715,MALARIA_IPTP3_COVERAGE,COUNTRY,MLI,YEAR,2011,,,,,,,,,0,0,,,,2022-03-02T14:06:59Z,2011,2011-01-01,2011-12-31
28132716,MALARIA_IPTP3_COVERAGE,COUNTRY,MLI,YEAR,2010,,,,,,,,,0,0,,,,2022-03-02T14:06:59Z,2010,2010-01-01,2010-12-31
28132717,MALARIA_IPTP3_COVERAGE,COUNTRY,MOZ,YEAR,2020,,,,,,,,,47.1,0.47126,,,,2022-03-02T14:06:59Z,2020,2020-01-01,2020-12-31
28132718,MALARIA_IPTP3_COVERAGE,COUNTRY,MOZ,YEAR,2019,,,,,,,,,45.2,0.4517,,,,2022-03-02T14:06:59Z,2019,2019-01-01,2019-12-31
28132719,MALARIA_IPTP3_COVERAGE,COUNTRY,MOZ,YEAR,2018,,,,,,,,,40.6,0.406,,,,2022-03-02T14:06:59Z,2018,2018-01-01,2018-12-31
28132720,MALARIA_IPTP3_COVERAGE,COUNTRY,MOZ,YEAR,2017,,,,,,,,,36.3,0.36297,,,,2022-03-02T14:06:59Z,2017,2017-01-01,2017-12-31
28132721,MALARIA_IPTP3_COVERAGE,COUNTRY,MOZ,YEAR,2016,,,,,,,,,31.9,0.31861,,,,2022-03-02T14:06:59Z,2016,2016-01-01,2016-12-31
28132722,MALARIA_IPTP3_COVERAGE,COUNTRY,MOZ,YEAR,2015,,,,,,,,,23.3,0.233,,,,2022-03-02T14:06:59Z,2015,2015-01-01,2015-12-31
28132723,MALARIA_IPTP3_COVERAGE,COUNTRY,MOZ,YEAR,2014,,,,,,,,,23.0,0.22988,,,,2022-03-02T14:06:59Z,2014,2014-01-01,2014-12-31
28132724,MALARIA_IPTP3_COVERAGE,COUNTRY,MOZ,YEAR,2013,,,,,,,,,18.6,0.18551,,,,2022-03-02T14:06:59Z,2013,2013-01-01,2013-12-31
28132725,MALARIA_IPTP3_COVERAGE,COUNTRY,MOZ,YEAR,2012,,,,,,,,,14.1,0.14115,,,,2022-03-02T14:06:59Z,2012,2012-01-01,2012-12-31
28132726,MALARIA_IPTP3_COVERAGE,COUNTRY,MOZ,YEAR,2011,,,,,,,,,9.5,0.095,,,,2022-03-02T14:06:59Z,2011,2011-01-01,2011-12-31
28132727,MALARIA_IPTP3_COVERAGE,COUNTRY,MOZ,YEAR,2010,,,,,,,,,5.2,0.05242,,,,2022-03-02T14:06:59Z,2010,2010-01-01,2010-12-31
28132728,MALARIA_IPTP3_COVERAGE,COUNTRY,MRT,YEAR,2020,,,,,,,,,0,0,,,,2022-03-02T14:06:59Z,2020,2020-01-01,2020-12-31
28132729,MALARIA_IPTP3_COVERAGE,COUNTRY,MRT,YEAR,2019,,,,,,,,,0,0,,,,2022-03-02T14:06:59Z,2019,2019-01-01,2019-12-31
28132730,MALARIA_IPTP3_COVERAGE,COUNTRY,MRT,YEAR,2018,,,,,,,,,0,0,,,,2022-03-02T14:06:59Z,2018,2018-01-01,2018-12-31
28132731,MALARIA_IPTP3_COVERAGE,COUNTRY,MRT,YEAR,2017,,,,,,,,,0,0,,,,2022-03-02T14:06:59Z,2017,2017-01-01,2017-12-31
28132732,MALARIA_IPTP3_COVERAGE,COUNTRY,MRT,YEAR,2016,,,,,,,,,0,0,,,,2022-03-02T14:06:59Z,2016,2016-01-01,2016-12-31
28132733,MALARIA_IPTP3_COVERAGE,COUNTRY,MRT,YEAR,2015,,,,,,,,,0,0,,,,2022-03-02T14:06:59Z,2015,2015-01-01,2015-12-31
28132734,MALARIA_IPTP3_COVERAGE,COUNTRY,MRT,YEAR,2014,,,,,,,,,0,0,,,,2022-03-02T14:06:59Z,2014,2014-01-01,2014-12-31
28132735,MALARIA_IPTP3_COVERAGE,COUNTRY,MRT,YEAR,2013,,,,,,,,,0,0,,,,2022-03-02T14:06:59Z,2013,2013-01-01,2013-12-31
28132736,MALARIA_IPTP3_COVERAGE,COUNTRY,MRT,YEAR,2012,,,,,,,,,0,0,,,,2022-03-02T14:06:59Z,2012,2012-01-01,2012-12-31
28132737,MALARIA_IPTP3_COVERAGE,COUNTRY,MRT,YEAR,2011,,,,,,,,,0,0,,,,2022-03-02T14:06:59Z,2011,2011-01-01,2011-12-31
28132738,MALARIA_IPTP3_COVERAGE,COUNTRY,MRT,YEAR,2010,,,,,,,,,0,0,,,,2022-03-02T14:06:59Z,2010,2010-01-01,2010-12-31
28132739,MALARIA_IPTP3_COVERAGE,COUNTRY,MWI,YEAR,2020,,,,,,,,,36.2,0.36218,,,,2022-03-02T14:06:59Z,2020,2020-01-01,2020-12-31
28132740,MALARIA_IPTP3_COVERAGE,COUNTRY,MWI,YEAR,2019,,,,,,,,,40.2,0.40184,,,,2022-03-02T14:06:59Z,2019,2019-01-01,2019-12-31
28132741,MALARIA_IPTP3_COVERAGE,COUNTRY,MWI,YEAR,2018,,,,,,,,,36.9,0.36874,,,,2022-03-02T14:06:59Z,2018,2018-01-01,2018-12-31
28132742,MALARIA_IPTP3_COVERAGE,COUNTRY,MWI,YEAR,2017,,,,,,,,,41.1,0.411,,,,2022-03-02T14:06:59Z,2017,2017-01-01,2017-12-31
28132743,MALARIA_IPTP3_COVERAGE,COUNTRY,MWI,YEAR,2016,,,,,,,,,30.3,0.30253,,,,2022-03-02T14:06:59Z,2016,2016-01-01,2016-12-31
28132744,MALARIA_IPTP3_COVERAGE,COUNTRY,MWI,YEAR,2015,,,,,,,,,26.9,0.26943,,,,2022-03-02T14:06:59Z,2015,2015-01-01,2015-12-31
28132745,MALARIA_IPTP3_COVERAGE,COUNTRY,MWI,YEAR,2014,,,,,,,,,12.6,0.126,,,,2022-03-02T14:06:59Z,2014,2014-01-01,2014-12-31
28132746,MALARIA_IPTP3_COVERAGE,COUNTRY,MWI,YEAR,2013,,,,,,,,,20.3,0.20322,,,,2022-03-02T14:06:59Z,2013,2013-01-01,2013-12-31
28132747,MALARIA_IPTP3_COVERAGE,COUNTRY,MWI,YEAR,2012,,,,,,,,,12.7,0.127,,,,2022-03-02T14:06:59Z,2012,2012-01-01,2012-12-31
28132748,MALARIA_IPTP3_COVERAGE,COUNTRY,MWI,YEAR,2011,,,,,,,,,13.7,0.13702,,,,2022-03-02T14:06:59Z,2011,2011-01-01,2011-12-31
28132749,MALARIA_IPTP3_COVERAGE,COUNTRY,MWI,YEAR,2010,,,,,,,,,18.2,0.182,,,,2022-03-02T14:06:59Z,2010,2010-01-01,2010-12-31
28132750,MALARIA_IPTP3_COVERAGE,COUNTRY,NER,YEAR,2020,,,,,,,,,33.9,0.33937,,,,2022-03-02T14:06:59Z,2020,2020-01-01,2020-12-31
28132751,MALARIA_IPTP3_COVERAGE,COUNTRY,NER,YEAR,2019,,,,,,,,,39.9,0.39926,,,,2022-03-02T14:06:59Z,2019,2019-01-01,2019-12-31
28132752,MALARIA_IPTP3_COVERAGE,COUNTRY,NER,YEAR,2018,,,,,,,,,36.4,0.36356,,,,2022-03-02T14:06:59Z,2018,2018-01-01,2018-12-31
28132753,MALARIA_IPTP3_COVERAGE,COUNTRY,NER,YEAR,2017,,,,,,,,,26.1,0.26085,,,,2022-03-02T14:07:00Z,2017,2017-01-01,2017-12-31
28132754,MALARIA_IPTP3_COVERAGE,COUNTRY,NER,YEAR,2016,,,,,,,,,14.9,0.14942,,,,2022-03-02T14:07:00Z,2016,2016-01-01,2016-12-31
28132755,MALARIA_IPTP3_COVERAGE,COUNTRY,NER,YEAR,2015,,,,,,,,,50.2,0.5015,,,,2022-03-02T14:07:00Z,2015,2015-01-01,2015-12-31
28132756,MALARIA_IPTP3_COVERAGE,COUNTRY,NER,YEAR,2014,,,,,,,,,9.9,0.09866,,,,2022-03-02T14:07:00Z,2014,2014-01-01,2014-12-31
28132757,MALARIA_IPTP3_COVERAGE,COUNTRY,NER,YEAR,2013,,,,,,,,,0,0,,,,2022-03-02T14:07:00Z,2013,2013-01-01,2013-12-31
28132758,MALARIA_IPTP3_COVERAGE,COUNTRY,NER,YEAR,2012,,,,,,,,,0,0,,,,2022-03-02T14:07:00Z,2012,2012-01-01,2012-12-31
28132759,MALARIA_IPTP3_COVERAGE,COUNTRY,NER,YEAR,2011,,,,,,,,,0,0,,,,2022-03-02T14:07:00Z,2011,2011-01-01,2011-12-31
28132760,MALARIA_IPTP3_COVERAGE,COUNTRY,NER,YEAR,2010,,,,,,,,,0,0,,,,2022-03-02T14:07:00Z,2010,2010-01-01,2010-12-31
28132761,MALARIA_IPTP3_COVERAGE,COUNTRY,NGA,YEAR,2020,,,,,,,,,20.0,0.19962,,,,2022-03-02T14:07:00Z,2020,2020-01-01,2020-12-31
28132762,MALARIA_IPTP3_COVERAGE,COUNTRY,NGA,YEAR,2019,,,,,,,,,16.6,0.166,,,,2022-03-02T14:07:00Z,2019,2019-01-01,2019-12-31
28132763,MALARIA_IPTP3_COVERAGE,COUNTRY,NGA,YEAR,2018,,,,,,,,,18.1,0.18121,,,,2022-03-02T14:07:00Z,2018,2018-01-01,2018-12-31
28132764,MALARIA_IPTP3_COVERAGE,COUNTRY,NGA,YEAR,2017,,,,,,,,,16.7,0.16675,,,,2022-03-02T14:07:00Z,2017,2017-01-01,2017-12-31
28132765,MALARIA_IPTP3_COVERAGE,COUNTRY,NGA,YEAR,2016,,,,,,,,,15.2,0.1523,,,,2022-03-02T14:07:00Z,2016,2016-01-01,2016-12-31
28132766,MALARIA_IPTP3_COVERAGE,COUNTRY,NGA,YEAR,2015,,,,,,,,,21.4,0.214,,,,2022-03-02T14:07:00Z,2015,2015-01-01,2015-12-31
28132767,MALARIA_IPTP3_COVERAGE,COUNTRY,NGA,YEAR,2014,,,,,,,,,12.3,0.12339,,,,2022-03-02T14:07:00Z,2014,2014-01-01,2014-12-31
28132768,MALARIA_IPTP3_COVERAGE,COUNTRY,NGA,YEAR,2013,,,,,,,,,7.1,0.071,,,,2022-03-02T14:07:00Z,2013,2013-01-01,2013-12-31
28132769,MALARIA_IPTP3_COVERAGE,COUNTRY,NGA,YEAR,2012,,,,,,,,,9.4,0.09447,,,,2022-03-02T14:07:00Z,2012,2012-01-01,2012-12-31
28132770,MALARIA_IPTP3_COVERAGE,COUNTRY,NGA,YEAR,2011,,,,,,,,,8.0,0.08002,,,,2022-03-02T14:07:00Z,2011,2011-01-01,2011-12-31
28132771,MALARIA_IPTP3_COVERAGE,COUNTRY,NGA,YEAR,2010,,,,,,,,,5.7,0.057,,,,2022-03-02T14:07:00Z,2010,2010-01-01,2010-12-31
28132772,MALARIA_IPTP3_COVERAGE,COUNTRY,SEN,YEAR,2020,,,,,,,,,48.3,0.48348,,,,2022-03-02T14:07:00Z,2020,2020-01-01,2020-12-31
28132773,MALARIA_IPTP3_COVERAGE,COUNTRY,SEN,YEAR,2019,,,,,,,,,49.6,0.49603,,,,2022-03-02T14:07:00Z,2019,2019-01-01,2019-12-31
28132774,MALARIA_IPTP3_COVERAGE,COUNTRY,SEN,YEAR,2018,,,,,,,,,39.7,0.39668,,,,2022-03-02T14:07:00Z,2018,2018-01-01,2018-12-31
28132775,MALARIA_IPTP3_COVERAGE,COUNTRY,SEN,YEAR,2017,,,,,,,,,40.9,0.40851,,,,2022-03-02T14:07:00Z,2017,2017-01-01,2017-12-31
28132776,MALARIA_IPTP3_COVERAGE,COUNTRY,SEN,YEAR,2016,,,,,,,,,40.0,0.40006,,,,2022-03-02T14:07:00Z,2016,2016-01-01,2016-12-31
28132777,MALARIA_IPTP3_COVERAGE,COUNTRY,SEN,YEAR,2015,,,,,,,,,35.0,0.34958,,,,2022-03-02T14:07:00Z,2015,2015-01-01,2015-12-31
28132778,MALARIA_IPTP3_COVERAGE,COUNTRY,SEN,YEAR,2014,,,,,,,,,20.1,0.20053,,,,2022-03-02T14:07:00Z,2014,2014-01-01,2014-12-31
28132779,MALARIA_IPTP3_COVERAGE,COUNTRY,SEN,YEAR,2013,,,,,,,,,0.11,0.00107,,,,2022-03-02T14:07:00Z,2013,2013-01-01,2013-12-31
28132780,MALARIA_IPTP3_COVERAGE,COUNTRY,SEN,YEAR,2012,,,,,,,,,0.18,0.00184,,,,2022-03-02T14:07:00Z,2012,2012-01-01,2012-12-31
28132781,MALARIA_IPTP3_COVERAGE,COUNTRY,SEN,YEAR,2011,,,,,,,,,0.16,0.00155,,,,2022-03-02T14:07:00Z,2011,2011-01-01,2011-12-31
28132782,MALARIA_IPTP3_COVERAGE,COUNTRY,SEN,YEAR,2010,,,,,,,,,0.08,7.5e-4,,,,2022-03-02T14:07:00Z,2010,2010-01-01,2010-12-31
28132783,MALARIA_IPTP3_COVERAGE,COUNTRY,SLE,YEAR,2020,,,,,,,,,59.1,0.59058,,,,2022-03-02T14:07:00Z,2020,2020-01-01,2020-12-31
28132784,MALARIA_IPTP3_COVERAGE,COUNTRY,SLE,YEAR,2019,,,,,,,,,63.3,0.63318,,,,2022-03-02T14:07:00Z,2019,2019-01-01,2019-12-31
28132785,MALARIA_IPTP3_COVERAGE,COUNTRY,SLE,YEAR,2018,,,,,,,,,46.1,0.46104,,,,2022-03-02T14:07:00Z,2018,2018-01-01,2018-12-31
28132786,MALARIA_IPTP3_COVERAGE,COUNTRY,SLE,YEAR,2017,,,,,,,,,10.6,0.10564,,,,2022-03-02T14:07:00Z,2017,2017-01-01,2017-12-31
28132787,MALARIA_IPTP3_COVERAGE,COUNTRY,SLE,YEAR,2016,,,,,,,,,4.6,0.04601,,,,2022-03-02T14:07:00Z,2016,2016-01-01,2016-12-31
28132788,MALARIA_IPTP3_COVERAGE,COUNTRY,SLE,YEAR,2015,,,,,,,,,0,0,,,,2022-03-02T14:07:00Z,2015,2015-01-01,2015-12-31
28132789,MALARIA_IPTP3_COVERAGE,COUNTRY,SLE,YEAR,2014,,,,,,,,,0,0,,,,2022-03-02T14:07:00Z,2014,2014-01-01,2014-12-31
28132790,MALARIA_IPTP3_COVERAGE,COUNTRY,SLE,YEAR,2013,,,,,,,,,0,0,,,,2022-03-02T14:07:00Z,2013,2013-01-01,2013-12-31
28132791,MALARIA_IPTP3_COVERAGE,COUNTRY,SLE,YEAR,2012,,,,,,,,,0,0,,,,2022-03-02T14:07:00Z,2012,2012-01-01,2012-12-31
28132792,MALARIA_IPTP3_COVERAGE,COUNTRY,SLE,YEAR,2011,,,,,,,,,0,0,,,,2022-03-02T14:07:00Z,2011,2011-01-01,2011-12-31
28132793,MALARIA_IPTP3_COVERAGE,COUNTRY,SLE,YEAR,2010,,,,,,,,,0,0,,,,2022-03-02T14:07:00Z,2010,2010-01-01,2010-12-31
28132794,MALARIA_IPTP3_COVERAGE,COUNTRY,SSD,YEAR,2020,,,,,,,,,0,0,,,,2022-03-02T14:07:00Z,2020,2020-01-01,2020-12-31
28132795,MALARIA_IPTP3_COVERAGE,COUNTRY,SSD,YEAR,2019,,,,,,,,,0,0,,,,2022-03-02T14:07:00Z,2019,2019-01-01,2019-12-31
28132796,MALARIA_IPTP3_COVERAGE,COUNTRY,SSD,YEAR,2018,,,,,,,,,0,0,,,,2022-03-02T14:07:00Z,2018,2018-01-01,2018-12-31
28132797,MALARIA_IPTP3_COVERAGE,COUNTRY,SSD,YEAR,2017,,,,,,,,,0,0,,,,2022-03-02T14:07:00Z,2017,2017-01-01,2017-12-31
28132798,MALARIA_IPTP3_COVERAGE,COUNTRY,SSD,YEAR,2016,,,,,,,,,0,0,,,,2022-03-02T14:07:00Z,2016,2016-01-01,2016-12-31
28132799,MALARIA_IPTP3_COVERAGE,COUNTRY,SSD,YEAR,2015,,,,,,,,,0,0,,,,2022-03-02T14:07:00Z,2015,2015-01-01,2015-12-31
28132800,MALARIA_IPTP3_COVERAGE,COUNTRY,SSD,YEAR,2014,,,,,,,,,0,0,,,,2022-03-02T14:07:00Z,2014,2014-01-01,2014-12-31
28132801,MALARIA_IPTP3_COVERAGE,COUNTRY,SSD,YEAR,2013,,,,,,,,,0,0,,,,2022-03-02T14:07:00Z,2013,2013-01-01,2013-12-31
28132802,MALARIA_IPTP3_COVERAGE,COUNTRY,SSD,YEAR,2012,,,,,,,,,0,0,,,,2022-03-02T14:07:00Z,2012,2012-01-01,2012-12-31
28132803,MALARIA_IPTP3_COVERAGE,COUNTRY,SSD,YEAR,2011,,,,,,,,,0,0,,,,2022-03-02T14:07:00Z,2011,2011-01-01,2011-12-31
28132804,MALARIA_IPTP3_COVERAGE,COUNTRY,SSD,YEAR,2010,,,,,,,,,0,0,,,,2022-03-02T14:07:00Z,2010,2010-01-01,2010-12-31
28132805,MALARIA_IPTP3_COVERAGE,COUNTRY,TCD,YEAR,2020,,,,,,,,,25.6,0.25609,,,,2022-03-02T14:07:00Z,2020,2020-01-01,2020-12-31
28132806,MALARIA_IPTP3_COVERAGE,COUNTRY,TCD,YEAR,2019,,,,,,,,,29.9,0.29856,,,,2022-03-02T14:07:00Z,2019,2019-01-01,2019-12-31
28132807,MALARIA_IPTP3_COVERAGE,COUNTRY,TCD,YEAR,2018,,,,,,,,,24.6,0.24644,,,,2022-03-02T14:07:00Z,2018,2018-01-01,2018-12-31
28132808,MALARIA_IPTP3_COVERAGE,COUNTRY,TCD,YEAR,2017,,,,,,,,,21.1,0.21061,,,,2022-03-02T14:07:00Z,2017,2017-01-01,2017-12-31
28132809,MALARIA_IPTP3_COVERAGE,COUNTRY,TCD,YEAR,2016,,,,,,,,,16.5,0.16473,,,,2022-03-02T14:07:00Z,2016,2016-01-01,2016-12-31
28132810,MALARIA_IPTP3_COVERAGE,COUNTRY,TCD,YEAR,2015,,,,,,,,,15.6,0.15606,,,,2022-03-02T14:07:00Z,2015,2015-01-01,2015-12-31
28132811,MALARIA_IPTP3_COVERAGE,COUNTRY,TCD,YEAR,2014,,,,,,,,,0,0,,,,2022-03-02T14:07:01Z,2014,2014-01-01,2014-12-31
28132812,MALARIA_IPTP3_COVERAGE,COUNTRY,TCD,YEAR,2013,,,,,,,,,0,0,,,,2022-03-02T14:07:01Z,2013,2013-01-01,2013-12-31
28132813,MALARIA_IPTP3_COVERAGE,COUNTRY,TCD,YEAR,2012,,,,,,,,,0,0,,,,2022-03-02T14:07:01Z,2012,2012-01-01,2012-12-31
28132814,MALARIA_IPTP3_COVERAGE,COUNTRY,TCD,YEAR,2011,,,,,,,,,0,0,,,,2022-03-02T14:07:01Z,2011,2011-01-01,2011-12-31
28132815,MALARIA_IPTP3_COVERAGE,COUNTRY,TCD,YEAR,2010,,,,,,,,,0,0,,,,2022-03-02T14:07:01Z,2010,2010-01-01,2010-12-31
28132816,MALARIA_IPTP3_COVERAGE,COUNTRY,TGO,YEAR,2020,,,,,,,,,32.1,0.32101,,,,2022-03-02T14:07:01Z,2020,2020-01-01,2020-12-31
28132817,MALARIA_IPTP3_COVERAGE,COUNTRY,TGO,YEAR,2019,,,,,,,,,37.8,0.37766,,,,2022-03-02T14:07:01Z,2019,2019-01-01,2019-12-31
28132818,MALARIA_IPTP3_COVERAGE,COUNTRY,TGO,YEAR,2018,,,,,,,,,34.8,0.34761,,,,2022-03-02T14:07:01Z,2018,2018-01-01,2018-12-31
28132819,MALARIA_IPTP3_COVERAGE,COUNTRY,TGO,YEAR,2017,,,,,,,,,25.3,0.25282,,,,2022-03-02T14:07:01Z,2017,2017-01-01,2017-12-31
28132820,MALARIA_IPTP3_COVERAGE,COUNTRY,TGO,YEAR,2016,,,,,,,,,29.8,0.29812,,,,2022-03-02T14:07:01Z,2016,2016-01-01,2016-12-31
28132821,MALARIA_IPTP3_COVERAGE,COUNTRY,TGO,YEAR,2015,,,,,,,,,21.1,0.21129,,,,2022-03-02T14:07:01Z,2015,2015-01-01,2015-12-31
28132822,MALARIA_IPTP3_COVERAGE,COUNTRY,TGO,YEAR,2014,,,,,,,,,21.4,0.21369,,,,2022-03-02T14:07:01Z,2014,2014-01-01,2014-12-31
28132823,MALARIA_IPTP3_COVERAGE,COUNTRY,TGO,YEAR,2013,,,,,,,,,0.46,0.00458,,,,2022-03-02T14:07:01Z,2013,2013-01-01,2013-12-31
28132824,MALARIA_IPTP3_COVERAGE,COUNTRY,TGO,YEAR,2012,,,,,,,,,0.35,0.00349,,,,2022-03-02T14:07:01Z,2012,2012-01-01,2012-12-31
28132825,MALARIA_IPTP3_COVERAGE,COUNTRY,TGO,YEAR,2011,,,,,,,,,0,0,,,,2022-03-02T14:07:01Z,2011,2011-01-01,2011-12-31
28132826,MALARIA_IPTP3_COVERAGE,COUNTRY,TGO,YEAR,2010,,,,,,,,,0,0,,,,2022-03-02T14:07:01Z,2010,2010-01-01,2010-12-31
28132827,MALARIA_IPTP3_COVERAGE,COUNTRY,TZA,YEAR,2020,,,,,,,,,17.7,0.17725,,,,2022-03-02T14:07:01Z,2020,2020-01-01,2020-12-31
28132828,MALARIA_IPTP3_COVERAGE,COUNTRY,TZA,YEAR,2019,,,,,,,,,18.7,0.18658,,,,2022-03-02T14:07:01Z,2019,2019-01-01,2019-12-31
28132829,MALARIA_IPTP3_COVERAGE,COUNTRY,TZA,YEAR,2018,,,,,,,,,18.2,0.18231,,,,2022-03-02T14:07:01Z,2018,2018-01-01,2018-12-31
28132830,MALARIA_IPTP3_COVERAGE,COUNTRY,TZA,YEAR,2017,,,,,,,,,25.8,0.258,,,,2022-03-02T14:07:01Z,2017,2017-01-01,2017-12-31
28132831,MALARIA_IPTP3_COVERAGE,COUNTRY,TZA,YEAR,2016,,,,,,,,,17.4,0.17376,,,,2022-03-02T14:07:01Z,2016,2016-01-01,2016-12-31
28132832,MALARIA_IPTP3_COVERAGE,COUNTRY,TZA,YEAR,2015,,,,,,,,,8.0,0.08,,,,2022-03-02T14:07:01Z,2015,2015-01-01,2015-12-31
28132833,MALARIA_IPTP3_COVERAGE,COUNTRY,TZA,YEAR,2014,,,,,,,,,16.5,0.16521,,,,2022-03-02T14:07:01Z,2014,2014-01-01,2014-12-31
28132834,MALARIA_IPTP3_COVERAGE,COUNTRY,TZA,YEAR,2013,,,,,,,,,16.1,0.16093,,,,2022-03-02T14:07:01Z,2013,2013-01-01,2013-12-31
28132835,MALARIA_IPTP3_COVERAGE,COUNTRY,TZA,YEAR,2012,,,,,,,,,15.7,0.15666,,,,2022-03-02T14:07:01Z,2012,2012-01-01,2012-12-31
28132836,MALARIA_IPTP3_COVERAGE,COUNTRY,TZA,YEAR,2011,,,,,,,,,4.0,0.04,,,,2022-03-02T14:07:01Z,2011,2011-01-01,2011-12-31
28132837,MALARIA_IPTP3_COVERAGE,COUNTRY,TZA,YEAR,2010,,,,,,,,,2.7,0.027,,,,2022-03-02T14:07:01Z,2010,2010-01-01,2010-12-31
28132838,MALARIA_IPTP3_COVERAGE,COUNTRY,UGA,YEAR,2020,,,,,,,,,51.5,0.51547,,,,2022-03-02T14:07:01Z,2020,2020-01-01,2020-12-31
28132839,MALARIA_IPTP3_COVERAGE,COUNTRY,UGA,YEAR,2019,,,,,,,,,41.2,0.41212,,,,2022-03-02T14:07:01Z,2019,2019-01-01,2019-12-31
28132840,MALARIA_IPTP3_COVERAGE,COUNTRY,UGA,YEAR,2018,,,,,,,,,34.1,0.34054,,,,2022-03-02T14:07:01Z,2018,2018-01-01,2018-12-31
28132841,MALARIA_IPTP3_COVERAGE,COUNTRY,UGA,YEAR,2017,,,,,,,,,30.7,0.30721,,,,2022-03-02T14:07:01Z,2017,2017-01-01,2017-12-31
28132842,MALARIA_IPTP3_COVERAGE,COUNTRY,UGA,YEAR,2016,,,,,,,,,17.2,0.172,,,,2022-03-02T14:07:01Z,2016,2016-01-01,2016-12-31
28132843,MALARIA_IPTP3_COVERAGE,COUNTRY,UGA,YEAR,2015,,,,,,,,,24.1,0.24053,,,,2022-03-02T14:07:01Z,2015,2015-01-01,2015-12-31
28132844,MALARIA_IPTP3_COVERAGE,COUNTRY,UGA,YEAR,2014,,,,,,,,,27.5,0.275,,,,2022-03-02T14:07:01Z,2014,2014-01-01,2014-12-31
28132845,MALARIA_IPTP3_COVERAGE,COUNTRY,UGA,YEAR,2013,,,,,,,,,17.4,0.17385,,,,2022-03-02T14:07:01Z,2013,2013-01-01,2013-12-31
28132846,MALARIA_IPTP3_COVERAGE,COUNTRY,UGA,YEAR,2012,,,,,,,,,14.1,0.14052,,,,2022-03-02T14:07:01Z,2012,2012-01-01,2012-12-31
28132847,MALARIA_IPTP3_COVERAGE,COUNTRY,UGA,YEAR,2011,,,,,,,,,10.3,0.103,,,,2022-03-02T14:07:01Z,2011,2011-01-01,2011-12-31
28132848,MALARIA_IPTP3_COVERAGE,COUNTRY,UGA,YEAR,2010,,,,,,,,,7.4,0.07384,,,,2022-03-02T14:07:01Z,2010,2010-01-01,2010-12-31
28132849,MALARIA_IPTP3_COVERAGE,COUNTRY,ZMB,YEAR,2020,,,,,,,,,37.3,0.3726,,,,2022-03-02T14:07:01Z,2020,2020-01-01,2020-12-31
28132850,MALARIA_IPTP3_COVERAGE,COUNTRY,ZMB,YEAR,2019,,,,,,,,,43.8,0.43792,,,,2022-03-02T14:07:01Z,2019,2019-01-01,2019-12-31
28132851,MALARIA_IPTP3_COVERAGE,COUNTRY,ZMB,YEAR,2018,,,,,,,,,58.5,0.5846,,,,2022-03-02T14:07:01Z,2018,2018-01-01,2018-12-31
28132852,MALARIA_IPTP3_COVERAGE,COUNTRY,ZMB,YEAR,2017,,,,,,,,,54.8,0.5478,,,,2022-03-02T14:07:01Z,2017,2017-01-01,2017-12-31
28132853,MALARIA_IPTP3_COVERAGE,COUNTRY,ZMB,YEAR,2016,,,,,,,,,55.5,0.5548,,,,2022-03-02T14:07:01Z,2016,2016-01-01,2016-12-31
28132854,MALARIA_IPTP3_COVERAGE,COUNTRY,ZMB,YEAR,2015,,,,,,,,,54.1,0.541,,,,2022-03-02T14:07:01Z,2015,2015-01-01,2015-12-31
28132855,MALARIA_IPTP3_COVERAGE,COUNTRY,ZMB,YEAR,2014,,,,,,,,,49.9,0.49928,,,,2022-03-02T14:07:01Z,2014,2014-01-01,2014-12-31
28132856,MALARIA_IPTP3_COVERAGE,COUNTRY,ZMB,YEAR,2013,,,,,,,,,47.2,0.47208,,,,2022-03-02T14:07:01Z,2013,2013-01-01,2013-12-31
28132857,MALARIA_IPTP3_COVERAGE,COUNTRY,ZMB,YEAR,2012,,,,,,,,,44.8,0.44844,,,,2022-03-02T14:07:01Z,2012,2012-01-01,2012-12-31
28132858,MALARIA_IPTP3_COVERAGE,COUNTRY,ZMB,YEAR,2011,,,,,,,,,0,0,,,,2022-03-02T14:07:01Z,2011,2011-01-01,2011-12-31
28132859,MALARIA_IPTP3_COVERAGE,COUNTRY,ZMB,YEAR,2010,,,,,,,,,0,0,,,,2022-03-02T14:07:01Z,2010,2010-01-01,2010-12-31
28132860,MALARIA_IPTP3_COVERAGE,COUNTRY,ZWE,YEAR,2020,,,,,,,,,19.8,0.19769,,,,2022-03-02T14:07:01Z,2020,2020-01-01,2020-12-31
28132861,MALARIA_IPTP3_COVERAGE,COUNTRY,ZWE,YEAR,2019,,,,,,,,,22.0,0.21965,,,,2022-03-02T14:07:01Z,2019,2019-01-01,2019-12-31
28132862,MALARIA_IPTP3_COVERAGE,COUNTRY,ZWE,YEAR,2018,,,,,,,,,20.2,0.20218,,,,2022-03-02T14:07:01Z,2018,2018-01-01,2018-12-31
28132863,MALARIA_IPTP3_COVERAGE,COUNTRY,ZWE,YEAR,2017,,,,,,,,,22.8,0.22758,,,,2022-03-02T14:07:01Z,2017,2017-01-01,2017-12-31
28132864,MALARIA_IPTP3_COVERAGE,COUNTRY,ZWE,YEAR,2016,,,,,,,,,26.1,0.26073,,,,2022-03-02T14:07:01Z,2016,2016-01-01,2016-12-31
28132865,MALARIA_IPTP3_COVERAGE,COUNTRY,ZWE,YEAR,2015,,,,,,,,,22.2,0.22181,,,,2022-03-02T14:07:01Z,2015,2015-01-01,2015-12-31
28132866,MALARIA_IPTP3_COVERAGE,COUNTRY,ZWE,YEAR,2014,,,,,,,,,30.6,0.30551,,,,2022-03-02T14:07:01Z,2014,2014-01-01,2014-12-31
28132867,MALARIA_IPTP3_COVERAGE,COUNTRY,ZWE,YEAR,2013,,,,,,,,,14.3,0.14295,,,,2022-03-02T14:07:01Z,2013,2013-01-01,2013-12-31
28132868,MALARIA_IPTP3_COVERAGE,COUNTRY,ZWE,YEAR,2012,,,,,,,,,1.8,0.01832,,,,2022-03-02T14:07:01Z,2012,2012-01-01,2012-12-31
28132869,MALARIA_IPTP3_COVERAGE,COUNTRY,ZWE,YEAR,2011,,,,,,,,,0,0,,,,2022-03-02T14:07:01Z,2011,2011-01-01,2011-12-31
28132870,MALARIA_IPTP3_COVERAGE,COUNTRY,ZWE,YEAR,2010,,,,,,,,,0,0,,,,2022-03-02T14:07:01Z,2010,2010-01-01,2010-12-31
