Id,IndicatorCode,SpatialDimension,SpatialDimensionValueCode,TimeDimension,TimeDim,DisaggregatingDimension1,DisaggregatingDimension1ValueCode,DisaggregatingDimension2,DisaggregatingDimension2ValueCode,DisaggregatingDimension3,DisaggregatingDimension3ValueCode,DataSourceDimension,DataSourceDimensionValueCode,Value,NumericValue,Low,High,Comments,Date,TimeDimensionValue,TimeDimensionBegin,TimeDimensionEnd
28124259,MALARIA_ACT_TREATED,COUNTRY,BDI,YEAR,2018,,,,,,,,,4 903 851,4903851,,,,2022-02-10T13:27:37Z,2018,2018-01-01,2018-12-31
28124260,MALARIA_ACT_TREATED,COUNTRY,BWA,YEAR,2019,,,,,,,,,272,272,,,,2022-02-10T13:27:37Z,2019,2019-01-01,2019-12-31
28124261,MALARIA_ACT_TREATED,COUNTRY,BWA,YEAR,2020,,,,,,,,,953,953,,,,2022-02-10T13:27:37Z,2020,2020-01-01,2020-12-31
28124262,MALARIA_ACT_TREATED,COUNTRY,CAF,YEAR,2020,,,,,,,,,1 740 970,1740970,,,,2022-02-10T13:27:37Z,2020,2020-01-01,2020-12-31
28124263,MALARIA_ACT_TREATED,COUNTRY,CMR,YEAR,2020,,,,,,,,,1 122 865,1122865,,,,2022-02-10T13:27:37Z,2020,2020-01-01,2020-12-31
28124264,MALARIA_ACT_TREATED,COUNTRY,CPV,YEAR,2020,,,,,,,,,10,10,,,,2022-02-10T13:27:37Z,2020,2020-01-01,2020-12-31
28124265,MALARIA_ACT_TREATED,COUNTRY,ETH,YEAR,2018,,,,,,,,,748 601,748601,,,,2022-02-10T13:27:37Z,2018,2018-01-01,2018-12-31
28124266,MALARIA_ACT_TREATED,COUNTRY,GAB,YEAR,2019,,,,,,,,,117 126,117126,,,,2022-02-10T13:27:37Z,2019,2019-01-01,2019-12-31
28124267,MALARIA_ACT_TREATED,COUNTRY,GHA,YEAR,2020,,,,,,,,,5 174 075,5174075,,,,2022-02-10T13:27:37Z,2020,2020-01-01,2020-12-31
28124268,MALARIA_ACT_TREATED,COUNTRY,GIN,YEAR,2020,,,,,,,,,1 792 653,1792653,,,,2022-02-10T13:27:37Z,2020,2020-01-01,2020-12-31
28124269,MALARIA_ACT_TREATED,COUNTRY,MOZ,YEAR,2018,,,,,,,,,10 064 430,10064430,,,,2022-02-10T13:27:37Z,2018,2018-01-01,2018-12-31
28124270,MALARIA_ACT_TREATED,COUNTRY,MRT,YEAR,2020,,,,,,,,,760,760,,,,2022-02-10T13:27:37Z,2020,2020-01-01,2020-12-31
28124271,MALARIA_ACT_TREATED,COUNTRY,MWI,YEAR,2019,,,,,,,,,5 089 716,5089716,,,,2022-02-10T13:27:37Z,2019,2019-01-01,2019-12-31
28124272,MALARIA_ACT_TREATED,COUNTRY,NAM,YEAR,2018,,,,,,,,,31 886,31886,,,,2022-02-10T13:27:37Z,2018,2018-01-01,2018-12-31
28124273,MALARIA_ACT_TREATED,COUNTRY,NER,YEAR,2019,,,,,,,,,3 031 506,3031506,,,,2022-02-10T13:27:37Z,2019,2019-01-01,2019-12-31
28124274,MALARIA_ACT_TREATED,COUNTRY,SEN,YEAR,2019,,,,,,,,,339 598,339598,,,,2022-02-10T13:27:37Z,2019,2019-01-01,2019-12-31
28124275,MALARIA_ACT_TREATED,COUNTRY,SLE,YEAR,2020,,,,,,,,,658 948,658948,,,,2022-02-10T13:27:37Z,2020,2020-01-01,2020-12-31
28124276,MALARIA_ACT_TREATED,COUNTRY,SSD,YEAR,2019,,,,,,,,,122 665,122665,,,,2022-02-10T13:27:37Z,2019,2019-01-01,2019-12-31
28124277,MALARIA_ACT_TREATED,COUNTRY,STP,YEAR,2020,,,,,,,,,1 772,1772,,,,2022-02-10T13:27:37Z,2020,2020-01-01,2020-12-31
28124278,MALARIA_ACT_TREATED,COUNTRY,TCD,YEAR,2019,,,,,,,,,1 595 351,1595351,,,,2022-02-10T13:27:37Z,2019,2019-01-01,2019-12-31
28124279,MALARIA_ACT_TREATED,COUNTRY,TGO,YEAR,2020,,,,,,,,,1 715 787,1715787,,,,2022-02-10T13:27:37Z,2020,2020-01-01,2020-12-31
28124280,MALARIA_ACT_TREATED,COUNTRY,ZMB,YEAR,2020,,,,,,,,,7 473 255,7473255,,,,2022-02-10T13:27:37Z,2020,2020-01-01,2020-12-31
28124281,MALARIA_ACT_TREATED,COUNTRY,ZWE,YEAR,2019,,,,,,,,,304 309,304309,,,,2022-02-10T13:27:37Z,2019,2019-01-01,2019-12-31
28124282,MALARIA_ACT_TREATED,COUNTRY,BOL,YEAR,2018,,,,,,,,,5 920,5920,,,,2022-02-10T13:27:37Z,2018,2018-01-01,2018-12-31
28124283,MALARIA_ACT_TREATED,COUNTRY,BRA,YEAR,2020,,,,,,,,,23 691,23691,,,,2022-02-10T13:27:37Z,2020,2020-01-01,2020-12-31
28124284,MALARIA_ACT_TREATED,COUNTRY,DOM,YEAR,2019,,,,,,,,,7,7,,,,2022-02-10T13:27:37Z,2019,2019-01-01,2019-12-31
28124285,MALARIA_ACT_TREATED,COUNTRY,ECU,YEAR,2019,,,,,,,,,265,265,,,,2022-02-10T13:27:37Z,2019,2019-01-01,2019-12-31
28124286,MALARIA_ACT_TREATED,COUNTRY,GTM,YEAR,2018,,,,,,,,,2 785,2785,,,,2022-02-10T13:27:37Z,2018,2018-01-01,2018-12-31
28124287,MALARIA_ACT_TREATED,COUNTRY,HTI,YEAR,2020,,,,,,,,,21 353,21353,,,,2022-02-10T13:27:37Z,2020,2020-01-01,2020-12-31
28124288,MALARIA_ACT_TREATED,COUNTRY,NIC,YEAR,2018,,,,,,,,,15 934,15934,,,,2022-02-10T13:27:37Z,2018,2018-01-01,2018-12-31
28124289,MALARIA_ACT_TREATED,COUNTRY,NIC,YEAR,2019,,,,,,,,,13 135,13135,,,,2022-02-10T13:27:37Z,2019,2019-01-01,2019-12-31
28124290,MALARIA_ACT_TREATED,COUNTRY,PER,YEAR,2019,,,,,,,,,4 724,4724,,,,2022-02-10T13:27:37Z,2019,2019-01-01,2019-12-31
28124291,MALARIA_ACT_TREATED,COUNTRY,PER,YEAR,2020,,,,,,,,,3 198,3198,,,,2022-02-10T13:27:37Z,2020,2020-01-01,2020-12-31
28124292,MALARIA_ACT_TREATED,COUNTRY,SLV,YEAR,2018,,,,,,,,,3,3,,,,2022-02-10T13:27:37Z,2018,2018-01-01,2018-12-31
28124293,MALARIA_ACT_TREATED,COUNTRY,SUR,YEAR,2019,,,,,,,,,202,202,,,,2022-02-10T13:27:37Z,2019,2019-01-01,2019-12-31
28124294,MALARIA_ACT_TREATED,COUNTRY,SUR,YEAR,2020,,,,,,,,,127,127,,,,2022-02-10T13:27:37Z,2020,2020-01-01,2020-12-31
28124295,MALARIA_ACT_TREATED,COUNTRY,AFG,YEAR,2018,,,,,,,,,31 114,31114,,,,2022-02-10T13:27:37Z,2018,2018-01-01,2018-12-31
28124296,MALARIA_ACT_TREATED,COUNTRY,PAK,YEAR,2018,,,,,,,,,345 565,345565,,,,2022-02-10T13:27:37Z,2018,2018-01-01,2018-12-31
28124297,MALARIA_ACT_TREATED,COUNTRY,SDN,YEAR,2020,,,,,,,,,4 863 826,4863826,,,,2022-02-10T13:27:37Z,2020,2020-01-01,2020-12-31
28124298,MALARIA_ACT_TREATED,COUNTRY,BGD,YEAR,2020,,,,,,,,,4 885,4885,,,,2022-02-10T13:27:37Z,2020,2020-01-01,2020-12-31
28124299,MALARIA_ACT_TREATED,COUNTRY,IDN,YEAR,2018,,,,,,,,,133 860,133860,,,,2022-02-10T13:27:37Z,2018,2018-01-01,2018-12-31
28124300,MALARIA_ACT_TREATED,COUNTRY,IDN,YEAR,2019,,,,,,,,,234 381,234381,,,,2022-02-10T13:27:37Z,2019,2019-01-01,2019-12-31
28124301,MALARIA_ACT_TREATED,COUNTRY,IND,YEAR,2020,,,,,,,,,119 087,119087,,,,2022-02-10T13:27:38Z,2020,2020-01-01,2020-12-31
28124302,MALARIA_ACT_TREATED,COUNTRY,PRK,YEAR,2019,,,,,,,,,1 869,1869,,,,2022-02-10T13:27:38Z,2019,2019-01-01,2019-12-31
28124303,MALARIA_ACT_TREATED,COUNTRY,THA,YEAR,2020,,,,,,,,,175,175,,,,2022-02-10T13:27:38Z,2020,2020-01-01,2020-12-31
28124304,MALARIA_ACT_TREATED,COUNTRY,KHM,YEAR,2018,,,,,,,,,60 067,60067,,,,2022-02-10T13:27:38Z,2018,2018-01-01,2018-12-31
28124305,MALARIA_ACT_TREATED,COUNTRY,KHM,YEAR,2019,,,,,,,,,32 197,32197,,,,2022-02-10T13:27:38Z,2019,2019-01-01,2019-12-31
28124306,MALARIA_ACT_TREATED,COUNTRY,LAO,YEAR,2018,,,,,,,,,8 827,8827,,,,2022-02-10T13:27:38Z,2018,2018-01-01,2018-12-31
28124307,MALARIA_ACT_TREATED,COUNTRY,MYS,YEAR,2020,,,,,,,,,2 829,2829,,,,2022-02-10T13:27:38Z,2020,2020-01-01,2020-12-31
28124308,MALARIA_ACT_TREATED,COUNTRY,VNM,YEAR,2019,,,,,,,,,3 134,3134,,,,2022-02-10T13:27:38Z,2019,2019-01-01,2019-12-31
28124309,MALARIA_ACT_TREATED,COUNTRY,VUT,YEAR,2020,,,,,,,,,496,496,,,,2022-02-10T13:27:38Z,2020,2020-01-01,2020-12-31
28124310,MALARIA_ACT_TREATED,COUNTRY,AGO,YEAR,2018,,,,,,,,,6 092 332,6092332,,,,2022-02-10T13:27:38Z,2018,2018-01-01,2018-12-31
28124311,MALARIA_ACT_TREATED,COUNTRY,BDI,YEAR,2019,,,,,,,,,8 444 710,8444710,,,,2022-02-10T13:27:38Z,2019,2019-01-01,2019-12-31
28124312,MALARIA_ACT_TREATED,COUNTRY,BEN,YEAR,2019,,,,,,,,,2 353 657,2353657,,,,2022-02-10T13:27:38Z,2019,2019-01-01,2019-12-31
28124313,MALARIA_ACT_TREATED,COUNTRY,BFA,YEAR,2020,,,,,,,,,10 237 424,10237424,,,,2022-02-10T13:27:38Z,2020,2020-01-01,2020-12-31
28124314,MALARIA_ACT_TREATED,COUNTRY,CAF,YEAR,2019,,,,,,,,,2 602 171,2602171,,,,2022-02-10T13:27:38Z,2019,2019-01-01,2019-12-31
28124315,MALARIA_ACT_TREATED,COUNTRY,CMR,YEAR,2019,,,,,,,,,1 157 011,1157011,,,,2022-02-10T13:27:38Z,2019,2019-01-01,2019-12-31
28124316,MALARIA_ACT_TREATED,COUNTRY,COD,YEAR,2020,,,,,,,,,19 192 707,19192707,,,,2022-02-10T13:27:38Z,2020,2020-01-01,2020-12-31
28124317,MALARIA_ACT_TREATED,COUNTRY,COM,YEAR,2018,,,,,,,,,19 682,19682,,,,2022-02-10T13:27:38Z,2018,2018-01-01,2018-12-31
28124318,MALARIA_ACT_TREATED,COUNTRY,ETH,YEAR,2019,,,,,,,,,836 293,836293,,,,2022-02-10T13:27:38Z,2019,2019-01-01,2019-12-31
28124319,MALARIA_ACT_TREATED,COUNTRY,GAB,YEAR,2020,,,,,,,,,30 819,30819,,,,2022-02-10T13:27:38Z,2020,2020-01-01,2020-12-31
28124320,MALARIA_ACT_TREATED,COUNTRY,GHA,YEAR,2018,,,,,,,,,3 862 330,3862330,,,,2022-02-10T13:27:38Z,2018,2018-01-01,2018-12-31
28124321,MALARIA_ACT_TREATED,COUNTRY,KEN,YEAR,2019,,,,,,,,,5 004 487,5004487,,,,2022-02-10T13:27:38Z,2019,2019-01-01,2019-12-31
28124322,MALARIA_ACT_TREATED,COUNTRY,MDG,YEAR,2018,,,,,,,,,893 163,893163,,,,2022-02-10T13:27:38Z,2018,2018-01-01,2018-12-31
28124323,MALARIA_ACT_TREATED,COUNTRY,MLI,YEAR,2018,,,,,,,,,1 814 505,1814505,,,,2022-02-10T13:27:38Z,2018,2018-01-01,2018-12-31
28124324,MALARIA_ACT_TREATED,COUNTRY,MOZ,YEAR,2019,,,,,,,,,10 742 632,10742632,,,,2022-02-10T13:27:38Z,2019,2019-01-01,2019-12-31
28124325,MALARIA_ACT_TREATED,COUNTRY,MWI,YEAR,2020,,,,,,,,,6 100 758,6100758,,,,2022-02-10T13:27:38Z,2020,2020-01-01,2020-12-31
28124326,MALARIA_ACT_TREATED,COUNTRY,NAM,YEAR,2020,,,,,,,,,13 636,13636,,,,2022-02-10T13:27:38Z,2020,2020-01-01,2020-12-31
28124327,MALARIA_ACT_TREATED,COUNTRY,NER,YEAR,2018,,,,,,,,,2 891 780,2891780,,,,2022-02-10T13:27:38Z,2018,2018-01-01,2018-12-31
28124328,MALARIA_ACT_TREATED,COUNTRY,SEN,YEAR,2020,,,,,,,,,442 413,442413,,,,2022-02-10T13:27:38Z,2020,2020-01-01,2020-12-31
28124329,MALARIA_ACT_TREATED,COUNTRY,SLE,YEAR,2018,,,,,,,,,1 291 222,1291222,,,,2022-02-10T13:27:38Z,2018,2018-01-01,2018-12-31
28124330,MALARIA_ACT_TREATED,COUNTRY,STP,YEAR,2019,,,,,,,,,2 457,2457,,,,2022-02-10T13:27:38Z,2019,2019-01-01,2019-12-31
28124331,MALARIA_ACT_TREATED,COUNTRY,SWZ,YEAR,2019,,,,,,,,,580,580,,,,2022-02-10T13:27:38Z,2019,2019-01-01,2019-12-31
28124332,MALARIA_ACT_TREATED,COUNTRY,TCD,YEAR,2020,,,,,,,,,1 452 420,1452420,,,,2022-02-10T13:27:38Z,2020,2020-01-01,2020-12-31
28124333,MALARIA_ACT_TREATED,COUNTRY,TGO,YEAR,2018,,,,,,,,,1 560 097,1560097,,,,2022-02-10T13:27:38Z,2018,2018-01-01,2018-12-31
28124334,MALARIA_ACT_TREATED,COUNTRY,TZA,YEAR,2019,,,,,,,,,6 385 075,6385075,,,,2022-02-10T13:27:38Z,2019,2019-01-01,2019-12-31
28124335,MALARIA_ACT_TREATED,COUNTRY,UGA,YEAR,2019,,,,,,,,,9 728 920,9728920,,,,2022-02-10T13:27:38Z,2019,2019-01-01,2019-12-31
28124336,MALARIA_ACT_TREATED,COUNTRY,ZAF,YEAR,2020,,,,,,,,,16 028,16028,,,,2022-02-10T13:27:38Z,2020,2020-01-01,2020-12-31
28124337,MALARIA_ACT_TREATED,COUNTRY,ZMB,YEAR,2019,,,,,,,,,19 134 471,19134471,,,,2022-02-10T13:27:38Z,2019,2019-01-01,2019-12-31
28124338,MALARIA_ACT_TREATED,COUNTRY,ZWE,YEAR,2020,,,,,,,,,443 164,443164,,,,2022-02-10T13:27:38Z,2020,2020-01-01,2020-12-31
28124339,MALARIA_ACT_TREATED,COUNTRY,BLZ,YEAR,2019,,,,,,,,,0,0,,,,2022-02-10T13:27:38Z,2019,2019-01-01,2019-12-31
28124340,MALARIA_ACT_TREATED,COUNTRY,BOL,YEAR,2020,,,,,,,,,12 093,12093,,,,2022-02-10T13:27:38Z,2020,2020-01-01,2020-12-31
28124341,MALARIA_ACT_TREATED,COUNTRY,ECU,YEAR,2020,,,,,,,,,243,243,,,,2022-02-10T13:27:38Z,2020,2020-01-01,2020-12-31
28124342,MALARIA_ACT_TREATED,COUNTRY,GUY,YEAR,2018,,,,,,,,,7 814,7814,,,,2022-02-10T13:27:38Z,2018,2018-01-01,2018-12-31
28124343,MALARIA_ACT_TREATED,COUNTRY,HTI,YEAR,2019,,,,,,,,,8 861,8861,,,,2022-02-10T13:27:38Z,2019,2019-01-01,2019-12-31
28124344,MALARIA_ACT_TREATED,COUNTRY,NIC,YEAR,2020,,,,,,,,,25 479,25479,,,,2022-02-10T13:27:38Z,2020,2020-01-01,2020-12-31
28124345,MALARIA_ACT_TREATED,COUNTRY,PAN,YEAR,2020,,,,,,,,,5,5,,,,2022-02-10T13:27:38Z,2020,2020-01-01,2020-12-31
28124346,MALARIA_ACT_TREATED,COUNTRY,VEN,YEAR,2020,,,,,,,,,48 292,48292,,,,2022-02-10T13:27:38Z,2020,2020-01-01,2020-12-31
28124347,MALARIA_ACT_TREATED,COUNTRY,DJI,YEAR,2020,,,,,,,,,69 029,69029,,,,2022-02-10T13:27:38Z,2020,2020-01-01,2020-12-31
28124348,MALARIA_ACT_TREATED,COUNTRY,IRN,YEAR,2018,,,,,,,,,50,50,,,,2022-02-10T13:27:38Z,2018,2018-01-01,2018-12-31
28124349,MALARIA_ACT_TREATED,COUNTRY,PAK,YEAR,2019,,,,,,,,,90 178,90178,,,,2022-02-10T13:27:38Z,2019,2019-01-01,2019-12-31
28124350,MALARIA_ACT_TREATED,COUNTRY,SAU,YEAR,2019,,,,,,,,,1 515,1515,,,,2022-02-10T13:27:38Z,2019,2019-01-01,2019-12-31
28124351,MALARIA_ACT_TREATED,COUNTRY,SDN,YEAR,2019,,,,,,,,,4 297 167,4297167,,,,2022-02-10T13:27:38Z,2019,2019-01-01,2019-12-31
28124352,MALARIA_ACT_TREATED,COUNTRY,SOM,YEAR,2020,,,,,,,,,23 978,23978,,,,2022-02-10T13:27:38Z,2020,2020-01-01,2020-12-31
28124353,MALARIA_ACT_TREATED,COUNTRY,BGD,YEAR,2018,,,,,,,,,10 459,10459,,,,2022-02-10T13:27:38Z,2018,2018-01-01,2018-12-31
28124354,MALARIA_ACT_TREATED,COUNTRY,BTN,YEAR,2018,,,,,,,,,17,17,,,,2022-02-10T13:27:38Z,2018,2018-01-01,2018-12-31
28124355,MALARIA_ACT_TREATED,COUNTRY,IND,YEAR,2019,,,,,,,,,338 494,338494,,,,2022-02-10T13:27:38Z,2019,2019-01-01,2019-12-31
28124356,MALARIA_ACT_TREATED,COUNTRY,PRK,YEAR,2020,,,,,,,,,1 819,1819,,,,2022-02-10T13:27:38Z,2020,2020-01-01,2020-12-31
28124358,MALARIA_ACT_TREATED,COUNTRY,TLS,YEAR,2019,,,,,,,,,9,9,,,,2022-02-10T13:27:38Z,2019,2019-01-01,2019-12-31
28124359,MALARIA_ACT_TREATED,COUNTRY,CHN,YEAR,2019,,,,,,,,,2 125,2125,,,,2022-02-10T13:27:38Z,2019,2019-01-01,2019-12-31
28124360,MALARIA_ACT_TREATED,COUNTRY,KHM,YEAR,2020,,,,,,,,,9 335,9335,,,,2022-02-10T13:27:38Z,2020,2020-01-01,2020-12-31
28124361,MALARIA_ACT_TREATED,COUNTRY,PHL,YEAR,2019,,,,,,,,,4 845,4845,,,,2022-02-10T13:27:38Z,2019,2019-01-01,2019-12-31
28124362,MALARIA_ACT_TREATED,COUNTRY,PNG,YEAR,2020,,,,,,,,,750 254,750254,,,,2022-02-10T13:27:38Z,2020,2020-01-01,2020-12-31
28124363,MALARIA_ACT_TREATED,COUNTRY,VNM,YEAR,2018,,,,,,,,,4 525,4525,,,,2022-02-10T13:27:38Z,2018,2018-01-01,2018-12-31
28124364,MALARIA_ACT_TREATED,COUNTRY,VUT,YEAR,2019,,,,,,,,,571,571,,,,2022-02-10T13:27:38Z,2019,2019-01-01,2019-12-31
28124365,MALARIA_ACT_TREATED,COUNTRY,BEN,YEAR,2020,,,,,,,,,2 095 303,2095303,,,,2022-02-10T13:27:38Z,2020,2020-01-01,2020-12-31
28124366,MALARIA_ACT_TREATED,COUNTRY,BWA,YEAR,2018,,,,,,,,,451,451,,,,2022-02-10T13:27:38Z,2018,2018-01-01,2018-12-31
28124367,MALARIA_ACT_TREATED,COUNTRY,CAF,YEAR,2018,,,,,,,,,1 068 750,1068750,,,,2022-02-10T13:27:38Z,2018,2018-01-01,2018-12-31
28124368,MALARIA_ACT_TREATED,COUNTRY,CIV,YEAR,2018,,,,,,,,,4 871 874,4871874,,,,2022-02-10T13:27:38Z,2018,2018-01-01,2018-12-31
28124369,MALARIA_ACT_TREATED,COUNTRY,CMR,YEAR,2018,,,,,,,,,557 576,557576,,,,2022-02-10T13:27:39Z,2018,2018-01-01,2018-12-31
28124370,MALARIA_ACT_TREATED,COUNTRY,COD,YEAR,2019,,,,,,,,,18 853 209,18853209,,,,2022-02-10T13:27:39Z,2019,2019-01-01,2019-12-31
28124371,MALARIA_ACT_TREATED,COUNTRY,COM,YEAR,2019,,,,,,,,,11 593,11593,,,,2022-02-10T13:27:39Z,2019,2019-01-01,2019-12-31
28124372,MALARIA_ACT_TREATED,COUNTRY,CPV,YEAR,2019,,,,,,,,,40,40,,,,2022-02-10T13:27:39Z,2019,2019-01-01,2019-12-31
28124373,MALARIA_ACT_TREATED,COUNTRY,ERI,YEAR,2020,,,,,,,,,73 419,73419,,,,2022-02-10T13:27:39Z,2020,2020-01-01,2020-12-31
28124374,MALARIA_ACT_TREATED,COUNTRY,ETH,YEAR,2020,,,,,,,,,1 197 131,1197131,,,,2022-02-10T13:27:39Z,2020,2020-01-01,2020-12-31
28124375,MALARIA_ACT_TREATED,COUNTRY,GAB,YEAR,2018,,,,,,,,,208 953,208953,,,,2022-02-10T13:27:39Z,2018,2018-01-01,2018-12-31
28124376,MALARIA_ACT_TREATED,COUNTRY,GHA,YEAR,2019,,,,,,,,,6 164 159,6164159,,,,2022-02-10T13:27:39Z,2019,2019-01-01,2019-12-31
28124377,MALARIA_ACT_TREATED,COUNTRY,GIN,YEAR,2019,,,,,,,,,1 696 515,1696515,,,,2022-02-10T13:27:39Z,2019,2019-01-01,2019-12-31
28124378,MALARIA_ACT_TREATED,COUNTRY,GMB,YEAR,2020,,,,,,,,,72 300,72300,,,,2022-02-10T13:27:39Z,2020,2020-01-01,2020-12-31
28124379,MALARIA_ACT_TREATED,COUNTRY,GNB,YEAR,2018,,,,,,,,,157 003,157003,,,,2022-02-10T13:27:39Z,2018,2018-01-01,2018-12-31
28124380,MALARIA_ACT_TREATED,COUNTRY,KEN,YEAR,2020,,,,,,,,,5 899 605,5899605,,,,2022-02-10T13:27:39Z,2020,2020-01-01,2020-12-31
28124381,MALARIA_ACT_TREATED,COUNTRY,LBR,YEAR,2018,,,,,,,,,1 113 579,1113579,,,,2022-02-10T13:27:39Z,2018,2018-01-01,2018-12-31
28124382,MALARIA_ACT_TREATED,COUNTRY,MDG,YEAR,2019,,,,,,,,,1 008 480,1008480,,,,2022-02-10T13:27:39Z,2019,2019-01-01,2019-12-31
28124383,MALARIA_ACT_TREATED,COUNTRY,MLI,YEAR,2019,,,,,,,,,2 826 112,2826112,,,,2022-02-10T13:27:39Z,2019,2019-01-01,2019-12-31
28124384,MALARIA_ACT_TREATED,COUNTRY,MOZ,YEAR,2020,,,,,,,,,11 129 430,11129430,,,,2022-02-10T13:27:39Z,2020,2020-01-01,2020-12-31
28124385,MALARIA_ACT_TREATED,COUNTRY,MRT,YEAR,2018,,,,,,,,,25 416,25416,,,,2022-02-10T13:27:39Z,2018,2018-01-01,2018-12-31
28124386,MALARIA_ACT_TREATED,COUNTRY,MWI,YEAR,2018,,,,,,,,,7 043 006,7043006,,,,2022-02-10T13:27:39Z,2018,2018-01-01,2018-12-31
28124387,MALARIA_ACT_TREATED,COUNTRY,NAM,YEAR,2019,,,,,,,,,3 404,3404,,,,2022-02-10T13:27:39Z,2019,2019-01-01,2019-12-31
28124388,MALARIA_ACT_TREATED,COUNTRY,NER,YEAR,2020,,,,,,,,,3 454 246,3454246,,,,2022-02-10T13:27:39Z,2020,2020-01-01,2020-12-31
28124389,MALARIA_ACT_TREATED,COUNTRY,NGA,YEAR,2020,,,,,,,,,19 902 369,19902369,,,,2022-02-10T13:27:39Z,2020,2020-01-01,2020-12-31
28124390,MALARIA_ACT_TREATED,COUNTRY,RWA,YEAR,2018,,,,,,,,,1 610,1610,,,,2022-02-10T13:27:39Z,2018,2018-01-01,2018-12-31
28124391,MALARIA_ACT_TREATED,COUNTRY,SEN,YEAR,2018,,,,,,,,,520 898,520898,,,,2022-02-10T13:27:39Z,2018,2018-01-01,2018-12-31
28124392,MALARIA_ACT_TREATED,COUNTRY,SLE,YEAR,2019,,,,,,,,,2 404 286,2404286,,,,2022-02-10T13:27:39Z,2019,2019-01-01,2019-12-31
28124393,MALARIA_ACT_TREATED,COUNTRY,SSD,YEAR,2020,,,,,,,,,822 563,822563,,,,2022-02-10T13:27:39Z,2020,2020-01-01,2020-12-31
28124394,MALARIA_ACT_TREATED,COUNTRY,STP,YEAR,2018,,,,,,,,,2 940,2940,,,,2022-02-10T13:27:39Z,2018,2018-01-01,2018-12-31
28124395,MALARIA_ACT_TREATED,COUNTRY,SWZ,YEAR,2018,,,,,,,,,615,615,,,,2022-02-10T13:27:39Z,2018,2018-01-01,2018-12-31
28124396,MALARIA_ACT_TREATED,COUNTRY,TCD,YEAR,2018,,,,,,,,,1 231 431,1231431,,,,2022-02-10T13:27:39Z,2018,2018-01-01,2018-12-31
28124397,MALARIA_ACT_TREATED,COUNTRY,TGO,YEAR,2019,,,,,,,,,2 266 412,2266412,,,,2022-02-10T13:27:39Z,2019,2019-01-01,2019-12-31
28124398,MALARIA_ACT_TREATED,COUNTRY,TZA,YEAR,2020,,,,,,,,,3 970 308,3970308,,,,2022-02-10T13:27:39Z,2020,2020-01-01,2020-12-31
28124399,MALARIA_ACT_TREATED,COUNTRY,UGA,YEAR,2018,,,,,,,,,5 244 003,5244003,,,,2022-02-10T13:27:39Z,2018,2018-01-01,2018-12-31
28124400,MALARIA_ACT_TREATED,COUNTRY,ZMB,YEAR,2018,,,,,,,,,27 071 994,27071994,,,,2022-02-10T13:27:39Z,2018,2018-01-01,2018-12-31
28124401,MALARIA_ACT_TREATED,COUNTRY,ZWE,YEAR,2018,,,,,,,,,76 551,76551,,,,2022-02-10T13:27:39Z,2018,2018-01-01,2018-12-31
28124402,MALARIA_ACT_TREATED,COUNTRY,BOL,YEAR,2019,,,,,,,,,9 357,9357,,,,2022-02-10T13:27:39Z,2019,2019-01-01,2019-12-31
28124403,MALARIA_ACT_TREATED,COUNTRY,BRA,YEAR,2019,,,,,,,,,74 360,74360,,,,2022-02-10T13:27:39Z,2019,2019-01-01,2019-12-31
28124404,MALARIA_ACT_TREATED,COUNTRY,COL,YEAR,2020,,,,,,,,,40 386,40386,,,,2022-02-10T13:27:39Z,2020,2020-01-01,2020-12-31
28124405,MALARIA_ACT_TREATED,COUNTRY,HND,YEAR,2020,,,,,,,,,900,900,,,,2022-02-10T13:27:39Z,2020,2020-01-01,2020-12-31
28124406,MALARIA_ACT_TREATED,COUNTRY,HTI,YEAR,2018,,,,,,,,,8 296,8296,,,,2022-02-10T13:27:39Z,2018,2018-01-01,2018-12-31
28124407,MALARIA_ACT_TREATED,COUNTRY,PAN,YEAR,2019,,,,,,,,,3,3,,,,2022-02-10T13:27:39Z,2019,2019-01-01,2019-12-31
28124408,MALARIA_ACT_TREATED,COUNTRY,SLV,YEAR,2020,,,,,,,,,0,0,,,,2022-02-10T13:27:39Z,2020,2020-01-01,2020-12-31
28124409,MALARIA_ACT_TREATED,COUNTRY,SUR,YEAR,2018,,,,,,,,,275,275,,,,2022-02-10T13:27:39Z,2018,2018-01-01,2018-12-31
28124410,MALARIA_ACT_TREATED,COUNTRY,AFG,YEAR,2019,,,,,,,,,118 145,118145,,,,2022-02-10T13:27:39Z,2019,2019-01-01,2019-12-31
28124411,MALARIA_ACT_TREATED,COUNTRY,DJI,YEAR,2019,,,,,,,,,47 691,47691,,,,2022-02-10T13:27:39Z,2019,2019-01-01,2019-12-31
28124412,MALARIA_ACT_TREATED,COUNTRY,IRN,YEAR,2019,,,,,,,,,158,158,,,,2022-02-10T13:27:39Z,2019,2019-01-01,2019-12-31
28124413,MALARIA_ACT_TREATED,COUNTRY,PAK,YEAR,2020,,,,,,,,,347 500,347500,,,,2022-02-10T13:27:39Z,2020,2020-01-01,2020-12-31
28124414,MALARIA_ACT_TREATED,COUNTRY,SAU,YEAR,2020,,,,,,,,,3 231,3231,,,,2022-02-10T13:27:39Z,2020,2020-01-01,2020-12-31
28124415,MALARIA_ACT_TREATED,COUNTRY,SDN,YEAR,2018,,,,,,,,,4 195 600,4195600,,,,2022-02-10T13:27:39Z,2018,2018-01-01,2018-12-31
28124416,MALARIA_ACT_TREATED,COUNTRY,BGD,YEAR,2019,,,,,,,,,15 099,15099,,,,2022-02-10T13:27:39Z,2019,2019-01-01,2019-12-31
28124417,MALARIA_ACT_TREATED,COUNTRY,IDN,YEAR,2020,,,,,,,,,241 181,241181,,,,2022-02-10T13:27:39Z,2020,2020-01-01,2020-12-31
28124418,MALARIA_ACT_TREATED,COUNTRY,IND,YEAR,2018,,,,,,,,,29 453,29453,,,,2022-02-10T13:27:39Z,2018,2018-01-01,2018-12-31
28124419,MALARIA_ACT_TREATED,COUNTRY,MMR,YEAR,2020,,,,,,,,,15 572,15572,,,,2022-02-10T13:27:39Z,2020,2020-01-01,2020-12-31
28124420,MALARIA_ACT_TREATED,COUNTRY,NPL,YEAR,2018,,,,,,,,,1 193,1193,,,,2022-02-10T13:27:39Z,2018,2018-01-01,2018-12-31
28124421,MALARIA_ACT_TREATED,COUNTRY,PRK,YEAR,2018,,,,,,,,,631,631,,,,2022-02-10T13:27:39Z,2018,2018-01-01,2018-12-31
28124422,MALARIA_ACT_TREATED,COUNTRY,THA,YEAR,2019,,,,,,,,,536,536,,,,2022-02-10T13:27:39Z,2019,2019-01-01,2019-12-31
28124423,MALARIA_ACT_TREATED,COUNTRY,TLS,YEAR,2020,,,,,,,,,14,14,,,,2022-02-10T13:27:39Z,2020,2020-01-01,2020-12-31
28124424,MALARIA_ACT_TREATED,COUNTRY,LAO,YEAR,2019,,,,,,,,,6 550,6550,,,,2022-02-10T13:27:39Z,2019,2019-01-01,2019-12-31
28124425,MALARIA_ACT_TREATED,COUNTRY,MYS,YEAR,2019,,,,,,,,,3 923,3923,,,,2022-02-10T13:27:39Z,2019,2019-01-01,2019-12-31
28124426,MALARIA_ACT_TREATED,COUNTRY,PHL,YEAR,2020,,,,,,,,,5 987,5987,,,,2022-02-10T13:27:39Z,2020,2020-01-01,2020-12-31
28124427,MALARIA_ACT_TREATED,COUNTRY,PNG,YEAR,2018,,,,,,,,,337 480,337480,,,,2022-02-10T13:27:39Z,2018,2018-01-01,2018-12-31
28124428,MALARIA_ACT_TREATED,COUNTRY,SLB,YEAR,2019,,,,,,,,,83 364,83364,,,,2022-02-10T13:27:39Z,2019,2019-01-01,2019-12-31
28124429,MALARIA_ACT_TREATED,COUNTRY,VNM,YEAR,2020,,,,,,,,,818,818,,,,2022-02-10T13:27:39Z,2020,2020-01-01,2020-12-31
28124430,MALARIA_ACT_TREATED,COUNTRY,AGO,YEAR,2019,,,,,,,,,5 575 259,5575259,,,,2022-02-10T13:27:39Z,2019,2019-01-01,2019-12-31
28124431,MALARIA_ACT_TREATED,COUNTRY,AGO,YEAR,2020,,,,,,,,,5 797 209,5797209,,,,2022-02-10T13:27:39Z,2020,2020-01-01,2020-12-31
28124432,MALARIA_ACT_TREATED,COUNTRY,BDI,YEAR,2020,,,,,,,,,4 289 288,4289288,,,,2022-02-10T13:27:39Z,2020,2020-01-01,2020-12-31
28124433,MALARIA_ACT_TREATED,COUNTRY,BEN,YEAR,2018,,,,,,,,,340 062,340062,,,,2022-02-10T13:27:39Z,2018,2018-01-01,2018-12-31
28124434,MALARIA_ACT_TREATED,COUNTRY,BFA,YEAR,2018,,,,,,,,,10 807 674,10807674,,,,2022-02-10T13:27:39Z,2018,2018-01-01,2018-12-31
28124435,MALARIA_ACT_TREATED,COUNTRY,BFA,YEAR,2019,,,,,,,,,11 223 002,11223002,,,,2022-02-10T13:27:39Z,2019,2019-01-01,2019-12-31
28124436,MALARIA_ACT_TREATED,COUNTRY,CIV,YEAR,2019,,,,,,,,,5 200 350,5200350,,,,2022-02-10T13:27:39Z,2019,2019-01-01,2019-12-31
28124437,MALARIA_ACT_TREATED,COUNTRY,CIV,YEAR,2020,,,,,,,,,4 666 036,4666036,,,,2022-02-10T13:27:39Z,2020,2020-01-01,2020-12-31
28124438,MALARIA_ACT_TREATED,COUNTRY,COD,YEAR,2018,,,,,,,,,8 997 911,8997911,,,,2022-02-10T13:27:39Z,2018,2018-01-01,2018-12-31
28124439,MALARIA_ACT_TREATED,COUNTRY,COG,YEAR,2019,,,,,,,,,233 389,233389,,,,2022-02-10T13:27:39Z,2019,2019-01-01,2019-12-31
28124440,MALARIA_ACT_TREATED,COUNTRY,COG,YEAR,2020,,,,,,,,,103 692,103692,,,,2022-02-10T13:27:39Z,2020,2020-01-01,2020-12-31
28124441,MALARIA_ACT_TREATED,COUNTRY,COM,YEAR,2020,,,,,,,,,4 546,4546,,,,2022-02-10T13:27:39Z,2020,2020-01-01,2020-12-31
28124442,MALARIA_ACT_TREATED,COUNTRY,CPV,YEAR,2018,,,,,,,,,0,0,,,,2022-02-10T13:27:39Z,2018,2018-01-01,2018-12-31
28124443,MALARIA_ACT_TREATED,COUNTRY,ERI,YEAR,2018,,,,,,,,,23 584,23584,,,,2022-02-10T13:27:39Z,2018,2018-01-01,2018-12-31
28124444,MALARIA_ACT_TREATED,COUNTRY,ERI,YEAR,2019,,,,,,,,,65 697,65697,,,,2022-02-10T13:27:39Z,2019,2019-01-01,2019-12-31
28124445,MALARIA_ACT_TREATED,COUNTRY,GIN,YEAR,2018,,,,,,,,,1 546 406,1546406,,,,2022-02-10T13:27:39Z,2018,2018-01-01,2018-12-31
28124446,MALARIA_ACT_TREATED,COUNTRY,GMB,YEAR,2018,,,,,,,,,90 622,90622,,,,2022-02-10T13:27:39Z,2018,2018-01-01,2018-12-31
28124447,MALARIA_ACT_TREATED,COUNTRY,GMB,YEAR,2019,,,,,,,,,53 385,53385,,,,2022-02-10T13:27:39Z,2019,2019-01-01,2019-12-31
28124448,MALARIA_ACT_TREATED,COUNTRY,GNB,YEAR,2019,,,,,,,,,140 478,140478,,,,2022-02-10T13:27:39Z,2019,2019-01-01,2019-12-31
28124449,MALARIA_ACT_TREATED,COUNTRY,GNB,YEAR,2020,,,,,,,,,137 821,137821,,,,2022-02-10T13:27:40Z,2020,2020-01-01,2020-12-31
28124450,MALARIA_ACT_TREATED,COUNTRY,KEN,YEAR,2018,,,,,,,,,6 115 406,6115406,,,,2022-02-10T13:27:40Z,2018,2018-01-01,2018-12-31
28124451,MALARIA_ACT_TREATED,COUNTRY,LBR,YEAR,2019,,,,,,,,,732 322,732322,,,,2022-02-10T13:27:40Z,2019,2019-01-01,2019-12-31
28124452,MALARIA_ACT_TREATED,COUNTRY,LBR,YEAR,2020,,,,,,,,,621 695,621695,,,,2022-02-10T13:27:40Z,2020,2020-01-01,2020-12-31
28124453,MALARIA_ACT_TREATED,COUNTRY,MDG,YEAR,2020,,,,,,,,,1 667 856,1667856,,,,2022-02-10T13:27:40Z,2020,2020-01-01,2020-12-31
28124454,MALARIA_ACT_TREATED,COUNTRY,MLI,YEAR,2020,,,,,,,,,1 793 074,1793074,,,,2022-02-10T13:27:40Z,2020,2020-01-01,2020-12-31
28124455,MALARIA_ACT_TREATED,COUNTRY,NGA,YEAR,2018,,,,,,,,,15 853 741,15853741,,,,2022-02-10T13:27:40Z,2018,2018-01-01,2018-12-31
28124456,MALARIA_ACT_TREATED,COUNTRY,NGA,YEAR,2019,,,,,,,,,21 252 650,21252650,,,,2022-02-10T13:27:40Z,2019,2019-01-01,2019-12-31
28124457,MALARIA_ACT_TREATED,COUNTRY,RWA,YEAR,2019,,,,,,,,,3 545 251,3545251,,,,2022-02-10T13:27:40Z,2019,2019-01-01,2019-12-31
28124458,MALARIA_ACT_TREATED,COUNTRY,RWA,YEAR,2020,,,,,,,,,1 045 546,1045546,,,,2022-02-10T13:27:40Z,2020,2020-01-01,2020-12-31
28124459,MALARIA_ACT_TREATED,COUNTRY,SSD,YEAR,2018,,,,,,,,,76 328,76328,,,,2022-02-10T13:27:40Z,2018,2018-01-01,2018-12-31
28124460,MALARIA_ACT_TREATED,COUNTRY,SWZ,YEAR,2020,,,,,,,,,316,316,,,,2022-02-10T13:27:40Z,2020,2020-01-01,2020-12-31
28124461,MALARIA_ACT_TREATED,COUNTRY,TZA,YEAR,2018,,,,,,,,,7 600 480,7600480,,,,2022-02-10T13:27:40Z,2018,2018-01-01,2018-12-31
28124462,MALARIA_ACT_TREATED,COUNTRY,UGA,YEAR,2020,,,,,,,,,14 656 782,14656782,,,,2022-02-10T13:27:40Z,2020,2020-01-01,2020-12-31
28124463,MALARIA_ACT_TREATED,COUNTRY,ZAF,YEAR,2019,,,,,,,,,13 833,13833,,,,2022-02-10T13:27:40Z,2019,2019-01-01,2019-12-31
28124464,MALARIA_ACT_TREATED,COUNTRY,BLZ,YEAR,2020,,,,,,,,,0,0,,,,2022-02-10T13:27:40Z,2020,2020-01-01,2020-12-31
28124465,MALARIA_ACT_TREATED,COUNTRY,GTM,YEAR,2020,,,,,,,,,1 058,1058,,,,2022-02-10T13:27:40Z,2020,2020-01-01,2020-12-31
28124466,MALARIA_ACT_TREATED,COUNTRY,GUY,YEAR,2019,,,,,,,,,12 463,12463,,,,2022-02-10T13:27:40Z,2019,2019-01-01,2019-12-31
28124467,MALARIA_ACT_TREATED,COUNTRY,GUY,YEAR,2020,,,,,,,,,905,905,,,,2022-02-10T13:27:40Z,2020,2020-01-01,2020-12-31
28124468,MALARIA_ACT_TREATED,COUNTRY,HND,YEAR,2018,,,,,,,,,651,651,,,,2022-02-10T13:27:40Z,2018,2018-01-01,2018-12-31
28124469,MALARIA_ACT_TREATED,COUNTRY,MEX,YEAR,2019,,,,,,,,,12,12,,,,2022-02-10T13:27:40Z,2019,2019-01-01,2019-12-31
28124470,MALARIA_ACT_TREATED,COUNTRY,VEN,YEAR,2018,,,,,,,,,97 293,97293,,,,2022-02-10T13:27:40Z,2018,2018-01-01,2018-12-31
28124471,MALARIA_ACT_TREATED,COUNTRY,VEN,YEAR,2019,,,,,,,,,90 153,90153,,,,2022-02-10T13:27:40Z,2019,2019-01-01,2019-12-31
28124472,MALARIA_ACT_TREATED,COUNTRY,AFG,YEAR,2020,,,,,,,,,100 136,100136,,,,2022-02-10T13:27:40Z,2020,2020-01-01,2020-12-31
28124473,MALARIA_ACT_TREATED,COUNTRY,DJI,YEAR,2018,,,,,,,,,24 883,24883,,,,2022-02-10T13:27:40Z,2018,2018-01-01,2018-12-31
28124474,MALARIA_ACT_TREATED,COUNTRY,IRN,YEAR,2020,,,,,,,,,126,126,,,,2022-02-10T13:27:40Z,2020,2020-01-01,2020-12-31
28124475,MALARIA_ACT_TREATED,COUNTRY,SOM,YEAR,2018,,,,,,,,,51 819,51819,,,,2022-02-10T13:27:40Z,2018,2018-01-01,2018-12-31
28124476,MALARIA_ACT_TREATED,COUNTRY,SOM,YEAR,2019,,,,,,,,,38 112,38112,,,,2022-02-10T13:27:40Z,2019,2019-01-01,2019-12-31
28124477,MALARIA_ACT_TREATED,COUNTRY,BTN,YEAR,2019,,,,,,,,,11,11,,,,2022-02-10T13:27:40Z,2019,2019-01-01,2019-12-31
28124478,MALARIA_ACT_TREATED,COUNTRY,BTN,YEAR,2020,,,,,,,,,8,8,,,,2022-02-10T13:27:40Z,2020,2020-01-01,2020-12-31
28124479,MALARIA_ACT_TREATED,COUNTRY,MMR,YEAR,2018,,,,,,,,,53 056,53056,,,,2022-02-10T13:27:40Z,2018,2018-01-01,2018-12-31
28124480,MALARIA_ACT_TREATED,COUNTRY,MMR,YEAR,2019,,,,,,,,,23 623,23623,,,,2022-02-10T13:27:40Z,2019,2019-01-01,2019-12-31
28124481,MALARIA_ACT_TREATED,COUNTRY,NPL,YEAR,2019,,,,,,,,,63,63,,,,2022-02-10T13:27:40Z,2019,2019-01-01,2019-12-31
28124482,MALARIA_ACT_TREATED,COUNTRY,NPL,YEAR,2020,,,,,,,,,39,39,,,,2022-02-10T13:27:40Z,2020,2020-01-01,2020-12-31
28124483,MALARIA_ACT_TREATED,COUNTRY,TLS,YEAR,2018,,,,,,,,,8,8,,,,2022-02-10T13:27:40Z,2018,2018-01-01,2018-12-31
28124484,MALARIA_ACT_TREATED,COUNTRY,LAO,YEAR,2020,,,,,,,,,3 477,3477,,,,2022-02-10T13:27:40Z,2020,2020-01-01,2020-12-31
28124485,MALARIA_ACT_TREATED,COUNTRY,PHL,YEAR,2018,,,,,,,,,4 559,4559,,,,2022-02-10T13:27:40Z,2018,2018-01-01,2018-12-31
28124486,MALARIA_ACT_TREATED,COUNTRY,PNG,YEAR,2019,,,,,,,,,788 796,788796,,,,2022-02-10T13:27:40Z,2019,2019-01-01,2019-12-31
28124487,MALARIA_ACT_TREATED,COUNTRY,SLB,YEAR,2020,,,,,,,,,86 319,86319,,,,2022-02-10T13:27:40Z,2020,2020-01-01,2020-12-31
28133797,MALARIA_ACT_TREATED,COUNTRY,THA,YEAR,2018,,,,,,,,,443,443,,,,2022-03-14T14:03:09Z,2018,2018-01-01,2018-12-31
28404243,MALARIA_ACT_TREATED,REGION,WPR,YEAR,2019,,,,,,,,,  925 505,925505,,,,2022-05-02T14:08:26Z,2019,2019-01-01,2019-12-31
28404244,MALARIA_ACT_TREATED,REGION,WPR,YEAR,2020,,,,,,,,,  859 515,859515,,,,2022-05-02T14:08:26Z,2020,2020-01-01,2020-12-31
28404245,MALARIA_ACT_TREATED,REGION,GLOBAL,YEAR,2018,,,,,,,,, 140 255 323,140255322.7,,,,2022-05-02T14:08:26Z,2018,2018-01-01,2018-12-31
28404246,MALARIA_ACT_TREATED,REGION,GLOBAL,YEAR,2019,,,,,,,,, 172 994 006,172994006,,,,2022-05-02T14:08:26Z,2019,2019-01-01,2019-12-31
28404247,MALARIA_ACT_TREATED,REGION,GLOBAL,YEAR,2020,,,,,,,,, 155 599 031,155599031,,,,2022-05-02T14:08:26Z,2020,2020-01-01,2020-12-31
28404230,MALARIA_ACT_TREATED,REGION,AFR,YEAR,2018,,,,,,,,, 134 822 743,134822743,,,,2022-05-02T14:08:26Z,2018,2018-01-01,2018-12-31
28404231,MALARIA_ACT_TREATED,REGION,AFR,YEAR,2019,,,,,,,,, 166 647 908,166647908,,,,2022-05-02T14:08:26Z,2019,2019-01-01,2019-12-31
28404232,MALARIA_ACT_TREATED,REGION,AFR,YEAR,2020,,,,,,,,, 148 771 180,148771180,,,,2022-05-02T14:08:26Z,2020,2020-01-01,2020-12-31
28404233,MALARIA_ACT_TREATED,REGION,AMR,YEAR,2018,,,,,,,,,  138 971,138971,,,,2022-05-02T14:08:26Z,2018,2018-01-01,2018-12-31
28404234,MALARIA_ACT_TREATED,REGION,AMR,YEAR,2019,,,,,,,,,  213 542,213542,,,,2022-05-02T14:08:26Z,2019,2019-01-01,2019-12-31
28404235,MALARIA_ACT_TREATED,REGION,AMR,YEAR,2020,,,,,,,,,  177 730,177730,,,,2022-05-02T14:08:26Z,2020,2020-01-01,2020-12-31
28404236,MALARIA_ACT_TREATED,REGION,EMR,YEAR,2018,,,,,,,,, 4 649 031,4649031,,,,2022-05-02T14:08:26Z,2018,2018-01-01,2018-12-31
28404237,MALARIA_ACT_TREATED,REGION,EMR,YEAR,2019,,,,,,,,, 4 592 966,4592966,,,,2022-05-02T14:08:26Z,2019,2019-01-01,2019-12-31
28404238,MALARIA_ACT_TREATED,REGION,EMR,YEAR,2020,,,,,,,,, 5 407 826,5407826,,,,2022-05-02T14:08:26Z,2020,2020-01-01,2020-12-31
28404239,MALARIA_ACT_TREATED,REGION,SEAR,YEAR,2018,,,,,,,,,  229 120,229119.7281,,,,2022-05-02T14:08:26Z,2018,2018-01-01,2018-12-31
28404240,MALARIA_ACT_TREATED,REGION,SEAR,YEAR,2019,,,,,,,,,  614 085,614085,,,,2022-05-02T14:08:26Z,2019,2019-01-01,2019-12-31
28404241,MALARIA_ACT_TREATED,REGION,SEAR,YEAR,2020,,,,,,,,,  382 780,382780,,,,2022-05-02T14:08:26Z,2020,2020-01-01,2020-12-31
28404242,MALARIA_ACT_TREATED,REGION,WPR,YEAR,2018,,,,,,,,,  415 458,415458,,,,2022-05-02T14:08:26Z,2018,2018-01-01,2018-12-31
