Id,IndicatorCode,SpatialDimension,SpatialDimensionValueCode,TimeDimension,TimeDim,DisaggregatingDimension1,DisaggregatingDimension1ValueCode,DisaggregatingDimension2,DisaggregatingDimension2ValueCode,DisaggregatingDimension3,DisaggregatingDimension3ValueCode,DataSourceDimension,DataSourceDimensionValueCode,Value,NumericValue,Low,High,Comments,Date,TimeDimensionValue,TimeDimensionBegin,TimeDimensionEnd
28078921,MALARIA_IRS_COVERAGE,COUNTRY,AGO,YEAR,2018,,,,,,,,,,,,,,2022-02-03T14:14:56Z,2018,2018-01-01,2018-12-31
28078932,MALARIA_IRS_COVERAGE,COUNTRY,AGO,YEAR,2019,,,,,,,,,,,,,,2022-02-03T14:14:56Z,2019,2019-01-01,2019-12-31
28078943,MALARIA_IRS_COVERAGE,COUNTRY,AGO,YEAR,2020,,,,,,,,,44 633,44633,,,,2022-02-03T14:14:57Z,2020,2020-01-01,2020-12-31
28079010,MALARIA_IRS_COVERAGE,COUNTRY,BDI,YEAR,2018,,,,,,,,,1 754 679,1754679,,,,2022-02-03T14:14:57Z,2018,2018-01-01,2018-12-31
28079021,MALARIA_IRS_COVERAGE,COUNTRY,BDI,YEAR,2019,,,,,,,,,725 449,725449,,,,2022-02-03T14:14:58Z,2019,2019-01-01,2019-12-31
28079032,MALARIA_IRS_COVERAGE,COUNTRY,BDI,YEAR,2020,,,,,,,,,1 243 848,1243848,,,,2022-02-03T14:14:58Z,2020,2020-01-01,2020-12-31
28079093,MALARIA_IRS_COVERAGE,COUNTRY,BEN,YEAR,2018,,,,,,,,,1 321 758,1321758,,,,2022-02-03T14:14:59Z,2018,2018-01-01,2018-12-31
28079104,MALARIA_IRS_COVERAGE,COUNTRY,BEN,YEAR,2019,,,,,,,,,1 077 411,1077411,,,,2022-02-03T14:14:59Z,2019,2019-01-01,2019-12-31
28079115,MALARIA_IRS_COVERAGE,COUNTRY,BEN,YEAR,2020,,,,,,,,,1 104 928,1104928,,,,2022-02-03T14:14:59Z,2020,2020-01-01,2020-12-31
28079182,MALARIA_IRS_COVERAGE,COUNTRY,BFA,YEAR,2018,,,,,,,,,766 374,766374,,,,2022-02-03T14:15:00Z,2018,2018-01-01,2018-12-31
28079193,MALARIA_IRS_COVERAGE,COUNTRY,BFA,YEAR,2019,,,,,,,,,587 248,587248,,,,2022-02-03T14:15:01Z,2019,2019-01-01,2019-12-31
28079204,MALARIA_IRS_COVERAGE,COUNTRY,BFA,YEAR,2020,,,,,,,,,508 017,508017,,,,2022-02-03T14:15:01Z,2020,2020-01-01,2020-12-31
28079263,MALARIA_IRS_COVERAGE,COUNTRY,BWA,YEAR,2018,,,,,,,,,83 488,83488,,,,2022-02-03T14:15:02Z,2018,2018-01-01,2018-12-31
28079274,MALARIA_IRS_COVERAGE,COUNTRY,BWA,YEAR,2019,,,,,,,,,154 663,154663,,,,2022-02-03T14:15:02Z,2019,2019-01-01,2019-12-31
28079285,MALARIA_IRS_COVERAGE,COUNTRY,BWA,YEAR,2020,,,,,,,,,152 560,152560,,,,2022-02-03T14:15:02Z,2020,2020-01-01,2020-12-31
28079345,MALARIA_IRS_COVERAGE,COUNTRY,CAF,YEAR,2018,,,,,,,,,,,,,,2022-02-03T14:15:03Z,2018,2018-01-01,2018-12-31
28079356,MALARIA_IRS_COVERAGE,COUNTRY,CAF,YEAR,2019,,,,,,,,,,,,,,2022-02-03T14:15:03Z,2019,2019-01-01,2019-12-31
28079367,MALARIA_IRS_COVERAGE,COUNTRY,CAF,YEAR,2020,,,,,,,,,,,,,,2022-02-03T14:15:04Z,2020,2020-01-01,2020-12-31
28079430,MALARIA_IRS_COVERAGE,COUNTRY,CIV,YEAR,2018,,,,,,,,,,,,,,2022-02-03T14:15:05Z,2018,2018-01-01,2018-12-31
28079441,MALARIA_IRS_COVERAGE,COUNTRY,CIV,YEAR,2019,,,,,,,,,,,,,,2022-02-03T14:15:05Z,2019,2019-01-01,2019-12-31
28079452,MALARIA_IRS_COVERAGE,COUNTRY,CIV,YEAR,2020,,,,,,,,,193 935,193935,,,,2022-02-03T14:15:05Z,2020,2020-01-01,2020-12-31
28079513,MALARIA_IRS_COVERAGE,COUNTRY,CMR,YEAR,2018,,,,,,,,,,,,,,2022-02-03T14:15:06Z,2018,2018-01-01,2018-12-31
28079524,MALARIA_IRS_COVERAGE,COUNTRY,CMR,YEAR,2019,,,,,,,,,,,,,,2022-02-03T14:15:06Z,2019,2019-01-01,2019-12-31
28079535,MALARIA_IRS_COVERAGE,COUNTRY,CMR,YEAR,2020,,,,,,,,,,,,,,2022-02-03T14:15:06Z,2020,2020-01-01,2020-12-31
28079602,MALARIA_IRS_COVERAGE,COUNTRY,COD,YEAR,2018,,,,,,,,,111 735,111735,,,,2022-02-03T14:15:07Z,2018,2018-01-01,2018-12-31
28079613,MALARIA_IRS_COVERAGE,COUNTRY,COD,YEAR,2019,,,,,,,,,,,,,,2022-02-03T14:15:07Z,2019,2019-01-01,2019-12-31
28079624,MALARIA_IRS_COVERAGE,COUNTRY,COD,YEAR,2020,,,,,,,,,,,,,,2022-02-03T14:15:08Z,2020,2020-01-01,2020-12-31
28079682,MALARIA_IRS_COVERAGE,COUNTRY,COG,YEAR,2018,,,,,,,,,,,,,,2022-02-03T14:15:08Z,2018,2018-01-01,2018-12-31
28079693,MALARIA_IRS_COVERAGE,COUNTRY,COG,YEAR,2019,,,,,,,,,,,,,,2022-02-03T14:15:09Z,2019,2019-01-01,2019-12-31
28079704,MALARIA_IRS_COVERAGE,COUNTRY,COG,YEAR,2020,,,,,,,,,,,,,,2022-02-03T14:15:09Z,2020,2020-01-01,2020-12-31
28079771,MALARIA_IRS_COVERAGE,COUNTRY,COM,YEAR,2018,,,,,,,,,,,,,,2022-02-03T14:15:10Z,2018,2018-01-01,2018-12-31
28079782,MALARIA_IRS_COVERAGE,COUNTRY,COM,YEAR,2019,,,,,,,,,,,,,,2022-02-03T14:15:10Z,2019,2019-01-01,2019-12-31
28079793,MALARIA_IRS_COVERAGE,COUNTRY,COM,YEAR,2020,,,,,,,,,57 658,57658,,,,2022-02-03T14:15:10Z,2020,2020-01-01,2020-12-31
28079854,MALARIA_IRS_COVERAGE,COUNTRY,CPV,YEAR,2018,,,,,,,,,,,,,,2022-02-03T14:15:11Z,2018,2018-01-01,2018-12-31
28079865,MALARIA_IRS_COVERAGE,COUNTRY,CPV,YEAR,2019,,,,,,,,,302 520,302520,,,,2022-02-03T14:15:11Z,2019,2019-01-01,2019-12-31
28079876,MALARIA_IRS_COVERAGE,COUNTRY,CPV,YEAR,2020,,,,,,,,,233 171,233171,,,,2022-02-03T14:15:11Z,2020,2020-01-01,2020-12-31
28079939,MALARIA_IRS_COVERAGE,COUNTRY,DZA,YEAR,2018,,,,,,,,,,,,,,2022-02-03T14:15:12Z,2018,2018-01-01,2018-12-31
28079950,MALARIA_IRS_COVERAGE,COUNTRY,DZA,YEAR,2019,,,,,,,,,,,,,,2022-02-03T14:15:12Z,2019,2019-01-01,2019-12-31
28079961,MALARIA_IRS_COVERAGE,COUNTRY,DZA,YEAR,2020,,,,,,,,,,,,,,2022-02-03T14:15:13Z,2020,2020-01-01,2020-12-31
28080027,MALARIA_IRS_COVERAGE,COUNTRY,ERI,YEAR,2018,,,,,,,,,376 143,376143,,,,2022-02-03T14:15:14Z,2018,2018-01-01,2018-12-31
28080038,MALARIA_IRS_COVERAGE,COUNTRY,ERI,YEAR,2019,,,,,,,,,437 194,437194,,,,2022-02-03T14:15:14Z,2019,2019-01-01,2019-12-31
28080049,MALARIA_IRS_COVERAGE,COUNTRY,ERI,YEAR,2020,,,,,,,,,466 238,466238,,,,2022-02-03T14:15:14Z,2020,2020-01-01,2020-12-31
28080112,MALARIA_IRS_COVERAGE,COUNTRY,ETH,YEAR,2018,,,,,,,,,10 486 854,10486854,,,,2022-02-03T14:15:15Z,2018,2018-01-01,2018-12-31
28080123,MALARIA_IRS_COVERAGE,COUNTRY,ETH,YEAR,2019,,,,,,,,,7 782 034,7782034,,,,2022-02-03T14:15:15Z,2019,2019-01-01,2019-12-31
28080134,MALARIA_IRS_COVERAGE,COUNTRY,ETH,YEAR,2020,,,,,,,,,6 349 834,6349834,,,,2022-02-03T14:15:16Z,2020,2020-01-01,2020-12-31
28080201,MALARIA_IRS_COVERAGE,COUNTRY,GAB,YEAR,2018,,,,,,,,,,,,,,2022-02-03T14:15:17Z,2018,2018-01-01,2018-12-31
28080212,MALARIA_IRS_COVERAGE,COUNTRY,GAB,YEAR,2019,,,,,,,,,,,,,,2022-02-03T14:15:17Z,2019,2019-01-01,2019-12-31
28080223,MALARIA_IRS_COVERAGE,COUNTRY,GAB,YEAR,2020,,,,,,,,,,,,,,2022-02-03T14:15:17Z,2020,2020-01-01,2020-12-31
28080290,MALARIA_IRS_COVERAGE,COUNTRY,GHA,YEAR,2018,,,,,,,,,1 855 326,1855326,,,,2022-02-03T14:15:18Z,2018,2018-01-01,2018-12-31
28080301,MALARIA_IRS_COVERAGE,COUNTRY,GHA,YEAR,2019,,,,,,,,,1 986 408,1986408,,,,2022-02-03T14:15:18Z,2019,2019-01-01,2019-12-31
28080312,MALARIA_IRS_COVERAGE,COUNTRY,GHA,YEAR,2020,,,,,,,,,2 214 552,2214552,,,,2022-02-03T14:15:19Z,2020,2020-01-01,2020-12-31
28080372,MALARIA_IRS_COVERAGE,COUNTRY,GIN,YEAR,2018,,,,,,,,,,,,,,2022-02-03T14:15:19Z,2018,2018-01-01,2018-12-31
28080383,MALARIA_IRS_COVERAGE,COUNTRY,GIN,YEAR,2019,,,,,,,,,,,,,,2022-02-03T14:15:20Z,2019,2019-01-01,2019-12-31
28080394,MALARIA_IRS_COVERAGE,COUNTRY,GIN,YEAR,2020,,,,,,,,,,,,,,2022-02-03T14:15:20Z,2020,2020-01-01,2020-12-31
28080461,MALARIA_IRS_COVERAGE,COUNTRY,GMB,YEAR,2018,,,,,,,,,426 788,426788,,,,2022-02-03T14:15:21Z,2018,2018-01-01,2018-12-31
28080472,MALARIA_IRS_COVERAGE,COUNTRY,GMB,YEAR,2019,,,,,,,,,507 872,507872,,,,2022-02-03T14:15:21Z,2019,2019-01-01,2019-12-31
28080483,MALARIA_IRS_COVERAGE,COUNTRY,GMB,YEAR,2020,,,,,,,,,477 032,477032,,,,2022-02-03T14:15:21Z,2020,2020-01-01,2020-12-31
28080550,MALARIA_IRS_COVERAGE,COUNTRY,GNB,YEAR,2018,,,,,,,,,,,,,,2022-02-03T14:15:22Z,2018,2018-01-01,2018-12-31
28080561,MALARIA_IRS_COVERAGE,COUNTRY,GNB,YEAR,2019,,,,,,,,,,,,,,2022-02-03T14:15:22Z,2019,2019-01-01,2019-12-31
28080572,MALARIA_IRS_COVERAGE,COUNTRY,GNB,YEAR,2020,,,,,,,,,,,,,,2022-02-03T14:15:22Z,2020,2020-01-01,2020-12-31
28080639,MALARIA_IRS_COVERAGE,COUNTRY,GNQ,YEAR,2018,,,,,,,,,74 416,74416,,,,2022-02-03T14:15:23Z,2018,2018-01-01,2018-12-31
28080650,MALARIA_IRS_COVERAGE,COUNTRY,GNQ,YEAR,2019,,,,,,,,,61 561,61561,,,,2022-02-03T14:15:23Z,2019,2019-01-01,2019-12-31
28080661,MALARIA_IRS_COVERAGE,COUNTRY,GNQ,YEAR,2020,,,,,,,,,,,,,,2022-02-03T14:15:24Z,2020,2020-01-01,2020-12-31
28080813,MALARIA_IRS_COVERAGE,COUNTRY,KEN,YEAR,2018,,,,,,,,,1 833 860,1833860,,,,2022-02-03T14:15:26Z,2018,2018-01-01,2018-12-31
28080824,MALARIA_IRS_COVERAGE,COUNTRY,KEN,YEAR,2019,,,,,,,,,2 011 860,2011860,,,,2022-02-03T14:15:26Z,2019,2019-01-01,2019-12-31
28080835,MALARIA_IRS_COVERAGE,COUNTRY,KEN,YEAR,2020,,,,,,,,,1 792 495,1792495,,,,2022-02-03T14:15:27Z,2020,2020-01-01,2020-12-31
28080902,MALARIA_IRS_COVERAGE,COUNTRY,LBR,YEAR,2018,,,,,,,,,,,,,,2022-02-03T14:15:28Z,2018,2018-01-01,2018-12-31
28080913,MALARIA_IRS_COVERAGE,COUNTRY,LBR,YEAR,2019,,,,,,,,,,,,,,2022-02-03T14:15:28Z,2019,2019-01-01,2019-12-31
28080924,MALARIA_IRS_COVERAGE,COUNTRY,LBR,YEAR,2020,,,,,,,,,,,,,,2022-02-03T14:15:28Z,2020,2020-01-01,2020-12-31
28080991,MALARIA_IRS_COVERAGE,COUNTRY,MDG,YEAR,2018,,,,,,,,,,,,,,2022-02-03T14:15:29Z,2018,2018-01-01,2018-12-31
28081002,MALARIA_IRS_COVERAGE,COUNTRY,MDG,YEAR,2019,,,,,,,,,1 640 183,1640183,,,,2022-02-03T14:15:29Z,2019,2019-01-01,2019-12-31
28081013,MALARIA_IRS_COVERAGE,COUNTRY,MDG,YEAR,2020,,,,,,,,,981 936,981936,,,,2022-02-03T14:15:30Z,2020,2020-01-01,2020-12-31
28081075,MALARIA_IRS_COVERAGE,COUNTRY,MLI,YEAR,2018,,,,,,,,,665 581,665581,,,,2022-02-03T14:15:30Z,2018,2018-01-01,2018-12-31
28081086,MALARIA_IRS_COVERAGE,COUNTRY,MLI,YEAR,2019,,,,,,,,,690 793,690793,,,,2022-02-03T14:15:31Z,2019,2019-01-01,2019-12-31
28081097,MALARIA_IRS_COVERAGE,COUNTRY,MLI,YEAR,2020,,,,,,,,,503 043,503043,,,,2022-02-03T14:15:31Z,2020,2020-01-01,2020-12-31
28081164,MALARIA_IRS_COVERAGE,COUNTRY,MOZ,YEAR,2018,,,,,,,,,4 211 138,4211138,,,,2022-02-03T14:15:32Z,2018,2018-01-01,2018-12-31
28081175,MALARIA_IRS_COVERAGE,COUNTRY,MOZ,YEAR,2019,,,,,,,,,6 303 792,6303792,,,,2022-02-03T14:15:32Z,2019,2019-01-01,2019-12-31
28081186,MALARIA_IRS_COVERAGE,COUNTRY,MOZ,YEAR,2020,,,,,,,,,6 880 851,6880851,,,,2022-02-03T14:15:32Z,2020,2020-01-01,2020-12-31
28081253,MALARIA_IRS_COVERAGE,COUNTRY,MRT,YEAR,2018,,,,,,,,,,,,,,2022-02-03T14:15:33Z,2018,2018-01-01,2018-12-31
28081264,MALARIA_IRS_COVERAGE,COUNTRY,MRT,YEAR,2019,,,,,,,,,,,,,,2022-02-03T14:15:34Z,2019,2019-01-01,2019-12-31
28081275,MALARIA_IRS_COVERAGE,COUNTRY,MRT,YEAR,2020,,,,,,,,,,,,,,2022-02-03T14:15:34Z,2020,2020-01-01,2020-12-31
28081337,MALARIA_IRS_COVERAGE,COUNTRY,MWI,YEAR,2018,,,,,,,,,,,,,,2022-02-03T14:15:35Z,2018,2018-01-01,2018-12-31
28081348,MALARIA_IRS_COVERAGE,COUNTRY,MWI,YEAR,2019,,,,,,,,,1 456 138,1456138,,,,2022-02-03T14:15:35Z,2019,2019-01-01,2019-12-31
28081359,MALARIA_IRS_COVERAGE,COUNTRY,MWI,YEAR,2020,,,,,,,,,2 379 659,2379659,,,,2022-02-03T14:15:35Z,2020,2020-01-01,2020-12-31
28081507,MALARIA_IRS_COVERAGE,COUNTRY,NAM,YEAR,2018,,,,,,,,,549 243,549243,,,,2022-02-03T14:15:37Z,2018,2018-01-01,2018-12-31
28081518,MALARIA_IRS_COVERAGE,COUNTRY,NAM,YEAR,2019,,,,,,,,,149 306,149306,,,,2022-02-03T14:15:38Z,2019,2019-01-01,2019-12-31
28081529,MALARIA_IRS_COVERAGE,COUNTRY,NAM,YEAR,2020,,,,,,,,,1 017 366,1017366,,,,2022-02-03T14:15:38Z,2020,2020-01-01,2020-12-31
28081596,MALARIA_IRS_COVERAGE,COUNTRY,NER,YEAR,2018,,,,,,,,,,,,,,2022-02-03T14:15:39Z,2018,2018-01-01,2018-12-31
28081607,MALARIA_IRS_COVERAGE,COUNTRY,NER,YEAR,2019,,,,,,,,,,,,,,2022-02-03T14:15:39Z,2019,2019-01-01,2019-12-31
28081618,MALARIA_IRS_COVERAGE,COUNTRY,NER,YEAR,2020,,,,,,,,,,,,,,2022-02-03T14:15:39Z,2020,2020-01-01,2020-12-31
28081681,MALARIA_IRS_COVERAGE,COUNTRY,NGA,YEAR,2018,,,,,,,,,,,,,,2022-02-03T14:15:40Z,2018,2018-01-01,2018-12-31
28081692,MALARIA_IRS_COVERAGE,COUNTRY,NGA,YEAR,2019,,,,,,,,,,,,,,2022-02-03T14:15:40Z,2019,2019-01-01,2019-12-31
28081703,MALARIA_IRS_COVERAGE,COUNTRY,NGA,YEAR,2020,,,,,,,,,,,,,,2022-02-03T14:15:40Z,2020,2020-01-01,2020-12-31
28081770,MALARIA_IRS_COVERAGE,COUNTRY,RWA,YEAR,2018,,,,,,,,,1 621 955,1621955,,,,2022-02-03T14:15:41Z,2018,2018-01-01,2018-12-31
28081781,MALARIA_IRS_COVERAGE,COUNTRY,RWA,YEAR,2019,,,,,,,,,4 532 103,4532103,,,,2022-02-03T14:15:41Z,2019,2019-01-01,2019-12-31
28081792,MALARIA_IRS_COVERAGE,COUNTRY,RWA,YEAR,2020,,,,,,,,,,,,,,2022-02-03T14:15:42Z,2020,2020-01-01,2020-12-31
28081855,MALARIA_IRS_COVERAGE,COUNTRY,SEN,YEAR,2018,,,,,,,,,,,,,,2022-02-03T14:15:43Z,2018,2018-01-01,2018-12-31
28081866,MALARIA_IRS_COVERAGE,COUNTRY,SEN,YEAR,2019,,,,,,,,,51 652,51652,,,,2022-02-03T14:15:43Z,2019,2019-01-01,2019-12-31
28081877,MALARIA_IRS_COVERAGE,COUNTRY,SEN,YEAR,2020,,,,,,,,,793 026,793026,,,,2022-02-03T14:15:43Z,2020,2020-01-01,2020-12-31
28081944,MALARIA_IRS_COVERAGE,COUNTRY,SLE,YEAR,2018,,,,,,,,,,,,,,2022-02-03T14:15:44Z,2018,2018-01-01,2018-12-31
28081955,MALARIA_IRS_COVERAGE,COUNTRY,SLE,YEAR,2019,,,,,,,,,,,,,,2022-02-03T14:15:44Z,2019,2019-01-01,2019-12-31
28081966,MALARIA_IRS_COVERAGE,COUNTRY,SLE,YEAR,2020,,,,,,,,,,,,,,2022-02-03T14:15:44Z,2020,2020-01-01,2020-12-31
28082017,MALARIA_IRS_COVERAGE,COUNTRY,SSD,YEAR,2018,,,,,,,,,,,,,,2022-02-03T14:15:45Z,2018,2018-01-01,2018-12-31
28082027,MALARIA_IRS_COVERAGE,COUNTRY,SSD,YEAR,2019,,,,,,,,,344 242,344242,,,,2022-02-03T14:15:45Z,2019,2019-01-01,2019-12-31
28082037,MALARIA_IRS_COVERAGE,COUNTRY,SSD,YEAR,2020,,,,,,,,,,,,,,2022-02-03T14:15:45Z,2020,2020-01-01,2020-12-31
28082103,MALARIA_IRS_COVERAGE,COUNTRY,STP,YEAR,2018,,,,,,,,,,,,,,2022-02-03T14:15:46Z,2018,2018-01-01,2018-12-31
28082114,MALARIA_IRS_COVERAGE,COUNTRY,STP,YEAR,2019,,,,,,,,,53 401,53401,,,,2022-02-03T14:15:46Z,2019,2019-01-01,2019-12-31
28082125,MALARIA_IRS_COVERAGE,COUNTRY,STP,YEAR,2020,,,,,,,,,69 902,69902,,,,2022-02-03T14:15:47Z,2020,2020-01-01,2020-12-31
28082186,MALARIA_IRS_COVERAGE,COUNTRY,SWZ,YEAR,2018,,,,,,,,,39 144,39144,,,,2022-02-03T14:15:48Z,2018,2018-01-01,2018-12-31
28082197,MALARIA_IRS_COVERAGE,COUNTRY,SWZ,YEAR,2019,,,,,,,,,15 055,15055,,,,2022-02-03T14:15:48Z,2019,2019-01-01,2019-12-31
28082208,MALARIA_IRS_COVERAGE,COUNTRY,SWZ,YEAR,2020,,,,,,,,,53 517,53517,,,,2022-02-03T14:15:48Z,2020,2020-01-01,2020-12-31
28082273,MALARIA_IRS_COVERAGE,COUNTRY,TCD,YEAR,2018,,,,,,,,,,,,,,2022-02-03T14:15:49Z,2018,2018-01-01,2018-12-31
28082284,MALARIA_IRS_COVERAGE,COUNTRY,TCD,YEAR,2019,,,,,,,,,,,,,,2022-02-03T14:15:49Z,2019,2019-01-01,2019-12-31
28082295,MALARIA_IRS_COVERAGE,COUNTRY,TCD,YEAR,2020,,,,,,,,,1 707 286,1707286,,,,2022-02-03T14:15:49Z,2020,2020-01-01,2020-12-31
28082362,MALARIA_IRS_COVERAGE,COUNTRY,TGO,YEAR,2018,,,,,,,,,,,,,,2022-02-03T14:15:50Z,2018,2018-01-01,2018-12-31
28082373,MALARIA_IRS_COVERAGE,COUNTRY,TGO,YEAR,2019,,,,,,,,,,,,,,2022-02-03T14:15:50Z,2019,2019-01-01,2019-12-31
28082384,MALARIA_IRS_COVERAGE,COUNTRY,TGO,YEAR,2020,,,,,,,,,,,,,,2022-02-03T14:15:51Z,2020,2020-01-01,2020-12-31
28082451,MALARIA_IRS_COVERAGE,COUNTRY,TZA,YEAR,2018,,,,,,,,,2 842 635,2842635,,,,2022-02-03T14:15:52Z,2018,2018-01-01,2018-12-31
28082462,MALARIA_IRS_COVERAGE,COUNTRY,TZA,YEAR,2019,,,,,,,,,2 989 048,2989048,,,,2022-02-03T14:15:52Z,2019,2019-01-01,2019-12-31
28082473,MALARIA_IRS_COVERAGE,COUNTRY,TZA,YEAR,2020,,,,,,,,,2 510 463,2510463,,,,2022-02-03T14:15:52Z,2020,2020-01-01,2020-12-31
28082538,MALARIA_IRS_COVERAGE,COUNTRY,UGA,YEAR,2018,,,,,,,,,4 436 156,4436156,,,,2022-02-03T14:15:53Z,2018,2018-01-01,2018-12-31
28082549,MALARIA_IRS_COVERAGE,COUNTRY,UGA,YEAR,2019,,,,,,,,,4 478 754,4478754,,,,2022-02-03T14:15:53Z,2019,2019-01-01,2019-12-31
28082560,MALARIA_IRS_COVERAGE,COUNTRY,UGA,YEAR,2020,,,,,,,,,4 671 960,4671960,,,,2022-02-03T14:15:53Z,2020,2020-01-01,2020-12-31
28082626,MALARIA_IRS_COVERAGE,COUNTRY,ZAF,YEAR,2018,,,,,,,,,1 600 747,1600747,,,,2022-02-03T14:15:54Z,2018,2018-01-01,2018-12-31
28082637,MALARIA_IRS_COVERAGE,COUNTRY,ZAF,YEAR,2019,,,,,,,,,1 477 420,1477420,,,,2022-02-03T14:15:54Z,2019,2019-01-01,2019-12-31
28082648,MALARIA_IRS_COVERAGE,COUNTRY,ZAF,YEAR,2020,,,,,,,,,1 830 342,1830342,,,,2022-02-03T14:15:54Z,2020,2020-01-01,2020-12-31
28082705,MALARIA_IRS_COVERAGE,COUNTRY,ZMB,YEAR,2018,,,,,,,,,6 436 719,6436719,,,,2022-02-03T14:15:56Z,2018,2018-01-01,2018-12-31
28082716,MALARIA_IRS_COVERAGE,COUNTRY,ZMB,YEAR,2019,,,,,,,,,11 767 404,11767404,,,,2022-02-03T14:15:57Z,2019,2019-01-01,2019-12-31
28082727,MALARIA_IRS_COVERAGE,COUNTRY,ZMB,YEAR,2020,,,,,,,,,11 157 421,11157421,,,,2022-02-03T14:15:57Z,2020,2020-01-01,2020-12-31
28082791,MALARIA_IRS_COVERAGE,COUNTRY,ZWE,YEAR,2018,,,,,,,,,3 020 032,3020032,,,,2022-02-03T14:15:58Z,2018,2018-01-01,2018-12-31
28082802,MALARIA_IRS_COVERAGE,COUNTRY,ZWE,YEAR,2019,,,,,,,,,3 164 344,3164344,,,,2022-02-03T14:15:58Z,2019,2019-01-01,2019-12-31
28082813,MALARIA_IRS_COVERAGE,COUNTRY,ZWE,YEAR,2020,,,,,,,,,3 528 051,3528051,,,,2022-02-03T14:15:58Z,2020,2020-01-01,2020-12-31
28082887,MALARIA_IRS_COVERAGE,COUNTRY,ARG,YEAR,2018,,,,,,,,,155,155,,,,2022-02-03T14:15:59Z,2018,2018-01-01,2018-12-31
28082898,MALARIA_IRS_COVERAGE,COUNTRY,ARG,YEAR,2019,,,,,,,,,,,,,,2022-02-03T14:16:00Z,2019,2019-01-01,2019-12-31
28082909,MALARIA_IRS_COVERAGE,COUNTRY,ARG,YEAR,2020,,,,,,,,,,,,,,2022-02-03T14:16:00Z,2020,2020-01-01,2020-12-31
28082972,MALARIA_IRS_COVERAGE,COUNTRY,BLZ,YEAR,2018,,,,,,,,,36 688,36688,,,,2022-02-03T14:16:01Z,2018,2018-01-01,2018-12-31
28082983,MALARIA_IRS_COVERAGE,COUNTRY,BLZ,YEAR,2019,,,,,,,,,43 497,43497,,,,2022-02-03T14:16:01Z,2019,2019-01-01,2019-12-31
28082994,MALARIA_IRS_COVERAGE,COUNTRY,BLZ,YEAR,2020,,,,,,,,,45 100,45100,,,,2022-02-03T14:16:01Z,2020,2020-01-01,2020-12-31
28083061,MALARIA_IRS_COVERAGE,COUNTRY,BOL,YEAR,2018,,,,,,,,,2 000,2000,,,,2022-02-03T14:16:02Z,2018,2018-01-01,2018-12-31
28083072,MALARIA_IRS_COVERAGE,COUNTRY,BOL,YEAR,2019,,,,,,,,,29 228,29228,,,,2022-02-03T14:16:02Z,2019,2019-01-01,2019-12-31
28083083,MALARIA_IRS_COVERAGE,COUNTRY,BOL,YEAR,2020,,,,,,,,,29 228,29228,,,,2022-02-03T14:16:03Z,2020,2020-01-01,2020-12-31
28083148,MALARIA_IRS_COVERAGE,COUNTRY,BRA,YEAR,2018,,,,,,,,,99 321,99321,,,,2022-02-03T14:16:04Z,2018,2018-01-01,2018-12-31
28083159,MALARIA_IRS_COVERAGE,COUNTRY,BRA,YEAR,2019,,,,,,,,,84 126,84126,,,,2022-02-03T14:16:04Z,2019,2019-01-01,2019-12-31
28083170,MALARIA_IRS_COVERAGE,COUNTRY,BRA,YEAR,2020,,,,,,,,,148 897,148897,,,,2022-02-03T14:16:04Z,2020,2020-01-01,2020-12-31
28083236,MALARIA_IRS_COVERAGE,COUNTRY,COL,YEAR,2018,,,,,,,,,60 000,60000,,,,2022-02-03T14:16:05Z,2018,2018-01-01,2018-12-31
28083247,MALARIA_IRS_COVERAGE,COUNTRY,COL,YEAR,2019,,,,,,,,,143 320,143320,,,,2022-02-03T14:16:05Z,2019,2019-01-01,2019-12-31
28083258,MALARIA_IRS_COVERAGE,COUNTRY,COL,YEAR,2020,,,,,,,,,,,,,,2022-02-03T14:16:05Z,2020,2020-01-01,2020-12-31
28083321,MALARIA_IRS_COVERAGE,COUNTRY,CRI,YEAR,2018,,,,,,,,,4 095,4095,,,,2022-02-03T14:16:06Z,2018,2018-01-01,2018-12-31
28083332,MALARIA_IRS_COVERAGE,COUNTRY,CRI,YEAR,2019,,,,,,,,,,,,,,2022-02-03T14:16:06Z,2019,2019-01-01,2019-12-31
28083343,MALARIA_IRS_COVERAGE,COUNTRY,CRI,YEAR,2020,,,,,,,,,6 895,6895,,,,2022-02-03T14:16:07Z,2020,2020-01-01,2020-12-31
28083409,MALARIA_IRS_COVERAGE,COUNTRY,DOM,YEAR,2018,,,,,,,,,36 891,36891,,,,2022-02-03T14:16:08Z,2018,2018-01-01,2018-12-31
28083420,MALARIA_IRS_COVERAGE,COUNTRY,DOM,YEAR,2019,,,,,,,,,33 226,33226,,,,2022-02-03T14:16:08Z,2019,2019-01-01,2019-12-31
28083431,MALARIA_IRS_COVERAGE,COUNTRY,DOM,YEAR,2020,,,,,,,,,37 821,37821,,,,2022-02-03T14:16:08Z,2020,2020-01-01,2020-12-31
28083495,MALARIA_IRS_COVERAGE,COUNTRY,ECU,YEAR,2018,,,,,,,,,775 884,775884,,,,2022-02-03T14:16:09Z,2018,2018-01-01,2018-12-31
28083506,MALARIA_IRS_COVERAGE,COUNTRY,ECU,YEAR,2019,,,,,,,,,698 292,698292,,,,2022-02-03T14:16:09Z,2019,2019-01-01,2019-12-31
28083517,MALARIA_IRS_COVERAGE,COUNTRY,ECU,YEAR,2020,,,,,,,,,17 276,17276,,,,2022-02-03T14:16:09Z,2020,2020-01-01,2020-12-31
28083581,MALARIA_IRS_COVERAGE,COUNTRY,GTM,YEAR,2018,,,,,,,,,15 358,15358,,,,2022-02-03T14:16:10Z,2018,2018-01-01,2018-12-31
28083592,MALARIA_IRS_COVERAGE,COUNTRY,GTM,YEAR,2019,,,,,,,,,4 091,4091,,,,2022-02-03T14:16:10Z,2019,2019-01-01,2019-12-31
28083603,MALARIA_IRS_COVERAGE,COUNTRY,GTM,YEAR,2020,,,,,,,,,12 115,12115,,,,2022-02-03T14:16:10Z,2020,2020-01-01,2020-12-31
28083667,MALARIA_IRS_COVERAGE,COUNTRY,GUY,YEAR,2018,,,,,,,,,,,,,,2022-02-03T14:16:11Z,2018,2018-01-01,2018-12-31
28083678,MALARIA_IRS_COVERAGE,COUNTRY,GUY,YEAR,2019,,,,,,,,,,,,,,2022-02-03T14:16:11Z,2019,2019-01-01,2019-12-31
28083689,MALARIA_IRS_COVERAGE,COUNTRY,GUY,YEAR,2020,,,,,,,,,,,,,,2022-02-03T14:16:12Z,2020,2020-01-01,2020-12-31
28083755,MALARIA_IRS_COVERAGE,COUNTRY,HND,YEAR,2018,,,,,,,,,338 730,338730,,,,2022-02-03T14:16:12Z,2018,2018-01-01,2018-12-31
28083766,MALARIA_IRS_COVERAGE,COUNTRY,HND,YEAR,2019,,,,,,,,,,,,,,2022-02-03T14:16:13Z,2019,2019-01-01,2019-12-31
28083777,MALARIA_IRS_COVERAGE,COUNTRY,HND,YEAR,2020,,,,,,,,,109 404,109404,,,,2022-02-03T14:16:13Z,2020,2020-01-01,2020-12-31
28083841,MALARIA_IRS_COVERAGE,COUNTRY,HTI,YEAR,2018,,,,,,,,,42 130,42130,,,,2022-02-03T14:16:14Z,2018,2018-01-01,2018-12-31
28083852,MALARIA_IRS_COVERAGE,COUNTRY,HTI,YEAR,2019,,,,,,,,,,,,,,2022-02-03T14:16:14Z,2019,2019-01-01,2019-12-31
28083863,MALARIA_IRS_COVERAGE,COUNTRY,HTI,YEAR,2020,,,,,,,,,,,,,,2022-02-03T14:16:14Z,2020,2020-01-01,2020-12-31
28083926,MALARIA_IRS_COVERAGE,COUNTRY,MEX,YEAR,2018,,,,,,,,,85 812,85812,,,,2022-02-03T14:16:15Z,2018,2018-01-01,2018-12-31
28083937,MALARIA_IRS_COVERAGE,COUNTRY,MEX,YEAR,2019,,,,,,,,,83 581,83581,,,,2022-02-03T14:16:15Z,2019,2019-01-01,2019-12-31
28083948,MALARIA_IRS_COVERAGE,COUNTRY,MEX,YEAR,2020,,,,,,,,,72 759,72759,,,,2022-02-03T14:16:16Z,2020,2020-01-01,2020-12-31
28084013,MALARIA_IRS_COVERAGE,COUNTRY,NIC,YEAR,2018,,,,,,,,,183 098,183098,,,,2022-02-03T14:16:16Z,2018,2018-01-01,2018-12-31
28084024,MALARIA_IRS_COVERAGE,COUNTRY,NIC,YEAR,2019,,,,,,,,,139 795,139795,,,,2022-02-03T14:16:17Z,2019,2019-01-01,2019-12-31
28084035,MALARIA_IRS_COVERAGE,COUNTRY,NIC,YEAR,2020,,,,,,,,,226 731,226731,,,,2022-02-03T14:16:17Z,2020,2020-01-01,2020-12-31
28084098,MALARIA_IRS_COVERAGE,COUNTRY,PAN,YEAR,2018,,,,,,,,,19 500,19500,,,,2022-02-03T14:16:18Z,2018,2018-01-01,2018-12-31
28084109,MALARIA_IRS_COVERAGE,COUNTRY,PAN,YEAR,2019,,,,,,,,,12 806,12806,,,,2022-02-03T14:16:18Z,2019,2019-01-01,2019-12-31
28084120,MALARIA_IRS_COVERAGE,COUNTRY,PAN,YEAR,2020,,,,,,,,,12 492,12492,,,,2022-02-03T14:16:18Z,2020,2020-01-01,2020-12-31
28084186,MALARIA_IRS_COVERAGE,COUNTRY,PER,YEAR,2018,,,,,,,,,23 420,23420,,,,2022-02-03T14:16:19Z,2018,2018-01-01,2018-12-31
28084197,MALARIA_IRS_COVERAGE,COUNTRY,PER,YEAR,2019,,,,,,,,,59 438,59438,,,,2022-02-03T14:16:19Z,2019,2019-01-01,2019-12-31
28084208,MALARIA_IRS_COVERAGE,COUNTRY,PER,YEAR,2020,,,,,,,,,,,,,,2022-02-03T14:16:19Z,2020,2020-01-01,2020-12-31
28084271,MALARIA_IRS_COVERAGE,COUNTRY,PRY,YEAR,2018,,,,,,,,,,,,,,2022-02-03T14:16:20Z,2018,2018-01-01,2018-12-31
28084282,MALARIA_IRS_COVERAGE,COUNTRY,PRY,YEAR,2019,,,,,,,,,,,,,,2022-02-03T14:16:20Z,2019,2019-01-01,2019-12-31
28084293,MALARIA_IRS_COVERAGE,COUNTRY,PRY,YEAR,2020,,,,,,,,,,,,,,2022-02-03T14:16:21Z,2020,2020-01-01,2020-12-31
28084356,MALARIA_IRS_COVERAGE,COUNTRY,SLV,YEAR,2018,,,,,,,,,32 691,32691,,,,2022-02-03T14:16:22Z,2018,2018-01-01,2018-12-31
28084367,MALARIA_IRS_COVERAGE,COUNTRY,SLV,YEAR,2019,,,,,,,,,23 512,23512,,,,2022-02-03T14:16:22Z,2019,2019-01-01,2019-12-31
28084378,MALARIA_IRS_COVERAGE,COUNTRY,SLV,YEAR,2020,,,,,,,,,11 370,11370,,,,2022-02-03T14:16:22Z,2020,2020-01-01,2020-12-31
28084445,MALARIA_IRS_COVERAGE,COUNTRY,SUR,YEAR,2018,,,,,,,,,,,,,,2022-02-03T14:16:23Z,2018,2018-01-01,2018-12-31
28084456,MALARIA_IRS_COVERAGE,COUNTRY,SUR,YEAR,2019,,,,,,,,,,,,,,2022-02-03T14:16:23Z,2019,2019-01-01,2019-12-31
28084467,MALARIA_IRS_COVERAGE,COUNTRY,SUR,YEAR,2020,,,,,,,,,,,,,,2022-02-03T14:16:23Z,2020,2020-01-01,2020-12-31
28084530,MALARIA_IRS_COVERAGE,COUNTRY,VEN,YEAR,2018,,,,,,,,,,,,,,2022-02-03T14:16:24Z,2018,2018-01-01,2018-12-31
28084541,MALARIA_IRS_COVERAGE,COUNTRY,VEN,YEAR,2019,,,,,,,,,,,,,,2022-02-03T14:16:24Z,2019,2019-01-01,2019-12-31
28084552,MALARIA_IRS_COVERAGE,COUNTRY,VEN,YEAR,2020,,,,,,,,,,,,,,2022-02-03T14:16:24Z,2020,2020-01-01,2020-12-31
28084617,MALARIA_IRS_COVERAGE,COUNTRY,AFG,YEAR,2018,,,,,,,,,,,,,,2022-02-03T14:16:25Z,2018,2018-01-01,2018-12-31
28084628,MALARIA_IRS_COVERAGE,COUNTRY,AFG,YEAR,2019,,,,,,,,,,,,,,2022-02-03T14:16:25Z,2019,2019-01-01,2019-12-31
28084639,MALARIA_IRS_COVERAGE,COUNTRY,AFG,YEAR,2020,,,,,,,,,,,,,,2022-02-03T14:16:26Z,2020,2020-01-01,2020-12-31
28084700,MALARIA_IRS_COVERAGE,COUNTRY,DJI,YEAR,2018,,,,,,,,,,,,,,2022-02-03T14:16:26Z,2018,2018-01-01,2018-12-31
28084711,MALARIA_IRS_COVERAGE,COUNTRY,DJI,YEAR,2019,,,,,,,,,37 663,37663,,,,2022-02-03T14:16:27Z,2019,2019-01-01,2019-12-31
28084722,MALARIA_IRS_COVERAGE,COUNTRY,DJI,YEAR,2020,,,,,,,,,28 496,28496,,,,2022-02-03T14:16:27Z,2020,2020-01-01,2020-12-31
28084785,MALARIA_IRS_COVERAGE,COUNTRY,IRN,YEAR,2018,,,,,,,,,117 174,117174,,,,2022-02-03T14:16:28Z,2018,2018-01-01,2018-12-31
28084796,MALARIA_IRS_COVERAGE,COUNTRY,IRN,YEAR,2019,,,,,,,,,64 365,64365,,,,2022-02-03T14:16:28Z,2019,2019-01-01,2019-12-31
28084807,MALARIA_IRS_COVERAGE,COUNTRY,IRN,YEAR,2020,,,,,,,,,73 846,73846,,,,2022-02-03T14:16:28Z,2020,2020-01-01,2020-12-31
28084874,MALARIA_IRS_COVERAGE,COUNTRY,PAK,YEAR,2018,,,,,,,,,2 937 767,2937767,,,,2022-02-03T14:16:29Z,2018,2018-01-01,2018-12-31
28084885,MALARIA_IRS_COVERAGE,COUNTRY,PAK,YEAR,2019,,,,,,,,,1 657 670,1657670,,,,2022-02-03T14:16:29Z,2019,2019-01-01,2019-12-31
28084896,MALARIA_IRS_COVERAGE,COUNTRY,PAK,YEAR,2020,,,,,,,,,120 610,120610,,,,2022-02-03T14:16:29Z,2020,2020-01-01,2020-12-31
28084959,MALARIA_IRS_COVERAGE,COUNTRY,SAU,YEAR,2018,,,,,,,,,242 009,242009,,,,2022-02-03T14:16:30Z,2018,2018-01-01,2018-12-31
28084970,MALARIA_IRS_COVERAGE,COUNTRY,SAU,YEAR,2019,,,,,,,,,225 510,225510,,,,2022-02-03T14:16:30Z,2019,2019-01-01,2019-12-31
28084981,MALARIA_IRS_COVERAGE,COUNTRY,SAU,YEAR,2020,,,,,,,,,129 105,129105,,,,2022-02-03T14:16:31Z,2020,2020-01-01,2020-12-31
28085045,MALARIA_IRS_COVERAGE,COUNTRY,SDN,YEAR,2018,,,,,,,,,3 830 195,3830195,,,,2022-02-03T14:16:32Z,2018,2018-01-01,2018-12-31
28085056,MALARIA_IRS_COVERAGE,COUNTRY,SDN,YEAR,2019,,,,,,,,,3 886 652,3886652,,,,2022-02-03T14:16:32Z,2019,2019-01-01,2019-12-31
28085067,MALARIA_IRS_COVERAGE,COUNTRY,SDN,YEAR,2020,,,,,,,,,3 901 092,3901092,,,,2022-02-03T14:16:32Z,2020,2020-01-01,2020-12-31
28085132,MALARIA_IRS_COVERAGE,COUNTRY,SOM,YEAR,2018,,,,,,,,,2 120 728,2120728,,,,2022-02-03T14:16:33Z,2018,2018-01-01,2018-12-31
28085143,MALARIA_IRS_COVERAGE,COUNTRY,SOM,YEAR,2019,,,,,,,,,82 720,82720,,,,2022-02-03T14:16:33Z,2019,2019-01-01,2019-12-31
28085154,MALARIA_IRS_COVERAGE,COUNTRY,SOM,YEAR,2020,,,,,,,,,283 665,283665,,,,2022-02-03T14:16:33Z,2020,2020-01-01,2020-12-31
28085221,MALARIA_IRS_COVERAGE,COUNTRY,YEM,YEAR,2018,,,,,,,,,995 328,995328,,,,2022-02-03T14:16:34Z,2018,2018-01-01,2018-12-31
28085232,MALARIA_IRS_COVERAGE,COUNTRY,YEM,YEAR,2019,,,,,,,,,1 982 284,1982284,,,,2022-02-03T14:16:34Z,2019,2019-01-01,2019-12-31
28085243,MALARIA_IRS_COVERAGE,COUNTRY,YEM,YEAR,2020,,,,,,,,,762 755,762755,,,,2022-02-03T14:16:34Z,2020,2020-01-01,2020-12-31
28085888,MALARIA_IRS_COVERAGE,COUNTRY,BGD,YEAR,2018,,,,,,,,,72 000,72000,,,,2022-02-03T14:16:44Z,2018,2018-01-01,2018-12-31
28085899,MALARIA_IRS_COVERAGE,COUNTRY,BGD,YEAR,2019,,,,,,,,,98 786,98786,,,,2022-02-03T14:16:44Z,2019,2019-01-01,2019-12-31
28085910,MALARIA_IRS_COVERAGE,COUNTRY,BGD,YEAR,2020,,,,,,,,,,,,,,2022-02-03T14:16:44Z,2020,2020-01-01,2020-12-31
28085973,MALARIA_IRS_COVERAGE,COUNTRY,BTN,YEAR,2018,,,,,,,,,76 809,76809,,,,2022-02-03T14:16:45Z,2018,2018-01-01,2018-12-31
28085984,MALARIA_IRS_COVERAGE,COUNTRY,BTN,YEAR,2019,,,,,,,,,118 730,118730,,,,2022-02-03T14:16:46Z,2019,2019-01-01,2019-12-31
28085995,MALARIA_IRS_COVERAGE,COUNTRY,BTN,YEAR,2020,,,,,,,,,122 406,122406,,,,2022-02-03T14:16:46Z,2020,2020-01-01,2020-12-31
28086060,MALARIA_IRS_COVERAGE,COUNTRY,IDN,YEAR,2018,,,,,,,,,305 493,305493,,,,2022-02-03T14:16:47Z,2018,2018-01-01,2018-12-31
28086071,MALARIA_IRS_COVERAGE,COUNTRY,IDN,YEAR,2019,,,,,,,,,164 192,164192,,,,2022-02-03T14:16:47Z,2019,2019-01-01,2019-12-31
28086082,MALARIA_IRS_COVERAGE,COUNTRY,IDN,YEAR,2020,,,,,,,,,38 332,38332,,,,2022-02-03T14:16:47Z,2020,2020-01-01,2020-12-31
28086147,MALARIA_IRS_COVERAGE,COUNTRY,IND,YEAR,2018,,,,,,,,,34 290 886,34290886,,,,2022-02-03T14:16:48Z,2018,2018-01-01,2018-12-31
28086158,MALARIA_IRS_COVERAGE,COUNTRY,IND,YEAR,2019,,,,,,,,,30 363 425,30363425,,,,2022-02-03T14:16:48Z,2019,2019-01-01,2019-12-31
28086169,MALARIA_IRS_COVERAGE,COUNTRY,IND,YEAR,2020,,,,,,,,,23 950 862,23950862,,,,2022-02-03T14:16:48Z,2020,2020-01-01,2020-12-31
28086311,MALARIA_IRS_COVERAGE,COUNTRY,MMR,YEAR,2018,,,,,,,,,14 017,14017,,,,2022-02-03T14:16:50Z,2018,2018-01-01,2018-12-31
28086322,MALARIA_IRS_COVERAGE,COUNTRY,MMR,YEAR,2019,,,,,,,,,4 361,4361,,,,2022-02-03T14:16:50Z,2019,2019-01-01,2019-12-31
28086333,MALARIA_IRS_COVERAGE,COUNTRY,MMR,YEAR,2020,,,,,,,,,17 381,17381,,,,2022-02-03T14:16:51Z,2020,2020-01-01,2020-12-31
28086400,MALARIA_IRS_COVERAGE,COUNTRY,NPL,YEAR,2018,,,,,,,,,230 000,230000,,,,2022-02-03T14:16:52Z,2018,2018-01-01,2018-12-31
28086411,MALARIA_IRS_COVERAGE,COUNTRY,NPL,YEAR,2019,,,,,,,,,263 000,263000,,,,2022-02-03T14:16:52Z,2019,2019-01-01,2019-12-31
28086422,MALARIA_IRS_COVERAGE,COUNTRY,NPL,YEAR,2020,,,,,,,,,41 235,41235,,,,2022-02-03T14:16:52Z,2020,2020-01-01,2020-12-31
28086485,MALARIA_IRS_COVERAGE,COUNTRY,PRK,YEAR,2018,,,,,,,,,169 841,169841,,,,2022-02-03T14:16:53Z,2018,2018-01-01,2018-12-31
28086496,MALARIA_IRS_COVERAGE,COUNTRY,PRK,YEAR,2019,,,,,,,,,,,,,,2022-02-03T14:16:53Z,2019,2019-01-01,2019-12-31
28086507,MALARIA_IRS_COVERAGE,COUNTRY,PRK,YEAR,2020,,,,,,,,,402 861,402861,,,,2022-02-03T14:16:53Z,2020,2020-01-01,2020-12-31
28086574,MALARIA_IRS_COVERAGE,COUNTRY,THA,YEAR,2018,,,,,,,,,165 580,165580,,,,2022-02-03T14:16:54Z,2018,2018-01-01,2018-12-31
28086585,MALARIA_IRS_COVERAGE,COUNTRY,THA,YEAR,2019,,,,,,,,,489 105,489105,,,,2022-02-03T14:16:54Z,2019,2019-01-01,2019-12-31
28086596,MALARIA_IRS_COVERAGE,COUNTRY,THA,YEAR,2020,,,,,,,,,219 162,219162,,,,2022-02-03T14:16:54Z,2020,2020-01-01,2020-12-31
28086663,MALARIA_IRS_COVERAGE,COUNTRY,TLS,YEAR,2018,,,,,,,,,154 410,154410,,,,2022-02-03T14:16:55Z,2018,2018-01-01,2018-12-31
28086674,MALARIA_IRS_COVERAGE,COUNTRY,TLS,YEAR,2019,,,,,,,,,175 654,175654,,,,2022-02-03T14:16:56Z,2019,2019-01-01,2019-12-31
28086685,MALARIA_IRS_COVERAGE,COUNTRY,TLS,YEAR,2020,,,,,,,,,116 949,116949,,,,2022-02-03T14:16:56Z,2020,2020-01-01,2020-12-31
28086748,MALARIA_IRS_COVERAGE,COUNTRY,CHN,YEAR,2018,,,,,,,,,161 224,161224,,,,2022-02-03T14:16:57Z,2018,2018-01-01,2018-12-31
28086759,MALARIA_IRS_COVERAGE,COUNTRY,CHN,YEAR,2019,,,,,,,,,206 599,206599,,,,2022-02-03T14:16:57Z,2019,2019-01-01,2019-12-31
28086770,MALARIA_IRS_COVERAGE,COUNTRY,CHN,YEAR,2020,,,,,,,,,174 619,174619,,,,2022-02-03T14:16:57Z,2020,2020-01-01,2020-12-31
28086837,MALARIA_IRS_COVERAGE,COUNTRY,KHM,YEAR,2018,,,,,,,,,,,,,,2022-02-03T14:16:58Z,2018,2018-01-01,2018-12-31
28086848,MALARIA_IRS_COVERAGE,COUNTRY,KHM,YEAR,2019,,,,,,,,,,,,,,2022-02-03T14:16:58Z,2019,2019-01-01,2019-12-31
28086859,MALARIA_IRS_COVERAGE,COUNTRY,KHM,YEAR,2020,,,,,,,,,,,,,,2022-02-03T14:16:58Z,2020,2020-01-01,2020-12-31
28086918,MALARIA_IRS_COVERAGE,COUNTRY,KOR,YEAR,2018,,,,,,,,,,,,,,2022-02-03T14:16:59Z,2018,2018-01-01,2018-12-31
28086929,MALARIA_IRS_COVERAGE,COUNTRY,KOR,YEAR,2019,,,,,,,,,,,,,,2022-02-03T14:16:59Z,2019,2019-01-01,2019-12-31
28086940,MALARIA_IRS_COVERAGE,COUNTRY,KOR,YEAR,2020,,,,,,,,,,,,,,2022-02-03T14:16:59Z,2020,2020-01-01,2020-12-31
28087007,MALARIA_IRS_COVERAGE,COUNTRY,LAO,YEAR,2018,,,,,,,,,2 052,2052,,,,2022-02-03T14:17:01Z,2018,2018-01-01,2018-12-31
28087018,MALARIA_IRS_COVERAGE,COUNTRY,LAO,YEAR,2019,,,,,,,,,3 333,3333,,,,2022-02-03T14:17:01Z,2019,2019-01-01,2019-12-31
28087029,MALARIA_IRS_COVERAGE,COUNTRY,LAO,YEAR,2020,,,,,,,,,2 333,2333,,,,2022-02-03T14:17:01Z,2020,2020-01-01,2020-12-31
28087092,MALARIA_IRS_COVERAGE,COUNTRY,MYS,YEAR,2018,,,,,,,,,,,,,,2022-02-03T14:17:02Z,2018,2018-01-01,2018-12-31
28087103,MALARIA_IRS_COVERAGE,COUNTRY,MYS,YEAR,2019,,,,,,,,,323 208,323208,,,,2022-02-03T14:17:02Z,2019,2019-01-01,2019-12-31
28087114,MALARIA_IRS_COVERAGE,COUNTRY,MYS,YEAR,2020,,,,,,,,,305 688,305688,,,,2022-02-03T14:17:02Z,2020,2020-01-01,2020-12-31
28087181,MALARIA_IRS_COVERAGE,COUNTRY,PHL,YEAR,2018,,,,,,,,,1 015 672,1015672,,,,2022-02-03T14:17:03Z,2018,2018-01-01,2018-12-31
28087192,MALARIA_IRS_COVERAGE,COUNTRY,PHL,YEAR,2019,,,,,,,,,731 696,731696,,,,2022-02-03T14:17:03Z,2019,2019-01-01,2019-12-31
28087203,MALARIA_IRS_COVERAGE,COUNTRY,PHL,YEAR,2020,,,,,,,,,476 804,476804,,,,2022-02-03T14:17:04Z,2020,2020-01-01,2020-12-31
28087270,MALARIA_IRS_COVERAGE,COUNTRY,PNG,YEAR,2018,,,,,,,,,,,,,,2022-02-03T14:17:04Z,2018,2018-01-01,2018-12-31
28087281,MALARIA_IRS_COVERAGE,COUNTRY,PNG,YEAR,2019,,,,,,,,,,,,,,2022-02-03T14:17:05Z,2019,2019-01-01,2019-12-31
28087292,MALARIA_IRS_COVERAGE,COUNTRY,PNG,YEAR,2020,,,,,,,,,200,200,,,,2022-02-03T14:17:05Z,2020,2020-01-01,2020-12-31
28087359,MALARIA_IRS_COVERAGE,COUNTRY,SLB,YEAR,2018,,,,,,,,,,,,,,2022-02-03T14:17:06Z,2018,2018-01-01,2018-12-31
28087370,MALARIA_IRS_COVERAGE,COUNTRY,SLB,YEAR,2019,,,,,,,,,,,,,,2022-02-03T14:17:06Z,2019,2019-01-01,2019-12-31
28087381,MALARIA_IRS_COVERAGE,COUNTRY,SLB,YEAR,2020,,,,,,,,,,,,,,2022-02-03T14:17:06Z,2020,2020-01-01,2020-12-31
28087446,MALARIA_IRS_COVERAGE,COUNTRY,VNM,YEAR,2018,,,,,,,,,319 866,319866,,,,2022-02-03T14:17:07Z,2018,2018-01-01,2018-12-31
28087457,MALARIA_IRS_COVERAGE,COUNTRY,VNM,YEAR,2019,,,,,,,,,696 751,696751,,,,2022-02-03T14:17:07Z,2019,2019-01-01,2019-12-31
28087468,MALARIA_IRS_COVERAGE,COUNTRY,VNM,YEAR,2020,,,,,,,,,433 405,433405,,,,2022-02-03T14:17:07Z,2020,2020-01-01,2020-12-31
28087535,MALARIA_IRS_COVERAGE,COUNTRY,VUT,YEAR,2018,,,,,,,,,,,,,,2022-02-03T14:17:08Z,2018,2018-01-01,2018-12-31
28087546,MALARIA_IRS_COVERAGE,COUNTRY,VUT,YEAR,2019,,,,,,,,,,,,,,2022-02-03T14:17:09Z,2019,2019-01-01,2019-12-31
28087557,MALARIA_IRS_COVERAGE,COUNTRY,VUT,YEAR,2020,,,,,,,,,,,,,,2022-02-03T14:17:09Z,2020,2020-01-01,2020-12-31
