Id,IndicatorCode,SpatialDimension,SpatialDimensionValueCode,TimeDimension,TimeDim,DisaggregatingDimension1,DisaggregatingDimension1ValueCode,DisaggregatingDimension2,DisaggregatingDimension2ValueCode,DisaggregatingDimension3,DisaggregatingDimension3ValueCode,DataSourceDimension,DataSourceDimensionValueCode,Value,NumericValue,Low,High,Comments,Date,TimeDimensionValue,TimeDimensionBegin,TimeDimensionEnd
28123901,MALARIA_ITN_COVERAGE,COUNTRY,BEN,YEAR,2020,,,,,,,,,69,69,,,,2022-02-10T13:10:40Z,2020,2020-01-01,2020-12-31
28123902,MALARIA_ITN_COVERAGE,COUNTRY,CAF,YEAR,2019,,,,,,,,,75.2,75.2,,,,2022-02-10T13:10:40Z,2019,2019-01-01,2019-12-31
28123903,MALARIA_ITN_COVERAGE,COUNTRY,CAF,YEAR,2020,,,,,,,,,67.6,67.6,,,,2022-02-10T13:10:40Z,2020,2020-01-01,2020-12-31
28123904,MALARIA_ITN_COVERAGE,COUNTRY,CMR,YEAR,2019,,,,,,,,,69.4,69.4,,,,2022-02-10T13:10:40Z,2019,2019-01-01,2019-12-31
28123905,MALARIA_ITN_COVERAGE,COUNTRY,COD,YEAR,2020,,,,,,,,,62.8,62.8,,,,2022-02-10T13:10:40Z,2020,2020-01-01,2020-12-31
28123906,MALARIA_ITN_COVERAGE,COUNTRY,ERI,YEAR,2020,,,,,,,,,41.3,41.3,,,,2022-02-10T13:10:40Z,2020,2020-01-01,2020-12-31
28123907,MALARIA_ITN_COVERAGE,COUNTRY,GAB,YEAR,2018,,,,,,,,,16.9,16.9,,,,2022-02-10T13:10:40Z,2018,2018-01-01,2018-12-31
28123908,MALARIA_ITN_COVERAGE,COUNTRY,GHA,YEAR,2019,,,,,,,,,78.9,78.9,,,,2022-02-10T13:10:40Z,2019,2019-01-01,2019-12-31
28123909,MALARIA_ITN_COVERAGE,COUNTRY,GHA,YEAR,2020,,,,,,,,,56.5,56.5,,,,2022-02-10T13:10:40Z,2020,2020-01-01,2020-12-31
28123910,MALARIA_ITN_COVERAGE,COUNTRY,GIN,YEAR,2020,,,,,,,,,74.7,74.7,,,,2022-02-10T13:10:40Z,2020,2020-01-01,2020-12-31
28123911,MALARIA_ITN_COVERAGE,COUNTRY,KEN,YEAR,2020,,,,,,,,,36.9,36.9,,,,2022-02-10T13:10:40Z,2020,2020-01-01,2020-12-31
28123912,MALARIA_ITN_COVERAGE,COUNTRY,MOZ,YEAR,2018,,,,,,,,,65.2,65.2,,,,2022-02-10T13:10:40Z,2018,2018-01-01,2018-12-31
28123913,MALARIA_ITN_COVERAGE,COUNTRY,MRT,YEAR,2018,,,,,,,,,44.6,44.6,,,,2022-02-10T13:10:40Z,2018,2018-01-01,2018-12-31
28123914,MALARIA_ITN_COVERAGE,COUNTRY,MRT,YEAR,2019,,,,,,,,,12,12,,,,2022-02-10T13:10:40Z,2019,2019-01-01,2019-12-31
28123915,MALARIA_ITN_COVERAGE,COUNTRY,MWI,YEAR,2018,,,,,,,,,73.1,73.1,,,,2022-02-10T13:10:40Z,2018,2018-01-01,2018-12-31
28123916,MALARIA_ITN_COVERAGE,COUNTRY,MWI,YEAR,2019,,,,,,,,,71.5,71.5,,,,2022-02-10T13:10:40Z,2019,2019-01-01,2019-12-31
28123917,MALARIA_ITN_COVERAGE,COUNTRY,NER,YEAR,2018,,,,,,,,,74.8,74.8,,,,2022-02-10T13:10:40Z,2018,2018-01-01,2018-12-31
28123918,MALARIA_ITN_COVERAGE,COUNTRY,NER,YEAR,2019,,,,,,,,,76.3,76.3,,,,2022-02-10T13:10:40Z,2019,2019-01-01,2019-12-31
28123919,MALARIA_ITN_COVERAGE,COUNTRY,SEN,YEAR,2018,,,,,,,,,48.2,48.2,,,,2022-02-10T13:10:40Z,2018,2018-01-01,2018-12-31
28123920,MALARIA_ITN_COVERAGE,COUNTRY,SEN,YEAR,2019,,,,,,,,,73.4,73.4,,,,2022-02-10T13:10:40Z,2019,2019-01-01,2019-12-31
28123921,MALARIA_ITN_COVERAGE,COUNTRY,SLE,YEAR,2019,,,,,,,,,49.9,49.9,,,,2022-02-10T13:10:40Z,2019,2019-01-01,2019-12-31
28123922,MALARIA_ITN_COVERAGE,COUNTRY,SLE,YEAR,2020,,,,,,,,,67.3,67.3,,,,2022-02-10T13:10:40Z,2020,2020-01-01,2020-12-31
28123923,MALARIA_ITN_COVERAGE,COUNTRY,SSD,YEAR,2018,,,,,,,,,42.3,42.3,,,,2022-02-10T13:10:40Z,2018,2018-01-01,2018-12-31
28123924,MALARIA_ITN_COVERAGE,COUNTRY,TCD,YEAR,2018,,,,,,,,,48,48,,,,2022-02-10T13:10:40Z,2018,2018-01-01,2018-12-31
28123925,MALARIA_ITN_COVERAGE,COUNTRY,TCD,YEAR,2019,,,,,,,,,18.5,18.5,,,,2022-02-10T13:10:40Z,2019,2019-01-01,2019-12-31
28123926,MALARIA_ITN_COVERAGE,COUNTRY,TGO,YEAR,2019,,,,,,,,,66.1,66.1,,,,2022-02-10T13:10:40Z,2019,2019-01-01,2019-12-31
28123927,MALARIA_ITN_COVERAGE,COUNTRY,TGO,YEAR,2020,,,,,,,,,83.1,83.1,,,,2022-02-10T13:10:40Z,2020,2020-01-01,2020-12-31
28123928,MALARIA_ITN_COVERAGE,COUNTRY,TZA,YEAR,2020,,,,,,,,,53.4,53.4,,,,2022-02-10T13:10:40Z,2020,2020-01-01,2020-12-31
28123929,MALARIA_ITN_COVERAGE,COUNTRY,ZMB,YEAR,2019,,,,,,,,,48.7,48.7,,,,2022-02-10T13:10:40Z,2019,2019-01-01,2019-12-31
28123930,MALARIA_ITN_COVERAGE,COUNTRY,ZMB,YEAR,2020,,,,,,,,,34.4,34.4,,,,2022-02-10T13:10:40Z,2020,2020-01-01,2020-12-31
28123931,MALARIA_ITN_COVERAGE,COUNTRY,ZWE,YEAR,2018,,,,,,,,,36.8,36.8,,,,2022-02-10T13:10:40Z,2018,2018-01-01,2018-12-31
28123932,MALARIA_ITN_COVERAGE,COUNTRY,ZWE,YEAR,2019,,,,,,,,,37.3,37.3,,,,2022-02-10T13:10:40Z,2019,2019-01-01,2019-12-31
28123933,MALARIA_ITN_COVERAGE,COUNTRY,DJI,YEAR,2020,,,,,,,,,6.9,6.9,,,,2022-02-10T13:10:40Z,2020,2020-01-01,2020-12-31
28123934,MALARIA_ITN_COVERAGE,COUNTRY,SDN,YEAR,2019,,,,,,,,,58.3,58.3,,,,2022-02-10T13:10:40Z,2019,2019-01-01,2019-12-31
28123935,MALARIA_ITN_COVERAGE,COUNTRY,BDI,YEAR,2019,,,,,,,,,50.5,50.5,,,,2022-02-10T13:10:40Z,2019,2019-01-01,2019-12-31
28123936,MALARIA_ITN_COVERAGE,COUNTRY,BEN,YEAR,2019,,,,,,,,,30.5,30.5,,,,2022-02-10T13:10:40Z,2019,2019-01-01,2019-12-31
28123937,MALARIA_ITN_COVERAGE,COUNTRY,BFA,YEAR,2020,,,,,,,,,68.3,68.3,,,,2022-02-10T13:10:40Z,2020,2020-01-01,2020-12-31
28123938,MALARIA_ITN_COVERAGE,COUNTRY,CIV,YEAR,2020,,,,,,,,,49,49,,,,2022-02-10T13:10:40Z,2020,2020-01-01,2020-12-31
28123939,MALARIA_ITN_COVERAGE,COUNTRY,CMR,YEAR,2020,,,,,,,,,71.8,71.8,,,,2022-02-10T13:10:40Z,2020,2020-01-01,2020-12-31
28123940,MALARIA_ITN_COVERAGE,COUNTRY,COD,YEAR,2018,,,,,,,,,59.2,59.2,,,,2022-02-10T13:10:40Z,2018,2018-01-01,2018-12-31
28123941,MALARIA_ITN_COVERAGE,COUNTRY,COG,YEAR,2020,,,,,,,,,84,84,,,,2022-02-10T13:10:40Z,2020,2020-01-01,2020-12-31
28123942,MALARIA_ITN_COVERAGE,COUNTRY,COM,YEAR,2018,,,,,,,,,67.4,67.4,,,,2022-02-10T13:10:40Z,2018,2018-01-01,2018-12-31
28123943,MALARIA_ITN_COVERAGE,COUNTRY,ERI,YEAR,2019,,,,,,,,,54.6,54.6,,,,2022-02-10T13:10:40Z,2019,2019-01-01,2019-12-31
28123944,MALARIA_ITN_COVERAGE,COUNTRY,ETH,YEAR,2019,,,,,,,,,25.5,25.5,,,,2022-02-10T13:10:40Z,2019,2019-01-01,2019-12-31
28123945,MALARIA_ITN_COVERAGE,COUNTRY,GAB,YEAR,2020,,,,,,,,,11.8,11.8,,,,2022-02-10T13:10:40Z,2020,2020-01-01,2020-12-31
28123946,MALARIA_ITN_COVERAGE,COUNTRY,GHA,YEAR,2018,,,,,,,,,84.9,84.9,,,,2022-02-10T13:10:40Z,2018,2018-01-01,2018-12-31
28123947,MALARIA_ITN_COVERAGE,COUNTRY,GIN,YEAR,2018,,,,,,,,,30.6,30.6,,,,2022-02-10T13:10:40Z,2018,2018-01-01,2018-12-31
28123948,MALARIA_ITN_COVERAGE,COUNTRY,GMB,YEAR,2019,,,,,,,,,64,64,,,,2022-02-10T13:10:40Z,2019,2019-01-01,2019-12-31
28123949,MALARIA_ITN_COVERAGE,COUNTRY,GNB,YEAR,2020,,,,,,,,,18.8,18.8,,,,2022-02-10T13:10:40Z,2020,2020-01-01,2020-12-31
28123950,MALARIA_ITN_COVERAGE,COUNTRY,GNQ,YEAR,2018,,,,,,,,,46.4,46.4,,,,2022-02-10T13:10:40Z,2018,2018-01-01,2018-12-31
28123951,MALARIA_ITN_COVERAGE,COUNTRY,KEN,YEAR,2019,,,,,,,,,58.9,58.9,,,,2022-02-10T13:10:40Z,2019,2019-01-01,2019-12-31
28123952,MALARIA_ITN_COVERAGE,COUNTRY,LBR,YEAR,2020,,,,,,,,,23.8,23.8,,,,2022-02-10T13:10:40Z,2020,2020-01-01,2020-12-31
28123953,MALARIA_ITN_COVERAGE,COUNTRY,MDG,YEAR,2018,,,,,,,,,61.7,61.7,,,,2022-02-10T13:10:40Z,2018,2018-01-01,2018-12-31
28123954,MALARIA_ITN_COVERAGE,COUNTRY,MLI,YEAR,2018,,,,,,,,,67.4,67.4,,,,2022-02-10T13:10:40Z,2018,2018-01-01,2018-12-31
28123955,MALARIA_ITN_COVERAGE,COUNTRY,MOZ,YEAR,2019,,,,,,,,,53.2,53.2,,,,2022-02-10T13:10:41Z,2019,2019-01-01,2019-12-31
28123956,MALARIA_ITN_COVERAGE,COUNTRY,MRT,YEAR,2020,,,,,,,,,40,40,,,,2022-02-10T13:10:41Z,2020,2020-01-01,2020-12-31
28123957,MALARIA_ITN_COVERAGE,COUNTRY,MWI,YEAR,2020,,,,,,,,,42.3,42.3,,,,2022-02-10T13:10:41Z,2020,2020-01-01,2020-12-31
28123958,MALARIA_ITN_COVERAGE,COUNTRY,NGA,YEAR,2019,,,,,,,,,48.3,48.3,,,,2022-02-10T13:10:41Z,2019,2019-01-01,2019-12-31
28123959,MALARIA_ITN_COVERAGE,COUNTRY,RWA,YEAR,2020,,,,,,,,,59.3,59.3,,,,2022-02-10T13:10:41Z,2020,2020-01-01,2020-12-31
28123960,MALARIA_ITN_COVERAGE,COUNTRY,SEN,YEAR,2020,,,,,,,,,76.3,76.3,,,,2022-02-10T13:10:41Z,2020,2020-01-01,2020-12-31
28123961,MALARIA_ITN_COVERAGE,COUNTRY,SLE,YEAR,2018,,,,,,,,,69,69,,,,2022-02-10T13:10:41Z,2018,2018-01-01,2018-12-31
28123962,MALARIA_ITN_COVERAGE,COUNTRY,SSD,YEAR,2019,,,,,,,,,36,36,,,,2022-02-10T13:10:41Z,2019,2019-01-01,2019-12-31
28123963,MALARIA_ITN_COVERAGE,COUNTRY,TCD,YEAR,2020,,,,,,,,,47.6,47.6,,,,2022-02-10T13:10:41Z,2020,2020-01-01,2020-12-31
28123964,MALARIA_ITN_COVERAGE,COUNTRY,TGO,YEAR,2018,,,,,,,,,79.1,79.1,,,,2022-02-10T13:10:41Z,2018,2018-01-01,2018-12-31
28123965,MALARIA_ITN_COVERAGE,COUNTRY,TZA,YEAR,2019,,,,,,,,,54.4,54.4,,,,2022-02-10T13:10:41Z,2019,2019-01-01,2019-12-31
28123966,MALARIA_ITN_COVERAGE,COUNTRY,UGA,YEAR,2020,,,,,,,,,69,69,,,,2022-02-10T13:10:41Z,2020,2020-01-01,2020-12-31
28123967,MALARIA_ITN_COVERAGE,COUNTRY,ZWE,YEAR,2020,,,,,,,,,37.5,37.5,,,,2022-02-10T13:10:41Z,2020,2020-01-01,2020-12-31
28123968,MALARIA_ITN_COVERAGE,COUNTRY,DJI,YEAR,2018,,,,,,,,,31.8,31.8,,,,2022-02-10T13:10:41Z,2018,2018-01-01,2018-12-31
28123969,MALARIA_ITN_COVERAGE,COUNTRY,SDN,YEAR,2020,,,,,,,,,56,56,,,,2022-02-10T13:10:41Z,2020,2020-01-01,2020-12-31
28123970,MALARIA_ITN_COVERAGE,COUNTRY,SOM,YEAR,2020,,,,,,,,,19.3,19.3,,,,2022-02-10T13:10:41Z,2020,2020-01-01,2020-12-31
28123971,MALARIA_ITN_COVERAGE,COUNTRY,AGO,YEAR,2020,,,,,,,,,14.1,14.1,,,,2022-02-10T13:10:41Z,2020,2020-01-01,2020-12-31
28123972,MALARIA_ITN_COVERAGE,COUNTRY,BDI,YEAR,2018,,,,,,,,,71.4,71.4,,,,2022-02-10T13:10:41Z,2018,2018-01-01,2018-12-31
28123973,MALARIA_ITN_COVERAGE,COUNTRY,BEN,YEAR,2018,,,,,,,,,59.2,59.2,,,,2022-02-10T13:10:41Z,2018,2018-01-01,2018-12-31
28123974,MALARIA_ITN_COVERAGE,COUNTRY,BFA,YEAR,2019,,,,,,,,,66.4,66.4,,,,2022-02-10T13:10:41Z,2019,2019-01-01,2019-12-31
28123975,MALARIA_ITN_COVERAGE,COUNTRY,CAF,YEAR,2018,,,,,,,,,76.7,76.7,,,,2022-02-10T13:10:41Z,2018,2018-01-01,2018-12-31
28123976,MALARIA_ITN_COVERAGE,COUNTRY,CIV,YEAR,2018,,,,,,,,,74.4,74.4,,,,2022-02-10T13:10:41Z,2018,2018-01-01,2018-12-31
28123977,MALARIA_ITN_COVERAGE,COUNTRY,CMR,YEAR,2018,,,,,,,,,63.2,63.2,,,,2022-02-10T13:10:41Z,2018,2018-01-01,2018-12-31
28123978,MALARIA_ITN_COVERAGE,COUNTRY,COD,YEAR,2019,,,,,,,,,64.7,64.7,,,,2022-02-10T13:10:41Z,2019,2019-01-01,2019-12-31
28123979,MALARIA_ITN_COVERAGE,COUNTRY,ETH,YEAR,2018,,,,,,,,,18.9,18.9,,,,2022-02-10T13:10:41Z,2018,2018-01-01,2018-12-31
28123980,MALARIA_ITN_COVERAGE,COUNTRY,GAB,YEAR,2019,,,,,,,,,15.8,15.8,,,,2022-02-10T13:10:41Z,2019,2019-01-01,2019-12-31
28123981,MALARIA_ITN_COVERAGE,COUNTRY,GIN,YEAR,2019,,,,,,,,,69.6,69.6,,,,2022-02-10T13:10:41Z,2019,2019-01-01,2019-12-31
28123982,MALARIA_ITN_COVERAGE,COUNTRY,GMB,YEAR,2020,,,,,,,,,48.7,48.7,,,,2022-02-10T13:10:41Z,2020,2020-01-01,2020-12-31
28123983,MALARIA_ITN_COVERAGE,COUNTRY,GNB,YEAR,2018,,,,,,,,,64.8,64.8,,,,2022-02-10T13:10:41Z,2018,2018-01-01,2018-12-31
28123984,MALARIA_ITN_COVERAGE,COUNTRY,GNQ,YEAR,2019,,,,,,,,,45.5,45.5,,,,2022-02-10T13:10:41Z,2019,2019-01-01,2019-12-31
28123985,MALARIA_ITN_COVERAGE,COUNTRY,NER,YEAR,2020,,,,,,,,,82.9,82.9,,,,2022-02-10T13:10:41Z,2020,2020-01-01,2020-12-31
28123986,MALARIA_ITN_COVERAGE,COUNTRY,NGA,YEAR,2020,,,,,,,,,41.9,41.9,,,,2022-02-10T13:10:41Z,2020,2020-01-01,2020-12-31
28123987,MALARIA_ITN_COVERAGE,COUNTRY,RWA,YEAR,2018,,,,,,,,,53.7,53.7,,,,2022-02-10T13:10:41Z,2018,2018-01-01,2018-12-31
28123988,MALARIA_ITN_COVERAGE,COUNTRY,SSD,YEAR,2020,,,,,,,,,48,48,,,,2022-02-10T13:10:41Z,2020,2020-01-01,2020-12-31
28123989,MALARIA_ITN_COVERAGE,COUNTRY,UGA,YEAR,2018,,,,,,,,,80.2,80.2,,,,2022-02-10T13:10:41Z,2018,2018-01-01,2018-12-31
28123990,MALARIA_ITN_COVERAGE,COUNTRY,ZMB,YEAR,2018,,,,,,,,,64.4,64.4,,,,2022-02-10T13:10:41Z,2018,2018-01-01,2018-12-31
28123991,MALARIA_ITN_COVERAGE,COUNTRY,DJI,YEAR,2019,,,,,,,,,20.5,20.5,,,,2022-02-10T13:10:41Z,2019,2019-01-01,2019-12-31
28123992,MALARIA_ITN_COVERAGE,COUNTRY,SDN,YEAR,2018,,,,,,,,,61.9,61.9,,,,2022-02-10T13:10:41Z,2018,2018-01-01,2018-12-31
28123993,MALARIA_ITN_COVERAGE,COUNTRY,SOM,YEAR,2019,,,,,,,,,18.3,18.3,,,,2022-02-10T13:10:41Z,2019,2019-01-01,2019-12-31
28123994,MALARIA_ITN_COVERAGE,COUNTRY,AGO,YEAR,2018,,,,,,,,,52.5,52.5,,,,2022-02-10T13:10:41Z,2018,2018-01-01,2018-12-31
28123995,MALARIA_ITN_COVERAGE,COUNTRY,AGO,YEAR,2019,,,,,,,,,27.2,27.2,,,,2022-02-10T13:10:41Z,2019,2019-01-01,2019-12-31
28123996,MALARIA_ITN_COVERAGE,COUNTRY,BDI,YEAR,2020,,,,,,,,,64.5,64.5,,,,2022-02-10T13:10:41Z,2020,2020-01-01,2020-12-31
28123997,MALARIA_ITN_COVERAGE,COUNTRY,BFA,YEAR,2018,,,,,,,,,49.2,49.2,,,,2022-02-10T13:10:41Z,2018,2018-01-01,2018-12-31
28123998,MALARIA_ITN_COVERAGE,COUNTRY,CIV,YEAR,2019,,,,,,,,,60.4,60.4,,,,2022-02-10T13:10:41Z,2019,2019-01-01,2019-12-31
28123999,MALARIA_ITN_COVERAGE,COUNTRY,COG,YEAR,2018,,,,,,,,,32.1,32.1,,,,2022-02-10T13:10:41Z,2018,2018-01-01,2018-12-31
28124000,MALARIA_ITN_COVERAGE,COUNTRY,COG,YEAR,2019,,,,,,,,,73.2,73.2,,,,2022-02-10T13:10:41Z,2019,2019-01-01,2019-12-31
28124001,MALARIA_ITN_COVERAGE,COUNTRY,COM,YEAR,2019,,,,,,,,,48.1,48.1,,,,2022-02-10T13:10:41Z,2019,2019-01-01,2019-12-31
28124002,MALARIA_ITN_COVERAGE,COUNTRY,COM,YEAR,2020,,,,,,,,,70.9,70.9,,,,2022-02-10T13:10:41Z,2020,2020-01-01,2020-12-31
28124003,MALARIA_ITN_COVERAGE,COUNTRY,ERI,YEAR,2018,,,,,,,,,61.6,61.6,,,,2022-02-10T13:10:41Z,2018,2018-01-01,2018-12-31
28124004,MALARIA_ITN_COVERAGE,COUNTRY,ETH,YEAR,2020,,,,,,,,,23.7,23.7,,,,2022-02-10T13:10:41Z,2020,2020-01-01,2020-12-31
28124005,MALARIA_ITN_COVERAGE,COUNTRY,GMB,YEAR,2018,,,,,,,,,61.4,61.4,,,,2022-02-10T13:10:41Z,2018,2018-01-01,2018-12-31
28124006,MALARIA_ITN_COVERAGE,COUNTRY,GNB,YEAR,2019,,,,,,,,,40.6,40.6,,,,2022-02-10T13:10:41Z,2019,2019-01-01,2019-12-31
28124007,MALARIA_ITN_COVERAGE,COUNTRY,GNQ,YEAR,2020,,,,,,,,,35.5,35.5,,,,2022-02-10T13:10:41Z,2020,2020-01-01,2020-12-31
28124008,MALARIA_ITN_COVERAGE,COUNTRY,KEN,YEAR,2018,,,,,,,,,69.6,69.6,,,,2022-02-10T13:10:41Z,2018,2018-01-01,2018-12-31
28124009,MALARIA_ITN_COVERAGE,COUNTRY,LBR,YEAR,2018,,,,,,,,,50.2,50.2,,,,2022-02-10T13:10:41Z,2018,2018-01-01,2018-12-31
28124010,MALARIA_ITN_COVERAGE,COUNTRY,LBR,YEAR,2019,,,,,,,,,61.5,61.5,,,,2022-02-10T13:10:41Z,2019,2019-01-01,2019-12-31
28124011,MALARIA_ITN_COVERAGE,COUNTRY,MDG,YEAR,2019,,,,,,,,,68.3,68.3,,,,2022-02-10T13:10:41Z,2019,2019-01-01,2019-12-31
28124012,MALARIA_ITN_COVERAGE,COUNTRY,MDG,YEAR,2020,,,,,,,,,46.1,46.1,,,,2022-02-10T13:10:41Z,2020,2020-01-01,2020-12-31
28124013,MALARIA_ITN_COVERAGE,COUNTRY,MLI,YEAR,2019,,,,,,,,,74.2,74.2,,,,2022-02-10T13:10:41Z,2019,2019-01-01,2019-12-31
28124014,MALARIA_ITN_COVERAGE,COUNTRY,MLI,YEAR,2020,,,,,,,,,83.1,83.1,,,,2022-02-10T13:10:41Z,2020,2020-01-01,2020-12-31
28124015,MALARIA_ITN_COVERAGE,COUNTRY,MOZ,YEAR,2020,,,,,,,,,63.5,63.5,,,,2022-02-10T13:10:41Z,2020,2020-01-01,2020-12-31
28124016,MALARIA_ITN_COVERAGE,COUNTRY,NGA,YEAR,2018,,,,,,,,,50.3,50.3,,,,2022-02-10T13:10:41Z,2018,2018-01-01,2018-12-31
28124017,MALARIA_ITN_COVERAGE,COUNTRY,RWA,YEAR,2019,,,,,,,,,36.9,36.9,,,,2022-02-10T13:10:41Z,2019,2019-01-01,2019-12-31
28124018,MALARIA_ITN_COVERAGE,COUNTRY,TZA,YEAR,2018,,,,,,,,,58.6,58.6,,,,2022-02-10T13:10:41Z,2018,2018-01-01,2018-12-31
28124019,MALARIA_ITN_COVERAGE,COUNTRY,UGA,YEAR,2019,,,,,,,,,60.7,60.7,,,,2022-02-10T13:10:41Z,2019,2019-01-01,2019-12-31
28124020,MALARIA_ITN_COVERAGE,COUNTRY,SOM,YEAR,2018,,,,,,,,,22.5,22.5,,,,2022-02-10T13:10:41Z,2018,2018-01-01,2018-12-31
