,Location,Year,FactValueNumeric,casesDuetoFalciparum,casesDuetoVivax,ItnUse,ItnUseRate,ItnAccess,Value,Proportion to recieve effective treatment
0,Afghanistan,2010,69798.0,6142.0,63255.0,,,,,
1,Afghanistan,2011,77549.0,5581.0,71968.0,,,,,
2,Afghanistan,2012,54840.0,1231.0,53609.0,,,,,
3,Afghanistan,2013,52965.0,1877.0,43369.0,,,,,
4,Afghanistan,2014,106478.0,3000.0,58362.0,,,,,
5,Afghanistan,2015,119859.0,4004.0,82891.0,,,,,
6,Afghanistan,2016,241233.0,6369.0,132407.0,,,,,
7,Afghanistan,2017,313086.0,6907.0,154468.0,,,,,
8,Afghanistan,2018,248689.0,6437.0,166583.0,,,,,
9,Afghanistan,2019,173860.0,2701.0,170747.0,,,,,
10,Afghanistan,2020,105295.0,2691.0,102316.0,,,,,
11,Albania,2020,,,,,,,,
12,Algeria,2010,1.0,,,,,,,
13,Algeria,2011,1.0,,,,,,,
14,Algeria,2012,55.0,,,,,,,
15,Algeria,2013,8.0,,,,,,,
16,Algeria,2014,0.0,,,,,,,
17,Algeria,2015,0.0,,,,,,,
18,Algeria,2016,0.0,,,,,,,
19,Algeria,2017,0.0,,,,,,,
20,Algeria,2018,0.0,,,,,,,
21,Algeria,2019,0.0,,,,,,,
22,Algeria,2020,0.0,,,,,,,
23,Andorra,2020,,,,,,,,
24,Angola,2010,1682870.0,,,15.18867842,91.85159321,15.64159265,0.7295703713479998,44.43481816130001
25,Angola,2011,1632282.0,,,16.09625961,92.6602755,16.32480973,0.7497153477779999,48.5274054889
26,Angola,2012,1496834.0,,,11.69412807,88.49159579,12.233892,3.01893203782,46.5577885062
27,Angola,2013,1999868.0,,,12.6636645,85.43981012,13.68674719,2.82447860884,47.221593064900006
28,Angola,2014,2298979.0,,,22.41845346,85.85744352,24.77222815,0.30905343251,47.6400204761
29,Angola,2015,2769305.0,,,20.16015151,87.08535845,22.24981781,4.6509917576e-06,47.5037616464
30,Angola,2016,3794253.0,,,21.16292452,89.64259121,22.6801502,0.000139621702122,47.8398413094
31,Angola,2017,3874892.0,,,41.12247408,89.74801668,44.33661782,0.000290769189519,46.939708319
32,Angola,2018,5150575.0,,,40.01506191,84.53421875,45.28902698,0.0002188738877759,46.4475186458
33,Angola,2019,7054978.0,,,20.19569529,75.93293897,24.94941182,6.4158646181e-05,43.1888012261
34,Angola,2020,6599327.0,,,13.19424824,70.69613341,17.15484006,6.33333047116e-05,44.5418505536
35,Antigua and Barbuda,2020,,,,,,,,
36,Argentina,2010,54.0,0.0,14.0,,,,,
37,Argentina,2011,0.0,0.0,,,,,,
38,Argentina,2012,0.0,0.0,,,,,,
39,Argentina,2013,0.0,0.0,,,,,,
40,Argentina,2014,0.0,0.0,,,,,,
41,Argentina,2015,0.0,0.0,,,,,,
42,Argentina,2016,0.0,0.0,,,,,,
43,Argentina,2017,0.0,0.0,,,,,,
44,Argentina,2018,0.0,0.0,,,,,,
45,Argentina,2019,0.0,0.0,,,,,,
46,Argentina,2020,0.0,0.0,,,,,,
47,Armenia,2010,0.0,0.0,0.0,,,,,
48,Armenia,2011,0.0,0.0,0.0,,,,,
49,Armenia,2012,0.0,0.0,0.0,,,,,
50,Armenia,2013,0.0,0.0,0.0,,,,,
51,Armenia,2014,0.0,0.0,0.0,,,,,
52,Armenia,2015,0.0,0.0,0.0,,,,,
53,Armenia,2016,0.0,0.0,0.0,,,,,
54,Armenia,2017,0.0,0.0,0.0,,,,,
55,Armenia,2018,0.0,0.0,0.0,,,,,
56,Armenia,2019,0.0,0.0,0.0,,,,,
57,Armenia,2020,0.0,0.0,0.0,,,,,
58,Australia,2020,,,,,,,,
59,Austria,2020,,,,,,,,
60,Azerbaijan,2010,50.0,,50.0,,,,,
61,Azerbaijan,2011,4.0,,4.0,,,,,
62,Azerbaijan,2012,3.0,,3.0,,,,,
63,Azerbaijan,2013,0.0,,0.0,,,,,
64,Azerbaijan,2014,0.0,,0.0,,,,,
65,Azerbaijan,2015,0.0,,0.0,,,,,
66,Azerbaijan,2016,0.0,,0.0,,,,,
67,Azerbaijan,2017,0.0,,0.0,,,,,
68,Azerbaijan,2018,0.0,,0.0,,,,,
69,Azerbaijan,2019,0.0,,0.0,,,,,
70,Azerbaijan,2020,,,,,,,,
71,Bahamas,2020,,,,,,,,
72,Bahrain,2020,,,,,,,,
73,Bangladesh,2010,55873.0,52012.0,3824.0,,,,,
74,Bangladesh,2011,51773.0,49084.0,2579.0,,,,,
75,Bangladesh,2012,29518.0,27651.0,1699.0,,,,,
76,Bangladesh,2013,26891.0,25815.0,983.0,,,,,
77,Bangladesh,2014,57480.0,41261.0,3348.0,,,,,
78,Bangladesh,2015,39590.0,26453.0,4000.0,,,,,
79,Bangladesh,2016,27628.0,17269.0,3297.0,,,,,
80,Bangladesh,2017,29228.0,23315.0,4442.0,,,,,
81,Bangladesh,2018,10482.0,8470.0,1672.0,,,,,
82,Bangladesh,2019,17219.0,14752.0,2126.0,,,,,
83,Bangladesh,2020,6128.0,4744.0,1245.0,,,,,
84,Barbados,2020,,,,,,,,
85,Belarus,2020,,,,,,,,
86,Belgium,2020,,,,,,,,
87,Belize,2010,150.0,,149.0,,,,,
88,Belize,2011,72.0,,72.0,,,,,
89,Belize,2012,33.0,,33.0,,,,,
90,Belize,2013,20.0,,20.0,,,,,
91,Belize,2014,19.0,,19.0,,,,,
92,Belize,2015,9.0,,9.0,,,,,
93,Belize,2016,4.0,,4.0,,,,,
94,Belize,2017,7.0,,5.0,,,,,
95,Belize,2018,3.0,1.0,2.0,,,,,
96,Belize,2019,0.0,,0.0,,,,,
97,Belize,2020,0.0,,0.0,,,,,
98,Benin,2011,422968.0,68745.0,,61.78091053,97.33694261,62.31540134,2.10902604837,40.3426504299
99,Benin,2012,705839.0,,,53.43324103,97.82179998,52.80569316,4.9571560344400005,38.884596497100006
100,Benin,2013,1090602.0,,,18.64941762,90.60774462,19.86097293,5.111362917859999,38.0999438958
101,Benin,2014,1309238.0,1044235.0,,22.97038253,74.37475753,29.80752845,5.27707273178,37.8868817936
102,Benin,2015,1721626.0,1268347.0,,28.29107039,60.13227749,44.86116669,3.1104473717900003,38.3127213214
103,Benin,2016,1610790.0,1324576.0,,13.62442392,50.99668884,27.32710642,3.77622315239,37.6625437098
104,Benin,2017,1933912.0,1696777.0,,56.44630226,81.19165265,67.38903826,4.53325498338,37.719047049
105,Benin,2018,1975812.0,1768450.0,,63.18673028,95.79671596,64.71048482,7.81262118171,37.7816456625
106,Benin,2019,2895878.0,2895878.0,,37.51507162,95.17452059,37.05648087,6.729313339319999,37.1512384591
107,Benin,2020,2516465.0,2516465.0,,59.22655051,90.91022473,63.0423658,6.379017626059999,38.706035126500005
108,Bhutan,2010,436.0,140.0,261.0,,,,,
109,Bhutan,2011,194.0,87.0,92.0,,,,,
110,Bhutan,2012,82.0,,,,,,,
111,Bhutan,2013,15.0,6.0,9.0,,,,,
112,Bhutan,2014,19.0,11.0,8.0,,,,,
113,Bhutan,2015,34.0,13.0,21.0,,,,,
114,Bhutan,2016,15.0,1.0,13.0,,,,,
115,Bhutan,2017,11.0,0.0,11.0,,,,,
116,Bhutan,2018,6.0,1.0,5.0,,,,,
117,Bhutan,2019,2.0,0.0,2.0,,,,,
118,Bhutan,2020,22.0,0.0,22.0,,,,,
119,Bolivia (Plurinational State of),2010,13769.0,1165.0,12569.0,,,,,
120,Bolivia (Plurinational State of),2011,7143.0,370.0,6756.0,,,,,
121,Bolivia (Plurinational State of),2012,7415.0,337.0,7067.0,,,,,
122,Bolivia (Plurinational State of),2013,7342.0,959.0,6346.0,,,,,
123,Bolivia (Plurinational State of),2014,7401.0,325.0,7060.0,,,,,
124,Bolivia (Plurinational State of),2015,6874.0,77.0,6785.0,,,,,
125,Bolivia (Plurinational State of),2016,5542.0,4.0,5535.0,,,,,
126,Bolivia (Plurinational State of),2017,4572.0,,4572.0,,,,,
127,Bolivia (Plurinational State of),2018,5342.0,,5342.0,,,,,
128,Bolivia (Plurinational State of),2019,9338.0,31.0,9299.0,,,,,
129,Bolivia (Plurinational State of),2020,12180.0,66.0,12107.0,,,,,
130,Bosnia and Herzegovina,2020,,,,,,,,
131,Botswana,2010,1046.0,1046.0,,,,,,
132,Botswana,2011,432.0,432.0,,,,,,
133,Botswana,2012,193.0,193.0,,,,,,
134,Botswana,2013,456.0,456.0,,,,,,
135,Botswana,2014,1346.0,1346.0,,,,,,
136,Botswana,2015,284.0,278.0,,,,,,
137,Botswana,2016,659.0,640.0,,,,,,
138,Botswana,2017,1847.0,1831.0,,,,,,
139,Botswana,2018,534.0,534.0,,,,,,
140,Botswana,2019,169.0,169.0,,,,,,
141,Botswana,2020,884.0,884.0,,,,,,
142,Brazil,2010,334667.0,47406.0,283435.0,,,,,
143,Brazil,2011,267146.0,32029.0,231368.0,,,,,
144,Brazil,2012,242758.0,31913.0,203018.0,,,,,
145,Brazil,2013,169623.0,25928.0,137887.0,,,,,
146,Brazil,2014,137888.0,21156.0,115809.0,,,,,
147,Brazil,2015,141229.0,14762.0,122746.0,,,,,
148,Brazil,2016,124177.0,13160.0,110340.0,,,,,
149,Brazil,2017,189558.0,18614.0,169887.0,,,,,
150,Brazil,2018,187757.0,17861.0,168552.0,,,,,
151,Brazil,2019,153296.0,15138.0,136949.0,,,,,
152,Brazil,2020,143381.0,21438.0,119898.0,,,,,
153,Brunei Darussalam,2020,,,,,,,,
154,Bulgaria,2020,,,,,,,,
155,Burkina Faso,2010,804539.0,,,24.73711493,84.91532337,28.50560959,0.281942514307,44.405820173
156,Burkina Faso,2011,428113.0,,,36.88153144,87.88735748,41.94670973,0.145157432045,44.8125593187
157,Burkina Faso,2012,3858046.0,,,30.81458577,83.3740169,36.19586296,0.296118070418,45.2860454381
158,Burkina Faso,2013,3769051.0,,,62.19335701,88.65750311,67.99440813,0.00874301724481,44.492746319
159,Burkina Faso,2014,5428655.0,,,72.33514978,94.39473094,76.08205113,0.0035370432568999,43.8403594958
160,Burkina Faso,2015,7015446.0,,,53.37723708,90.33926696,58.50816581,0.00366079432563,44.9753048616
161,Burkina Faso,2016,9779411.0,,,68.99158904,90.1253237,75.9848147,0.00322319194596,43.5947653224
162,Burkina Faso,2017,10557260.0,,,60.86724614,87.12751909,69.54952151,0.00292451211635,44.861949027
163,Burkina Faso,2018,10278970.0,,,42.50583521,84.57151556,49.97767652,0.956934344964,45.0745699365
164,Burkina Faso,2019,5877426.0,5877426.0,,61.468746,88.932942,68.03987418,1.1934584865800002,43.682200372900006
165,Burkina Faso,2020,10600340.0,10248510.0,,61.25163131,85.76177893,69.55389743,0.818430000359,44.8614089518
166,Burundi,2010,1763447.0,,,36.74562105,98.15014294,36.05689337,0.525290541339,38.2994993169
167,Burundi,2011,1575237.0,,,49.51652949,98.54768089,49.23045975,1.95471647443,41.3943474446
168,Burundi,2012,2166690.0,,,52.51591956,99.50438762,50.53114094,0.517506428347,38.8589905995
169,Burundi,2013,4178338.0,,,47.93468711,96.67022699,48.29671151,0.00178847941028,40.4445383506
170,Burundi,2014,4726299.0,,,76.45761901,93.89968198,81.33282126,0.0020872749419,39.9767544256
171,Burundi,2015,5428710.0,,,73.43913245,93.58215319,78.32588525,0.0,37.8063874196
172,Burundi,2016,8793176.0,,,43.59884916,97.95442409,43.41747541,1.11529990775,37.2200805598
173,Burundi,2017,8795952.0,,,53.50894156,99.31317454,51.78555839,2.10680562269,37.7349525535
174,Burundi,2018,4966511.0,,,34.48253491,91.48548845,36.18958376,12.2564214882,38.1133653519
175,Burundi,2019,9959533.0,,,21.6569705,82.43056702,25.26598432,5.43943266486,37.988614144100005
176,Burundi,2020,4720103.0,3963662.0,,52.79136351,85.83040977,58.92309752,5.44109326384,38.8978736119
177,Cabo Verde,2010,47.0,47.0,,,,,,
178,Cabo Verde,2011,7.0,7.0,,,,,,
179,Cabo Verde,2012,1.0,1.0,,,,,,
180,Cabo Verde,2013,22.0,22.0,,,,,,
181,Cabo Verde,2014,26.0,26.0,,,,,,
182,Cabo Verde,2015,7.0,7.0,,,,,,
183,Cabo Verde,2016,48.0,48.0,,,,,,
184,Cabo Verde,2017,423.0,423.0,,,,,,
185,Cabo Verde,2018,2.0,2.0,,,,,,
186,Cabo Verde,2019,0.0,0.0,,,,,,
187,Cabo Verde,2020,0.0,0.0,,,,,,
188,Cambodia,2010,96464.0,8213.0,4794.0,,,,,
189,Cambodia,2011,106905.0,7054.0,5155.0,,,,,
190,Cambodia,2012,69551.0,14896.0,19575.0,,,,,
191,Cambodia,2013,44069.0,7092.0,11267.0,,,,,
192,Cambodia,2014,69178.0,8332.0,10356.0,,,,,
193,Cambodia,2015,68109.0,17830.0,13146.0,,,,,
194,Cambodia,2016,43380.0,12156.0,9816.0,,,,,
195,Cambodia,2017,76804.0,20328.0,15207.0,,,,,
196,Cambodia,2018,62582.0,10525.0,30680.0,,,,,
197,Cambodia,2019,32197.0,4834.0,26871.0,,,,,
198,Cambodia,2020,15891.0,1673.0,13976.0,,,,,
199,Cameroon,2011,17874.0,,,23.19665074,77.28109647,28.25828235,0.0,39.7294752756
200,Cameroon,2012,66656.0,,,38.08845541,72.33237948,50.47829112,0.0,38.809533810000005
201,Cameroon,2013,42581.0,,,31.94599454,65.98078056,46.29339994,0.0,37.3628649261
202,Cameroon,2015,1193281.0,592351.0,,47.22796979,77.13132298,59.56810325,0.0,36.1040418286
203,Cameroon,2016,2476153.0,1675264.0,,59.36261798,83.62898442,69.63759903,0.0,36.7814394685
204,Cameroon,2017,2244788.0,1191257.0,,59.13535237,87.1423638,66.96684776,0.0,37.1784012562
205,Cameroon,2018,2257633.0,1249705.0,,54.69775971,90.5062814,59.74741439,0.0,37.7697660446
206,Cameroon,2019,2819803.0,2318830.0,,63.00351733,92.77995058,66.73814957,0.0,35.621012596
207,Cameroon,2020,2890193.0,2890193.0,,62.23234617,90.38563538,66.3237855,0.0,38.186047566
208,Canada,2020,,,,,,,,
209,Central African Republic,2012,87566.0,,,19.24176448,91.25573159,18.70602128,0.0,24.7554395362
210,Central African Republic,2013,163701.0,,,28.22944627,92.42767016,27.09828175,0.0,14.8574265507
211,Central African Republic,2014,295088.0,295088.0,,45.88553023,93.38627109,45.37796584,9.16367804012e-05,16.3696265222
212,Central African Republic,2015,598833.0,598833.0,,60.08180612,94.1249405,60.92455903,2.51809602246e-05,19.0652591269
213,Central African Republic,2016,1239317.0,1032764.0,,56.04372889,92.62738169,58.18259148,0.0,22.0824497819
214,Central African Republic,2017,411913.0,383309.0,,53.89917798,91.29891675,57.05874045,1.28199497055e-05,23.294747014
215,Central African Republic,2018,972119.0,972119.0,,66.75917925,92.9976196,70.26819075,0.000501063702166,21.403171044
216,Central African Republic,2019,2416960.0,2416960.0,,62.54304392,92.1409523,66.37743714,0.000384123548388,20.3012087284
217,Central African Republic,2020,1740970.0,1740970.0,,56.46435239,89.5556776,60.63124093,4.64037504785e-05,19.7118554622
218,Chad,2010,200448.0,,,9.414001856,67.32684036,13.38211765,0.0,32.6533118694
219,Chad,2011,181126.0,,,31.61355478,71.77400107,42.18967555,0.0,32.4805432015
220,Chad,2012,7710.0,,,20.27762206,68.46069705,28.31523512,0.0,31.6647429182
221,Chad,2013,754565.0,,,11.32214382,61.27302494,17.52144499,0.0,32.05985728300001
222,Chad,2014,914032.0,,,32.51121078,65.2012114,48.77617347,0.0,31.873301097199995
223,Chad,2015,787046.0,,,11.71228786,52.77095628,22.28914718,0.00416408648901,30.9191848154
224,Chad,2016,1294768.0,,,9.399910912,51.51990759,16.80768421,0.0613052652621999,29.767888057
225,Chad,2017,1962372.0,,,43.08834321,70.46228257,57.92207372,0.0,29.3047611405
226,Chad,2018,1364706.0,,,36.45767014,77.10996621,45.81281878,0.0,28.295973406
227,Chad,2019,1632529.0,1480402.0,,17.49548066,77.03920191,21.21784446,0.0,27.200428698
228,Chad,2020,1544194.0,,,42.8045014,81.08547927,49.02739346,0.0,25.799508281800005
229,Chile,2020,,,,,,,,
230,China,2010,4990.0,1269.0,3675.0,,,,,
231,China,2011,1308.0,57.0,677.0,,,,,
232,China,2012,244.0,16.0,179.0,,,,,
233,China,2013,83.0,11.0,67.0,,,,,
234,China,2014,53.0,6.0,45.0,,,,,
235,China,2015,39.0,1.0,26.0,,,,,
236,China,2016,1.0,0.0,1.0,,,,,
237,China,2017,0.0,0.0,0.0,,,,,
238,China,2018,0.0,0.0,0.0,,,,,
239,China,2019,0.0,0.0,0.0,,,,,
240,China,2020,0.0,0.0,0.0,,,,,
241,Colombia,2010,117650.0,32900.0,83255.0,,,,,
242,Colombia,2011,64436.0,14650.0,44701.0,,,,,
243,Colombia,2012,60179.0,15215.0,44283.0,,,,,
244,Colombia,2013,51722.0,17650.0,33345.0,,,,,
245,Colombia,2014,40768.0,20067.0,20129.0,,,,,
246,Colombia,2015,55334.0,27875.0,19002.0,,,,,
247,Colombia,2016,82609.0,47232.0,32635.0,,,,,
248,Colombia,2017,52805.0,29558.0,22132.0,,,,,
249,Colombia,2018,61195.0,25483.0,18106.0,,,,,
250,Colombia,2019,78109.0,40074.0,37197.0,,,,,
251,Colombia,2020,75779.0,21935.0,20517.0,,,,,
252,Comoros,2010,36538.0,33791.0,528.0,66.80999349,89.40401903,72.07995011,0.0,12.6916484959
253,Comoros,2011,24856.0,21387.0,334.0,67.99134457,91.52474268,72.27020468,0.0,11.6131482717
254,Comoros,2012,49840.0,43681.0,637.0,47.14970649,92.41444032,49.92559509,28.6736643762,11.3076123638
255,Comoros,2013,53156.0,45669.0,72.0,65.71882814,95.44826828,66.87508309,0.0,13.677478399599998
256,Comoros,2014,2203.0,2203.0,,64.19173657,94.23045696,64.97437671,0.0,18.9030522802
257,Comoros,2015,1884.0,1300.0,,30.17107768,54.49664631,31.14166618,0.0,23.03651433
258,Comoros,2016,1467.0,1066.0,,75.37970188,93.89604511,76.95670056,0.0,26.6510017938
259,Comoros,2017,3896.0,2274.0,,75.9191037,93.03930331,78.4680423,0.0,31.988517654
260,Comoros,2018,15613.0,15613.0,,63.55330127,90.36952489,66.98391235,0.0,32.4921823607
261,Comoros,2019,17599.0,17599.0,,47.77288007,87.25766325,51.37524881,0.0,31.2315931504
262,Comoros,2020,4546.0,4546.0,,66.77403011,89.81034422,70.44321084,0.0,33.4490764748
263,Congo,2011,37744.0,37744.0,,22.42179575,92.61153217,22.31461514,0.0,51.666281801
264,Congo,2012,120319.0,120319.0,,52.14456881,97.71060485,49.87376849,0.0,50.9222411483
265,Congo,2013,43232.0,43232.0,,63.68160869,98.9786731,60.02334716,0.0,50.6338778665
266,Congo,2014,66323.0,66323.0,,64.18708107,98.72978616,60.19158374,0.0,50.515419806100006
267,Congo,2015,51529.0,51529.0,,56.27154157,97.6144843,53.15348709,0.0,50.3777170044
268,Congo,2016,171847.0,171847.0,,42.30198315,95.15316466,40.70203906,0.0,50.3468682158
269,Congo,2017,127939.0,127939.0,,29.82052986,92.03062337,29.56826923,0.0,50.7189578309
270,Congo,2018,116903.0,116903.0,,29.80185012,90.49623533,30.36439583,2.3692994871e-06,50.1050475849
271,Congo,2019,117837.0,117837.0,,68.90602912,95.0011132,70.22528159,0.0,50.1594735334
272,Congo,2020,91538.0,91538.0,,72.00659595,93.90144381,74.27528944,0.0,53.2371197315
273,Cook Islands,2020,,,,,,,,
274,Costa Rica,2010,110.0,,110.0,,,,,
275,Costa Rica,2011,10.0,,10.0,,,,,
276,Costa Rica,2012,6.0,,,,,,,
277,Costa Rica,2013,0.0,,,,,,,
278,Costa Rica,2014,0.0,,,,,,,
279,Costa Rica,2015,0.0,,,,,,,
280,Costa Rica,2016,4.0,,4.0,,,,,
281,Costa Rica,2017,12.0,,12.0,,,,,
282,Costa Rica,2018,70.0,9.0,61.0,,,,,
283,Costa Rica,2019,95.0,8.0,87.0,,,,,
284,Costa Rica,2020,90.0,2.0,88.0,,,,,
285,Croatia,2020,,,,,,,,
286,Cuba,2020,,,,,,,,
287,Cyprus,2020,,,,,,,,
288,Czechia,2020,,,,,,,,
289,Côte d’Ivoire,2010,62726.0,,,,,,,
290,Côte d’Ivoire,2011,29976.0,,,,,,,
291,Côte d’Ivoire,2012,1140627.0,,,,,,,
292,Côte d’Ivoire,2013,2524326.0,2506953.0,,,,,,
293,Côte d’Ivoire,2014,3712831.0,3712831.0,,,,,,
294,Côte d’Ivoire,2015,3375904.0,3375904.0,,,,,,
295,Côte d’Ivoire,2016,3754504.0,3471024.0,,,,,,
296,Côte d’Ivoire,2017,4032381.0,3274683.0,,,,,,
297,Côte d’Ivoire,2018,4766477.0,4766477.0,,,,,,
298,Côte d’Ivoire,2019,5935178.0,5935178.0,,,,,,
299,Côte d’Ivoire,2020,4980640.0,4980640.0,,,,,,
300,Democratic People's Republic of Korea,2010,13520.0,0.0,13520.0,,,,,
301,Democratic People's Republic of Korea,2011,16760.0,0.0,16760.0,,,,,
302,Democratic People's Republic of Korea,2012,21850.0,0.0,21850.0,,,,,
303,Democratic People's Republic of Korea,2013,14407.0,0.0,14407.0,,,,,
304,Democratic People's Republic of Korea,2014,10535.0,0.0,10535.0,,,,,
305,Democratic People's Republic of Korea,2015,7022.0,0.0,7022.0,,,,,
306,Democratic People's Republic of Korea,2016,5033.0,0.0,5033.0,,,,,
307,Democratic People's Republic of Korea,2017,4603.0,0.0,4603.0,,,,,
308,Democratic People's Republic of Korea,2018,3698.0,0.0,3698.0,,,,,
309,Democratic People's Republic of Korea,2019,1869.0,0.0,1869.0,,,,,
310,Democratic People's Republic of Korea,2020,1819.0,0.0,1819.0,,,,,
311,Democratic Republic of the Congo,2010,2417780.0,,,25.95478322,88.44380342,27.41249918,0.00113410298579,26.7327342065
312,Democratic Republic of the Congo,2011,4561981.0,,,36.85609813,91.29538485,37.78918268,0.184161936688,22.5929608254
313,Democratic Republic of the Congo,2012,4791598.0,,,48.96695807,95.93714163,48.12851281,0.000594165297535,21.2276060654
314,Democratic Republic of the Congo,2013,6719887.0,,,46.99735533,97.49699404,44.97510939,0.000550036784556,23.2174864441
315,Democratic Republic of the Congo,2014,10288519.0,,,48.31562925,97.0618248,46.4217072,0.1553318036979999,26.702353143000003
316,Democratic Republic of the Congo,2015,12538805.0,,,53.08050534,95.73660471,52.32101532,0.000646557805828,30.824878875100005
317,Democratic Republic of the Congo,2016,16821130.0,,,60.49068915,94.25706957,61.60479,0.000989081150858,29.1942594093
318,Democratic Republic of the Congo,2017,16793002.0,,,55.47243518,91.23437174,58.45944125,0.00173138538672,29.3148208636
319,Democratic Republic of the Congo,2018,16972207.0,,,50.50295374,88.66088257,54.96743893,0.13118057798,32.7178737231
320,Democratic Republic of the Congo,2019,20480310.0,20480310.0,,55.95073994,89.15460314,60.94671091,0.00198913142028,32.3442579422
321,Democratic Republic of the Congo,2020,22590646.0,,,50.69335006,86.89615772,55.49514925,0.00202632049676,36.2716873498
322,Denmark,2020,,,,,,,,
323,Djibouti,2010,1010.0,1010.0,,6.614326992,69.81283625,9.160709555,7.14326516792e-05,43.0305689491
324,Djibouti,2012,25.0,20.0,,6.021926047,71.8994636,8.028380387,0.000104641776066,46.1619932567
325,Djibouti,2013,1684.0,,,6.981449209,70.78313448,9.38914343,8.24526205489e-05,44.269030630900005
326,Djibouti,2014,9439.0,,,6.330385118,69.29002054,8.689494683,0.000143067700372,42.6846536658
327,Djibouti,2015,9473.0,,,5.944207779,67.72412961,8.372960677,0.00011897670544,43.140779383
328,Djibouti,2016,13822.0,11781.0,2041.0,6.676125767,67.62413431,9.366733349,0.000158056395382,45.7411199617
329,Djibouti,2017,14810.0,9290.0,5381.0,19.48836127,71.19966916,26.2975372,0.000216982469767,45.1825998255
330,Djibouti,2018,25319.0,16130.0,9189.0,25.32441843,72.74727507,33.42802581,0.0008061192109269,46.3040560477
331,Djibouti,2019,49402.0,36025.0,13377.0,15.97755479,70.73201914,21.33289875,7.49947941027,47.1419203964
332,Djibouti,2020,73535.0,46537.0,26998.0,6.490589172,68.59137074,8.740168168,7.51914021935,49.6115433121
333,Dominica,2020,,,,,,,,
334,Dominican Republic,2010,2482.0,2480.0,2.0,,,,,
335,Dominican Republic,2011,1616.0,1614.0,2.0,,,,,
336,Dominican Republic,2012,952.0,950.0,2.0,,,,,
337,Dominican Republic,2013,473.0,473.0,,,,,,
338,Dominican Republic,2014,459.0,459.0,,,,,,
339,Dominican Republic,2015,631.0,631.0,,,,,,
340,Dominican Republic,2016,690.0,690.0,,,,,,
341,Dominican Republic,2017,341.0,341.0,,,,,,
342,Dominican Republic,2018,433.0,433.0,,,,,,
343,Dominican Republic,2019,1291.0,1291.0,,,,,,
344,Dominican Republic,2020,826.0,826.0,,,,,,
345,Ecuador,2010,1888.0,258.0,1630.0,,,,,
346,Ecuador,2011,1218.0,290.0,928.0,,,,,
347,Ecuador,2012,544.0,78.0,466.0,,,,,
348,Ecuador,2013,368.0,160.0,208.0,,,,,
349,Ecuador,2014,242.0,40.0,202.0,,,,,
350,Ecuador,2015,618.0,184.0,434.0,,,,,
351,Ecuador,2016,1191.0,403.0,788.0,,,,,
352,Ecuador,2017,1275.0,309.0,963.0,,,,,
353,Ecuador,2018,1653.0,149.0,1504.0,,,,,
354,Ecuador,2019,1803.0,211.0,1592.0,,,,,
355,Ecuador,2020,1934.0,214.0,1715.0,,,,,
356,Egypt,2020,,,,,,,,
357,El Salvador,2010,17.0,,17.0,,,,,
358,El Salvador,2011,7.0,,7.0,,,,,
359,El Salvador,2012,13.0,,13.0,,,,,
360,El Salvador,2013,6.0,,6.0,,,,,
361,El Salvador,2014,6.0,,6.0,,,,,
362,El Salvador,2015,5.0,,5.0,,,,,
363,El Salvador,2016,12.0,,12.0,,,,,
364,El Salvador,2017,0.0,,0.0,,,,,
365,El Salvador,2018,0.0,,0.0,,,,,
366,El Salvador,2019,0.0,,0.0,,,,,
367,El Salvador,2020,0.0,,0.0,,,,,
368,Equatorial Guinea,2010,53813.0,53813.0,,43.78739544,88.04045761,48.39823099,8.64575921323,15.6595457397
369,Equatorial Guinea,2011,22466.0,22466.0,,35.88291357,85.27516891,41.09453651,3.5254884304300003,19.8986288256
370,Equatorial Guinea,2012,15169.0,15169.0,,25.67294591,80.68079885,30.57350801,4.33580086969,23.1321405828
371,Equatorial Guinea,2013,16405.0,13129.0,,19.59723986,77.00988258,23.93162678,4.0081974416,21.8721149824
372,Equatorial Guinea,2014,20417.0,17452.0,,18.12555446,74.90362414,22.87441471,5.3937451892,26.3023023784
373,Equatorial Guinea,2015,15142.0,,,28.27306657,77.82077128,34.67911541,46.1716628377,29.6125317796
374,Equatorial Guinea,2016,147714.0,,,34.25973864,81.31551076,40.58015963,10.0790224672,28.4351982377
375,Equatorial Guinea,2017,15725.0,,,34.75813033,83.42678491,40.09218963,6.14567301645,35.078803635899995
376,Equatorial Guinea,2018,8962.0,,,38.06931029,85.65499916,43.00409479,4.543355329030001,33.6205792239
377,Equatorial Guinea,2019,25904.0,,,38.49964041,86.36126785,43.13797796,3.62893729481,28.415548171900003
378,Equatorial Guinea,2020,,,,33.85772643,83.17332279,38.34956853,3.58393363035,29.8527110706
379,Eritrea,2010,35982.0,9785.0,3989.0,25.88804076,75.51278971,33.02179703,0.6467752970359999,43.03433398319999
380,Eritrea,2011,34848.0,10263.0,4932.0,33.69540158,78.53473857,41.52708111,0.8425354842230001,41.31927036420001
381,Eritrea,2012,21815.0,12121.0,9204.0,34.01356637,78.31900208,42.20064993,0.9292939037860002,44.2073252522
382,Eritrea,2013,21317.0,12482.0,7361.0,27.91080791,75.94411599,35.54020455,0.823376542349,39.701895573200005
383,Eritrea,2014,50534.0,23787.0,6780.0,22.05596713,74.10918834,28.70357508,1.04926030913,42.13779877
384,Eritrea,2015,28036.0,14510.0,4780.0,17.43129326,72.18645888,23.29067646,1.0078495681,39.6635955408
385,Eritrea,2016,24251.0,20704.0,2999.0,17.49615293,73.10388248,22.78457809,1.15683075997,40.7181560109
386,Eritrea,2017,54005.0,21849.0,9185.0,34.94425702,77.62405165,43.07168148,1.1248654504700002,43.8409955314
387,Eritrea,2018,46440.0,16553.0,6108.0,38.23695429,78.74174331,47.16226926,6.41378656424,43.5287021037
388,Eritrea,2019,93878.0,75568.0,15790.0,33.24956538,78.08496854,41.13886864,6.900292224899999,41.456569703
389,Eritrea,2020,74041.0,66600.0,7119.0,25.35823818,75.74096483,31.36483692,6.903686179399999,42.6617348594
390,Estonia,2020,,,,,,,,
391,Eswatini,2010,268.0,87.0,,,,,,
392,Eswatini,2011,379.0,189.0,,,,,,
393,Eswatini,2012,409.0,192.0,,,,,,
394,Eswatini,2013,728.0,253.0,,,,,,
395,Eswatini,2014,389.0,389.0,,,,,,
396,Eswatini,2015,318.0,318.0,,,,,,
397,Eswatini,2016,250.0,250.0,,,,,,
398,Eswatini,2017,440.0,440.0,,,,,,
399,Eswatini,2018,686.0,686.0,,,,,,
400,Eswatini,2019,239.0,239.0,,,,,,
401,Eswatini,2020,233.0,233.0,,,,,,
402,Ethiopia,2010,1196829.0,732776.0,390252.0,12.32065343,76.31745553,15.13173781,0.87971013939,21.8780179963
403,Ethiopia,2011,1480360.0,814547.0,665813.0,9.78849978,74.54685167,12.45615441,1.12557339548,22.0508895016
404,Ethiopia,2012,1692578.0,946595.0,745983.0,6.324611712,73.31541778,8.088952935,0.7493151777689999,22.6555971698
405,Ethiopia,2013,2645454.0,1687163.0,958291.0,10.33906064,74.51119538,12.94955386,0.827652949584,23.8238646836
406,Ethiopia,2014,2118815.0,1250110.0,868705.0,14.0111714,75.24649542,17.49384214,0.735426818735,22.9698748689
407,Ethiopia,2015,1867059.0,1188627.0,678432.0,20.1770844,75.90472254,25.11142746,0.8658473487590002,25.8637928415
408,Ethiopia,2016,1718504.0,1142235.0,576269.0,16.03097386,75.88171443,20.07891262,0.8880734529760002,24.6047543915
409,Ethiopia,2017,1530739.0,1059847.0,470892.0,12.15533076,74.35488691,15.50326499,0.8268015828749999,25.3840345526
410,Ethiopia,2018,962087.0,859675.0,102412.0,9.311109835,73.08310873,12.07456364,1.27987665898,25.6949438879
411,Ethiopia,2019,904495.0,738155.0,166340.0,13.24248683,74.2875379,16.77692352,0.982731684581,24.8861548264
412,Ethiopia,2020,1743755.0,1340869.0,263877.0,12.45949438,74.00281605,15.51084064,1.03004438851,24.6300573316
413,Fiji,2020,,,,,,,,
414,Finland,2020,,,,,,,,
415,France,2020,,,,,,,,
416,Gabon,2010,13936.0,2157.0,720.0,29.64106412,92.44696264,30.40283555,0.0,49.2168638109
417,Gabon,2012,19753.0,,,29.81321162,95.82971153,30.10445963,0.0,49.8682094299
418,Gabon,2013,28982.0,26432.0,,29.06068098,93.85529792,29.52476219,0.0,51.8766679681
419,Gabon,2014,31900.0,26117.0,,26.01466438,90.5506327,26.80220792,0.0,51.93574094910001
420,Gabon,2015,23867.0,,,22.61932556,88.03600229,23.77995728,0.0,52.6492730635
421,Gabon,2016,23915.0,23915.0,,20.2528507,86.40792204,21.6865719,0.0,51.7814541312
422,Gabon,2017,35244.0,35244.0,,19.06454871,85.62381626,20.5338765,0.0,51.981295100500006
423,Gabon,2018,111719.0,111719.0,,16.93608882,85.0227775,18.43560164,0.0,51.9972196608
424,Gabon,2019,53182.0,52811.0,,15.03219903,84.48400677,16.71982863,0.0,52.8164516097
425,Gabon,2020,53659.0,53659.0,,13.21192411,82.11653897,14.81146123,0.0,53.6198029564
426,Gambia,2010,116353.0,64108.0,,29.81613153,68.9377747,41.95193237,17.814979590100002,56.2239030279
427,Gambia,2011,268020.0,190379.0,,54.88942857,77.89363065,68.56080924,25.33517402,54.4267894699
428,Gambia,2012,313469.0,271038.0,,58.92804668,78.99382464,73.55709253,15.8270366568,54.6589270441
429,Gambia,2013,242513.0,240792.0,,55.55060662,75.60461722,71.3987602,34.345440323,54.1810368018
430,Gambia,2014,168256.0,99976.0,,60.88720089,78.90496773,76.16208959,11.3358458927,53.4198923829
431,Gambia,2015,246348.0,240382.0,,50.53174187,77.31034652,64.76880196,13.4730464175,52.659279222
432,Gambia,2016,162739.0,153685.0,,35.04760064,74.85057582,46.05559688,10.3910160549,51.67536131040001
433,Gambia,2017,78040.0,69931.0,,58.38724519,83.534146,68.70595599,17.458993560899998,51.6087998137
434,Gambia,2018,87448.0,87448.0,,50.17231771,77.89901213,63.03643711,17.9426327387,52.2444121513
435,Gambia,2019,53386.0,53386.0,,46.94850546,71.86458157,63.87673602,20.9201787181,52.5240265724
436,Gambia,2020,75801.0,75801.0,,34.63633121,59.38767404,56.31622673,20.9221963741,52.4374713689
437,Georgia,2010,0.0,0.0,0.0,,,,,
438,Georgia,2011,0.0,0.0,0.0,,,,,
439,Georgia,2012,0.0,0.0,0.0,,,,,
440,Georgia,2013,0.0,0.0,0.0,,,,,
441,Georgia,2014,0.0,0.0,0.0,,,,,
442,Georgia,2015,0.0,0.0,0.0,,,,,
443,Georgia,2016,0.0,0.0,0.0,,,,,
444,Georgia,2017,0.0,0.0,0.0,,,,,
445,Georgia,2018,0.0,0.0,0.0,,,,,
446,Georgia,2019,0.0,0.0,0.0,,,,,
447,Georgia,2020,0.0,0.0,0.0,,,,,
448,Germany,2020,,,,,,,,
449,Ghana,2010,1071637.0,926447.0,,17.75645926,70.61285799,24.49166107,1.4989783489500002,57.4121542912
450,Ghana,2011,1041260.0,593518.0,,33.11006512,77.36298767,41.41827599,0.833048224625,57.41732430449999
451,Ghana,2012,3755166.0,3755166.0,,49.27772884,81.99297105,58.5399329,2.1902821302900004,57.4503378179
452,Ghana,2013,1643642.0,1629198.0,,44.87824937,75.57495981,57.31884092,3.76820958407,57.8405894999
453,Ghana,2014,3415912.0,3415912.0,,38.51123026,64.12406297,58.15372443,3.0805794114,57.3356888982
454,Ghana,2015,5657096.0,4319919.0,,40.10119189,59.16363214,65.7219185,1.50686157185,56.9849197743
455,Ghana,2016,5428979.0,4421788.0,,41.16273953,60.2563362,66.44008519,1.39637590386,56.5943463249
456,Ghana,2017,7003155.0,4266541.0,,45.47062027,64.26378582,68.53952672,1.7292626850999997,56.7863672129
457,Ghana,2018,4931454.0,4808163.0,,62.84510094,74.88435542,81.94695409,4.535348159900001,57.1696517852
458,Ghana,2019,6115267.0,6075297.0,,49.56071353,66.53746951,72.2595451,4.7477512698,57.2448706095
459,Ghana,2020,5447563.0,5412537.0,,27.51667155,51.68762897,49.18347272,1.72405708108,57.75930245639999
460,Greece,2020,,,,,,,,
461,Grenada,2020,,,,,,,,
462,Guatemala,2010,7384.0,30.0,7163.0,,,,,
463,Guatemala,2011,6817.0,64.0,6707.0,,,,,
464,Guatemala,2012,5346.0,54.0,5278.0,,,,,
465,Guatemala,2013,6214.0,101.0,6062.0,,,,,
466,Guatemala,2014,4929.0,24.0,4839.0,,,,,
467,Guatemala,2015,5538.0,43.0,5487.0,,,,,
468,Guatemala,2016,5000.0,4.0,4849.0,,,,,
469,Guatemala,2017,4121.0,0.0,3744.0,,,,,
470,Guatemala,2018,3018.0,0.0,3018.0,,,,,
471,Guatemala,2019,2069.0,0.0,2069.0,,,,,
472,Guatemala,2020,1058.0,0.0,1058.0,,,,,
473,Guinea,2010,20936.0,20936.0,,12.94985589,73.00807709,17.50445706,0.0059638900801,39.8657979158
474,Guinea,2011,95574.0,5450.0,,12.2559626,70.93135799,17.58065969,0.0320612413472,40.0297086325
475,Guinea,2012,340258.0,191421.0,,20.13009206,75.01063533,26.67426785,0.6137386052380001,38.9987823148
476,Guinea,2013,211257.0,63353.0,,61.75768536,89.14196062,68.20794544,0.5102651834799999,36.8452297149
477,Guinea,2014,660207.0,660207.0,,66.73022042,93.36425258,69.57188936,0.49985200041,37.1793415806
478,Guinea,2015,810979.0,810979.0,,46.38055712,91.29110471,48.01486566,0.194444037209,39.4953454065
479,Guinea,2016,992146.0,992146.0,,47.81130734,89.45105728,51.60731563,0.180125128515,33.4978671717
480,Guinea,2017,1335323.0,1335323.0,,38.80906173,85.26728436,44.65712586,0.046485637422,33.706353723300005
481,Guinea,2018,1214996.0,1214996.0,,25.06904961,80.57622359,31.1970619,0.0,32.2645998313
482,Guinea,2019,2143225.0,2143225.0,,70.03385947,91.61136573,75.14765006,3.1804548616e-06,30.1625956155
483,Guinea,2020,2008976.0,2008976.0,,74.18382434,93.5603793,76.71332298,0.0,29.3901753275
484,Guinea-Bissau,2010,50391.0,,,23.24937272,88.62840351,25.16446905,0.0,51.3152464167
485,Guinea-Bissau,2011,71982.0,,,37.72998054,87.44343949,41.63004553,0.0,50.2517553607
486,Guinea-Bissau,2012,50381.0,,,36.47204183,85.74668135,41.71633303,0.0,50.2026466021
487,Guinea-Bissau,2013,54584.0,,,36.91122488,85.25156342,42.2158932,0.0,50.044028508100006
488,Guinea-Bissau,2014,97424.0,,,73.54503145,92.71871727,77.50136896,0.0,48.7816182262
489,Guinea-Bissau,2015,150085.0,96520.0,,81.82202711,95.66682227,83.95129973,0.0,49.4100925106
490,Guinea-Bissau,2016,156471.0,97889.0,,60.31893527,94.4456985,62.39971179,0.0,48.5110542576
491,Guinea-Bissau,2017,152619.0,89784.0,,75.69550296,95.8664329,77.75684838,0.0,47.527973823
492,Guinea-Bissau,2018,171075.0,125511.0,,68.96683906,92.07909986,73.53131458,0.0,47.586826584700006
493,Guinea-Bissau,2019,160907.0,115232.0,,41.37522923,77.41390607,50.68488193,0.0,46.7998032015
494,Guinea-Bissau,2020,,,,16.69631257,56.01023336,26.12889419,0.0,46.5122466643
495,Guyana,2010,22935.0,11244.0,8402.0,,,,,
496,Guyana,2011,29471.0,15945.0,9066.0,,,,,
497,Guyana,2012,31601.0,16695.0,11225.0,,,,,
498,Guyana,2013,31479.0,13655.0,13953.0,,,,,
499,Guyana,2014,12354.0,3943.0,7173.0,,,,,
500,Guyana,2015,9984.0,3219.0,6002.0,,,,,
501,Guyana,2016,10697.0,3576.0,6081.0,,,,,
502,Guyana,2017,13936.0,5141.0,7645.0,,,,,
503,Guyana,2018,17038.0,6033.0,9854.0,,,,,
504,Guyana,2019,18826.0,5737.0,11940.0,,,,,
505,Guyana,2020,17230.0,5544.0,10901.0,,,,,
506,Haiti,2010,84153.0,84153.0,0.0,,,,,
507,Haiti,2011,34350.0,32969.0,0.0,,,,,
508,Haiti,2012,27866.0,25423.0,0.0,,,,,
509,Haiti,2013,26543.0,20957.0,0.0,,,,,
510,Haiti,2014,17696.0,17696.0,0.0,,,,,
511,Haiti,2015,17583.0,17583.0,0.0,,,,,
512,Haiti,2016,21430.0,21430.0,0.0,,,,,
513,Haiti,2017,19135.0,19135.0,0.0,,,,,
514,Haiti,2018,8828.0,8828.0,0.0,,,,,
515,Haiti,2019,10687.0,10687.0,0.0,,,,,
516,Haiti,2020,22987.0,,,,,,,
517,Honduras,2010,9745.0,866.0,8759.0,,,,,
518,Honduras,2011,7618.0,581.0,7013.0,,,,,
519,Honduras,2012,6439.0,559.0,5856.0,,,,,
520,Honduras,2013,5364.0,1073.0,4245.0,,,,,
521,Honduras,2014,3378.0,528.0,2813.0,,,,,
522,Honduras,2015,3555.0,902.0,2626.0,,,,,
523,Honduras,2016,4094.0,1310.0,2744.0,,,,,
524,Honduras,2017,1266.0,128.0,1145.0,,,,,
525,Honduras,2018,632.0,55.0,576.0,,,,,
526,Honduras,2019,330.0,11.0,319.0,,,,,
527,Honduras,2020,815.0,223.0,576.0,,,,,
528,Hungary,2020,,,,,,,,
529,Iceland,2020,,,,,,,,
530,India,2010,1599986.0,830779.0,765622.0,,,,,
531,India,2011,1310656.0,662748.0,645652.0,,,,,
532,India,2012,1067824.0,524370.0,534129.0,,,,,
533,India,2013,881730.0,462079.0,417884.0,,,,,
534,India,2014,1102205.0,720795.0,379659.0,,,,,
535,India,2015,1169261.0,774627.0,390440.0,,,,,
536,India,2016,1087285.0,706257.0,375783.0,,,,,
537,India,2017,844558.0,525637.0,315028.0,,,,,
538,India,2018,429928.0,204733.0,222730.0,,,,,
539,India,2019,338494.0,154645.0,181514.0,,,,,
540,India,2020,186532.0,117567.0,67444.0,,,,,
541,Indonesia,2010,465764.0,220077.0,187583.0,,,,,
542,Indonesia,2011,422447.0,200662.0,187989.0,,,,,
543,Indonesia,2012,417819.0,199977.0,187583.0,,,,,
544,Indonesia,2013,343527.0,170848.0,150985.0,,,,,
545,Indonesia,2014,252027.0,126397.0,107260.0,,,,,
546,Indonesia,2015,217017.0,103315.0,94267.0,,,,,
547,Indonesia,2016,218449.0,118844.0,81748.0,,,,,
548,Indonesia,2017,261557.0,143926.0,95694.0,,,,,
549,Indonesia,2018,221916.0,101725.0,70867.0,,,,,
550,Indonesia,2019,250541.0,142036.0,86742.0,,,,,
551,Indonesia,2020,253955.0,141807.0,83743.0,,,,,
552,Iran (Islamic Republic of),2010,1847.0,166.0,1656.0,,,,,
553,Iran (Islamic Republic of),2011,1632.0,152.0,1502.0,,,,,
554,Iran (Islamic Republic of),2012,756.0,44.0,711.0,,,,,
555,Iran (Islamic Republic of),2013,479.0,72.0,426.0,,,,,
556,Iran (Islamic Republic of),2014,358.0,21.0,351.0,,,,,
557,Iran (Islamic Republic of),2015,167.0,8.0,157.0,,,,,
558,Iran (Islamic Republic of),2016,81.0,0.0,79.0,,,,,
559,Iran (Islamic Republic of),2017,57.0,2.0,55.0,,,,,
560,Iran (Islamic Republic of),2018,0.0,0.0,0.0,,,,,
561,Iran (Islamic Republic of),2019,0.0,0.0,0.0,,,,,
562,Iran (Islamic Republic of),2020,0.0,0.0,0.0,,,,,
563,Iraq,2020,,,,,,,,
564,Ireland,2020,,,,,,,,
565,Israel,2020,,,,,,,,
566,Italy,2020,,,,,,,,
567,Jamaica,2020,,,,,,,,
568,Japan,2020,,,,,,,,
569,Jordan,2020,,,,,,,,
570,Kazakhstan,2020,,,,,,,,
571,Kenya,2010,898531.0,898531.0,,28.86486026,85.226786,33.02179317,0.824694748343,44.9161711519
572,Kenya,2011,1002805.0,1002805.0,,42.91497563,86.90917348,48.16595467,1.6826540797200005,43.1035797637
573,Kenya,2012,1453471.0,1453471.0,,55.85297687,88.9114767,61.91192626,0.89199614352,42.2313539186
574,Kenya,2013,2375129.0,2335286.0,,50.9593919,88.36011219,56.79515481,0.00738693737228,42.543285002400005
575,Kenya,2014,2851555.0,2808931.0,,42.41915156,87.63452595,47.24304971,0.0013650254140799,45.263405776
576,Kenya,2015,2041277.0,1499027.0,,46.81257252,88.36513852,51.55985337,0.00424030445732,44.5611820118
577,Kenya,2016,3064796.0,2783846.0,,52.88013355,88.90644188,58.36687447,0.00411909398158,44.2797374105
578,Kenya,2017,3607026.0,3215116.0,,61.98598169,89.95218159,67.7359838,0.274148080096,44.4915434055
579,Kenya,2018,2318090.0,1521566.0,,56.63823942,89.22343576,61.89440723,3.08524156329,44.0689358721
580,Kenya,2019,5019389.0,5019389.0,,43.16937099,86.65842293,47.84425501,3.07434205179,43.8559420885
581,Kenya,2020,3659170.0,3659170.0,,25.84594202,80.90954261,29.45125578,3.01137570877,43.6042482205
582,Kiribati,2020,,,,,,,,
583,Kuwait,2020,,,,,,,,
584,Kyrgyzstan,2010,3.0,,3.0,,,,,
585,Kyrgyzstan,2011,0.0,0.0,0.0,,,,,
586,Kyrgyzstan,2012,0.0,0.0,0.0,,,,,
587,Kyrgyzstan,2013,0.0,0.0,0.0,,,,,
588,Kyrgyzstan,2014,0.0,0.0,0.0,,,,,
589,Kyrgyzstan,2015,0.0,0.0,0.0,,,,,
590,Kyrgyzstan,2016,0.0,0.0,0.0,,,,,
591,Kyrgyzstan,2017,0.0,0.0,0.0,,,,,
592,Kyrgyzstan,2018,0.0,0.0,0.0,,,,,
593,Kyrgyzstan,2019,0.0,0.0,0.0,,,,,
594,Kyrgyzstan,2020,0.0,0.0,0.0,,,,,
595,Lao People's Democratic Republic,2010,22879.0,22476.0,427.0,,,,,
596,Lao People's Democratic Republic,2011,17532.0,16556.0,962.0,,,,,
597,Lao People's Democratic Republic,2012,46153.0,37685.0,7594.0,,,,,
598,Lao People's Democratic Republic,2013,39589.0,25441.0,13067.0,,,,,
599,Lao People's Democratic Republic,2014,50674.0,25317.0,23763.0,,,,,
600,Lao People's Democratic Republic,2015,36078.0,14439.0,20815.0,,,,,
601,Lao People's Democratic Republic,2016,15509.0,5737.0,9441.0,,,,,
602,Lao People's Democratic Republic,2017,8435.0,4169.0,4104.0,,,,,
603,Lao People's Democratic Republic,2018,9038.0,4828.0,4099.0,,,,,
604,Lao People's Democratic Republic,2019,6692.0,2168.0,4445.0,,,,,
605,Lao People's Democratic Republic,2020,3494.0,1575.0,1882.0,,,,,
606,Latvia,2020,,,,,,,,
607,Lebanon,2020,,,,,,,,
608,Lesotho,2020,,,,,,,,
609,Liberia,2010,922173.0,212927.0,,50.76817219,98.86942681,48.63550718,1.3866975924200002,57.4598043717
610,Liberia,2011,1921159.0,577641.0,,37.49033911,98.44523123,36.02439046,4.80515498367,57.3830661828
611,Liberia,2012,1412629.0,1407455.0,,44.4845997,92.91264744,47.3327883,2.3837393068900004,56.0238491011
612,Liberia,2013,1244220.0,1244220.0,,31.13298718,87.35251082,34.89595495,0.917581532379,54.575998498
613,Liberia,2014,881224.0,864204.0,,24.58452519,89.5726493,26.02967675,0.0,56.5483330766
614,Liberia,2015,941711.0,,,68.92616209,95.92079725,69.99709063,0.0,57.24869734880001
615,Liberia,2016,1191137.0,809356.0,,51.70526913,95.0226936,52.91410395,0.0,54.782474755
616,Liberia,2017,1093115.0,,,20.16556733,91.21956445,21.2254353,0.0,54.7892000393
617,Liberia,2019,915845.0,915845.0,,51.52485336,95.01563023,53.13166927,0.0,54.8054763899
618,Liberia,2020,,,,25.2834159,95.24216338,24.77907032,0.0,54.7210128879
619,Libya,2020,,,,,,,,
620,Lithuania,2020,,,,,,,,
621,Luxembourg,2020,,,,,,,,
622,Madagascar,2010,202450.0,,,54.86456017,98.71084469,49.66397228,6.058822245419999,26.4495089442
623,Madagascar,2011,224498.0,,,54.00264614,98.13544602,46.94142634,5.49412591806,24.3896615333
624,Madagascar,2012,402900.0,,,46.64656844,95.17427463,40.70316171,3.8897632005,24.5973791495
625,Madagascar,2013,433450.0,,,48.90919237,93.54735673,45.01649685,2.89510515069,24.6772306997
626,Madagascar,2014,470212.0,,,49.93620575,93.94669739,46.11271267,4.12823686186,26.0953525648
627,Madagascar,2015,938490.0,,,63.4592158,95.64159706,60.12490603,2.08058867781,26.2078596885
628,Madagascar,2016,686024.0,,,59.97190852,97.0124067,54.83441561,2.43161878838,23.9067665522
629,Madagascar,2017,985852.0,,,42.98972643,96.1984035,37.24827774,3.54371996707,25.9627579411
630,Madagascar,2018,972790.0,,,58.36276793,95.17029181,56.82486307,6.9337829599,24.8762004469
631,Madagascar,2019,970828.0,,,55.19489189,92.08700215,56.6399544,2.96103176645,24.8513912886
632,Madagascar,2020,1950471.0,1949964.0,253.0,34.82454718,85.24105471,37.28608233,2.9700245451700003,26.3872221263
633,Malawi,2011,304499.0,,,20.3255992,87.80345995,23.02752904,1.49469799218,47.6918300799
634,Malawi,2012,1564984.0,1564984.0,,48.12232256,97.34844578,47.36172695,8.789547435500001,46.4958307785
635,Malawi,2013,1280892.0,1280892.0,,62.81728052,98.20421506,60.46360734,1.2046282364299998,47.195854527
636,Malawi,2014,2905310.0,2905310.0,,52.44948025,96.84906587,52.03586231,0.0591144466953,46.8752123564
637,Malawi,2015,3661238.0,3585315.0,,33.85497431,92.09522604,36.0048159,2.82263306388,45.88853505899999
638,Malawi,2016,4827373.0,4730835.0,,57.37960056,92.09112188,62.15691255,0.0502656160890999,44.7643932286
639,Malawi,2017,4947443.0,4901344.0,,56.58261246,91.1303547,61.6523819,0.0491743182213,44.9510288002
640,Malawi,2018,5865476.0,5830741.0,,80.08809502,95.61640101,82.98827528,2.01928628926,46.473709269100006
641,Malawi,2019,5184107.0,4287578.0,,70.06807036,92.54412784,73.80669547,2.0263627640099995,44.4700781951
642,Malawi,2020,7139065.0,7057864.0,,28.44800358,83.05574788,30.88155153,10.51188344,45.4466300093
643,Malaysia,2010,5194.0,1344.0,1750.0,,,,,
644,Malaysia,2011,3954.0,634.0,915.0,,,,,
645,Malaysia,2012,3662.0,651.0,385.0,,,,,
646,Malaysia,2013,1028.0,422.0,241.0,,,,,
647,Malaysia,2014,596.0,177.0,85.0,,,,,
648,Malaysia,2015,242.0,110.0,84.0,,,,,
649,Malaysia,2016,266.0,67.0,178.0,,,,,
650,Malaysia,2017,85.0,18.0,59.0,,,,,
651,Malaysia,2018,0.0,0.0,0.0,,,,,
652,Malaysia,2019,0.0,0.0,0.0,,,,,
653,Malaysia,2020,0.0,0.0,0.0,,,,,
654,Maldives,2020,,,,,,,,
655,Mali,2010,239787.0,,,51.34246226,86.59974245,58.80739561,2.27953187696,29.2349711019
656,Mali,2011,307035.0,,,61.55351971,89.93380053,67.91867291,3.62065557209,28.4086180929
657,Mali,2012,886482.0,,,62.55178435,93.25765423,66.62178592,4.07815641005,28.4264189719
658,Mali,2013,1506940.0,,,54.57799399,91.89927047,58.80117666,4.33765159846,27.9097235143
659,Mali,2014,2039853.0,,,54.00656516,90.92065951,58.55019678,4.06419617813,29.85408425
660,Mali,2015,2454508.0,,,59.18557224,90.41945096,64.79014458,2.1975054388700004,29.7022451518
661,Mali,2016,2311098.0,,,59.10551963,86.9513908,67.29687511,3.51962050757,27.2045832702
662,Mali,2017,2277218.0,,,61.98231487,88.06568244,69.59968539,3.01436095104,24.9012257573
663,Mali,2018,2345475.0,,,68.17097228,93.17265376,72.66319454,4.90257041381,21.8367554025
664,Mali,2019,3221535.0,3165483.0,,74.39003043,95.15339888,77.48570838,4.64761122425,20.2391656109
665,Mali,2020,2666266.0,2666266.0,,77.77647435,93.59314729,81.58139152,4.466961453369999,19.7178308031
666,Malta,2020,,,,,,,,
667,Marshall Islands,2020,,,,,,,,
668,Mauritania,2010,1994.0,,,14.00327701,84.46020868,15.70294057,0.000286580435292,18.5285538683
669,Mauritania,2011,2926.0,,,9.626694672,86.25832096,10.44511035,0.00110840423913,19.079297219900003
670,Mauritania,2012,1888.0,,,4.43581828,85.89724195,4.789602378,0.0,21.5928823565
671,Mauritania,2013,1587.0,,,3.242964189,84.68932214,3.554805575,0.0,21.2464040835
672,Mauritania,2014,15835.0,,,3.528191326,84.43715729,3.900962839,0.0,19.9850791692
673,Mauritania,2015,22631.0,,,6.313630288,83.00754201,7.257635779,0.0,21.3843912248
674,Mauritania,2016,29156.0,,,9.048372056,76.7517082,11.30998464,0.0,20.0295881609
675,Mauritania,2017,20105.0,,,45.98932367,82.39775376,54.15190439,0.0,19.987072595
676,Mauritania,2018,30609.0,,,40.35619733,81.10346346,47.96597472,0.0,20.7971818803
677,Mauritania,2019,14869.0,,,14.03927107,74.11442017,17.87880553,0.00052793939141,18.8811205715
678,Mauritania,2020,12425.0,,,35.92536182,77.16906401,44.25988409,0.0,21.1506389989
679,Mauritius,2020,,,,,,,,
680,Mexico,2010,1226.0,,1226.0,,,,,
681,Mexico,2011,1124.0,,1124.0,,,,,
682,Mexico,2012,833.0,,833.0,,,,,
683,Mexico,2013,495.0,,495.0,,,,,
684,Mexico,2014,656.0,,656.0,,,,,
685,Mexico,2015,517.0,,517.0,,,,,
686,Mexico,2016,551.0,,551.0,,,,,
687,Mexico,2017,736.0,,736.0,,,,,
688,Mexico,2018,803.0,,803.0,,,,,
689,Mexico,2019,618.0,,618.0,,,,,
690,Mexico,2020,356.0,,356.0,,,,,
691,Micronesia (Federated States of),2020,,,,,,,,
692,Monaco,2020,,,,,,,,
693,Mongolia,2020,,,,,,,,
694,Montenegro,2020,,,,,,,,
695,Morocco,2020,,,,,,,,
696,Mozambique,2010,1522577.0,878009.0,,20.47447282,78.88040036,25.36057504,5.19805721502,47.0243278807
697,Mozambique,2011,1756874.0,663132.0,,29.54374798,82.81073505,34.95335219,17.7460148501,45.878331395
698,Mozambique,2012,1853276.0,927841.0,,29.17755976,83.75100895,33.32894746,5.39509432346,46.4876705785
699,Mozambique,2013,3282172.0,2998874.0,,30.67555201,84.27010492,34.59303893,4.36583283565,47.6264432373
700,Mozambique,2014,7407175.0,7117648.0,,43.6573833,87.52782346,48.59856477,4.5471514714,49.3173339062
701,Mozambique,2015,8222814.0,7718782.0,,47.49569931,87.88814495,52.98731758,2.5710230537900003,49.86804401079999
702,Mozambique,2016,9690873.0,8520376.0,,45.14978334,86.72811563,50.30568881,3.18519703563,49.5842715545
703,Mozambique,2017,9892601.0,8921081.0,,67.57503003,93.22058104,70.72149658,2.94980317281,50.720199280900005
704,Mozambique,2018,10304472.0,9292928.0,,64.03692074,94.76140973,65.09118726,6.62256637601,50.7896672275
705,Mozambique,2019,11734926.0,11734926.0,,55.64669849,93.67582495,56.5570144,6.87111721297,50.93843337290001
706,Mozambique,2020,11318685.0,11318685.0,,56.75834987,90.12899711,59.83840984,7.755503247769998,50.952001944500005
707,Myanmar,2010,420808.0,388464.0,29944.0,,,,,
708,Myanmar,2011,465294.0,433146.0,28966.0,,,,,
709,Myanmar,2012,481204.0,314676.0,135385.0,,,,,
710,Myanmar,2013,333871.0,222770.0,98860.0,,,,,
711,Myanmar,2014,205658.0,138311.0,61830.0,,,,,
712,Myanmar,2015,182616.0,110449.0,65536.0,,,,,
713,Myanmar,2016,110146.0,62917.0,43748.0,,,,,
714,Myanmar,2017,85019.0,50730.0,32070.0,,,,,
715,Myanmar,2018,76518.0,38483.0,36502.0,,,,,
716,Myanmar,2019,56640.0,23017.0,32788.0,,,,,
717,Myanmar,2020,58825.0,15191.0,43578.0,,,,,
718,Namibia,2010,556.0,556.0,,,,,,
719,Namibia,2011,1525.0,335.0,,,,,,
720,Namibia,2012,194.0,194.0,,,,,,
721,Namibia,2013,4775.0,136.0,,,,,,
722,Namibia,2014,15692.0,15692.0,,,,,,
723,Namibia,2015,9162.0,9162.0,,,,,,
724,Namibia,2016,19510.0,19510.0,,,,,,
725,Namibia,2017,54268.0,54268.0,,,,,,
726,Namibia,2018,30567.0,30567.0,,,,,,
727,Namibia,2019,2376.0,2340.0,6.0,,,,,
728,Namibia,2020,12331.0,,,,,,,
729,Nauru,2020,,,,,,,,
730,Nepal,2010,3894.0,550.0,2349.0,,,,,
731,Nepal,2011,2335.0,240.0,1208.0,,,,,
732,Nepal,2012,2204.0,184.0,872.0,,,,,
733,Nepal,2013,1974.0,273.0,1659.0,,,,,
734,Nepal,2014,832.0,81.0,693.0,,,,,
735,Nepal,2015,591.0,67.0,504.0,,,,,
736,Nepal,2016,507.0,61.0,433.0,,,,,
737,Nepal,2017,623.0,25.0,587.0,,,,,
738,Nepal,2018,493.0,5.0,488.0,,,,,
739,Nepal,2019,127.0,9.0,118.0,,,,,
740,Nepal,2020,73.0,5.0,68.0,,,,,
741,Netherlands,2020,,,,,,,,
742,New Zealand,2020,,,,,,,,
743,Nicaragua,2010,692.0,154.0,538.0,,,,,
744,Nicaragua,2011,925.0,150.0,775.0,,,,,
745,Nicaragua,2012,1235.0,236.0,999.0,,,,,
746,Nicaragua,2013,1162.0,208.0,954.0,,,,,
747,Nicaragua,2014,1142.0,155.0,985.0,,,,,
748,Nicaragua,2015,2279.0,338.0,1937.0,,,,,
749,Nicaragua,2016,6267.0,1285.0,4965.0,,,,,
750,Nicaragua,2017,10949.0,1836.0,9080.0,,,,,
751,Nicaragua,2018,15917.0,1319.0,14553.0,,,,,
752,Nicaragua,2019,13200.0,2398.0,10679.0,,,,,
753,Nicaragua,2020,25505.0,11250.0,13421.0,,,,,
754,Niger,2010,642774.0,601455.0,,39.24287985,83.86756815,45.44677177,0.00351802072759,37.2786917048
755,Niger,2011,838585.0,757449.0,,36.0285202,75.22751521,46.27056978,0.8881980778889998,38.1596637594
756,Niger,2012,2329260.0,2185060.0,,25.57622918,60.9523264,40.28516248,0.0,39.2594645931
757,Niger,2013,2373591.0,2306354.0,,19.75268245,56.47297682,34.09242011,0.0,38.5616124755
758,Niger,2014,3963768.0,3828486.0,,33.41914216,72.53708813,44.8926776,9.75425568307e-05,37.867612905
759,Niger,2015,2392108.0,2267867.0,,57.89020241,85.69118018,66.45427495,0.0,36.1432576379
760,Niger,2016,4258110.0,3961178.0,,61.01897816,86.54813596,69.37757832,0.0,34.165586202200004
761,Niger,2017,2761268.0,2638580.0,,65.22106954,88.32180818,72.79168488,0.0,33.1860626456
762,Niger,2018,3046450.0,3046450.0,,72.94199826,91.5526534,78.86646363,0.0,30.5993270211
763,Niger,2019,3771451.0,3748155.0,,74.58629823,92.12222711,80.11821036,0.0,27.6025582813
764,Niger,2020,4377938.0,4154337.0,,77.31780691,91.87082331,82.92175558,0.0,26.788547833600003
765,Nigeria,2010,551187.0,523513.0,,17.4367632,74.06960701,22.13064509,0.933739844542,54.34092486509999
766,Nigeria,2014,8572322.0,,,21.24413648,48.58247997,40.77046256,0.106144966269,51.3235396738
767,Nigeria,2015,8068583.0,,,30.6230603,56.99497878,49.9008963,0.0,52.6532061943
768,Nigeria,2016,13598282.0,,,33.77895687,64.15100657,50.23327456,0.0835389180112,48.3547349477
769,Nigeria,2017,13087878.0,,,36.67900969,73.10368905,48.09494366,0.0838846720468999,49.3277013357
770,Nigeria,2018,14548024.0,,,40.24197818,83.44087706,46.30250505,0.0,49.96228345310001
771,Nigeria,2019,19806915.0,,,42.12296532,89.98519449,44.25665217,0.0,46.8713397037
772,Nigeria,2020,18325240.0,,,42.57115002,91.0137278,41.99134839,0.0,45.9509530378
773,Niue,2020,,,,,,,,
774,Norway,2020,,,,,,,,
775,Oman,2020,,,,,,,,
776,Pakistan,2010,240591.0,73857.0,143136.0,,,,,
777,Pakistan,2011,334589.0,73925.0,205879.0,,,,,
778,Pakistan,2012,290781.0,95095.0,228215.0,,,,,
779,Pakistan,2013,281755.0,46974.0,215655.0,,,,,
780,Pakistan,2014,275149.0,33391.0,232332.0,,,,,
781,Pakistan,2015,202013.0,30075.0,163872.0,,,,,
782,Pakistan,2016,324466.0,42011.0,257962.0,,,,,
783,Pakistan,2017,369817.0,54407.0,300623.0,,,,,
784,Pakistan,2018,374510.0,55639.0,314572.0,,,,,
785,Pakistan,2019,413533.0,87169.0,323355.0,,,,,
786,Pakistan,2020,371828.0,74899.0,293077.0,,,,,
787,Palau,2020,,,,,,,,
788,Panama,2010,418.0,20.0,398.0,,,,,
789,Panama,2011,354.0,1.0,353.0,,,,,
790,Panama,2012,844.0,1.0,843.0,,,,,
791,Panama,2013,696.0,,696.0,,,,,
792,Panama,2014,864.0,,864.0,,,,,
793,Panama,2015,546.0,,546.0,,,,,
794,Panama,2016,769.0,21.0,748.0,,,,,
795,Panama,2017,649.0,1.0,648.0,,,,,
796,Panama,2018,684.0,0.0,684.0,,,,,
797,Panama,2019,1580.0,9.0,1196.0,,,,,
798,Panama,2020,2190.0,8.0,2181.0,,,,,
799,Papua New Guinea,2010,93956.0,56735.0,13171.0,,,,,
800,Papua New Guinea,2011,84060.0,59153.0,9654.0,,,,,
801,Papua New Guinea,2012,150195.0,58747.0,7108.0,,,,,
802,Papua New Guinea,2013,316125.0,119469.0,7579.0,,,,,
803,Papua New Guinea,2014,314036.0,120641.0,78846.0,,,,,
804,Papua New Guinea,2015,346431.0,118452.0,62228.0,,,,,
805,Papua New Guinea,2016,534819.0,183686.0,95328.0,,,,,
806,Papua New Guinea,2017,488878.0,163160.0,113561.0,,,,,
807,Papua New Guinea,2018,516249.0,174818.0,138006.0,,,,,
808,Papua New Guinea,2019,646648.0,181463.0,163237.0,,,,,
809,Papua New Guinea,2020,750254.0,189397.0,186981.0,,,,,
810,Paraguay,2010,20.0,,20.0,,,,,
811,Paraguay,2011,1.0,,1.0,,,,,
812,Paraguay,2012,0.0,,,,,,,
813,Paraguay,2013,0.0,,,,,,,
814,Paraguay,2014,0.0,,,,,,,
815,Paraguay,2015,0.0,,,,,,,
816,Paraguay,2016,0.0,,,,,,,
817,Paraguay,2017,0.0,,,,,,,
818,Paraguay,2018,0.0,,,,,,,
819,Paraguay,2019,0.0,,,,,,,
820,Paraguay,2020,0.0,,,,,,,
821,Peru,2010,31545.0,2291.0,29168.0,,,,,
822,Peru,2011,25005.0,2929.0,21984.0,,,,,
823,Peru,2012,31436.0,3399.0,28030.0,,,,,
824,Peru,2013,48719.0,7890.0,40829.0,,,,,
825,Peru,2014,65252.0,10416.0,54819.0,,,,,
826,Peru,2015,61865.0,12569.0,49287.0,,,,,
827,Peru,2016,56623.0,15319.0,41287.0,,,,,
828,Peru,2017,55367.0,13173.0,42044.0,,,,,
829,Peru,2018,45443.0,9438.0,36005.0,,,,,
830,Peru,2019,24324.0,4724.0,19600.0,,,,,
831,Peru,2020,15822.0,3198.0,12624.0,,,,,
832,Philippines,2010,19102.0,11824.0,2885.0,,,,,
833,Philippines,2011,9583.0,6877.0,2380.0,,,,,
834,Philippines,2012,8086.0,4774.0,2189.0,,,,,
835,Philippines,2013,7720.0,4968.0,1357.0,,,,,
836,Philippines,2014,6019.0,3760.0,834.0,,,,,
837,Philippines,2015,11324.0,4769.0,755.0,,,,,
838,Philippines,2016,6627.0,5282.0,816.0,,,,,
839,Philippines,2017,6722.0,3107.0,528.0,,,,,
840,Philippines,2018,4559.0,1310.0,116.0,,,,,
841,Philippines,2019,5681.0,5034.0,537.0,,,,,
842,Philippines,2020,6094.0,5234.0,736.0,,,,,
843,Poland,2020,,,,,,,,
844,Portugal,2020,,,,,,,,
845,Qatar,2020,,,,,,,,
846,Republic of Korea,2010,1267.0,,,,,,,
847,Republic of Korea,2011,505.0,,,,,,,
848,Republic of Korea,2012,394.0,,,,,,,
849,Republic of Korea,2013,383.0,,383.0,,,,,
850,Republic of Korea,2014,557.0,,557.0,,,,,
851,Republic of Korea,2015,627.0,0.0,627.0,,,,,
852,Republic of Korea,2016,602.0,0.0,602.0,,,,,
853,Republic of Korea,2017,436.0,0.0,436.0,,,,,
854,Republic of Korea,2018,501.0,0.0,501.0,,,,,
855,Republic of Korea,2019,485.0,0.0,485.0,,,,,
856,Republic of Korea,2020,356.0,0.0,356.0,,,,,
857,Republic of Moldova,2020,,,,,,,,
858,Romania,2020,,,,,,,,
859,Russian Federation,2020,,,,,,,,
860,Rwanda,2010,669322.0,638669.0,,58.18490272,94.54428997,61.32215394,14.8697025738,34.118757147000004
861,Rwanda,2011,273293.0,208858.0,,58.15304117,92.52731901,62.81008073,14.1725881917,32.1815060246
862,Rwanda,2012,483470.0,483470.0,,61.51990922,95.15059211,64.36033126,10.6463395057,30.6559529632
863,Rwanda,2013,962618.0,962618.0,,76.91168739,98.01545133,78.13122517,5.96811370855,33.033694212600004
864,Rwanda,2014,1623176.0,1623176.0,,71.56431575,97.4357428,73.16545079,3.490916747680001,32.3993292325
865,Rwanda,2015,2505794.0,,,59.31217136,95.85535938,61.43826741,6.71684035851,33.097204482799995
866,Rwanda,2016,3380568.0,,,70.10949024,96.4900672,72.12559233,13.3523338222,33.5548379828
867,Rwanda,2017,5940533.0,2927780.0,,66.80688644,93.97594973,70.70559652,8.897950761999999,33.2374620704
868,Rwanda,2018,4231883.0,1657793.0,,38.02042702,81.46553152,45.86598135,14.801710884800002,33.8501431158
869,Rwanda,2019,3612822.0,1306846.0,,25.15783246,75.09302785,32.90784109,35.7096591969,34.463151839599995
870,Rwanda,2020,2043392.0,,,43.60731838,81.31901079,51.08376608,0.0134690565474,33.9730151167
871,Saint Kitts and Nevis,2020,,,,,,,,
872,Saint Lucia,2020,,,,,,,,
873,Saint Vincent and the Grenadines,2020,,,,,,,,
874,Samoa,2020,,,,,,,,
875,San Marino,2020,,,,,,,,
876,Sao Tome and Principe,2010,2740.0,2219.0,14.0,,,,,
877,Sao Tome and Principe,2011,8442.0,6363.0,4.0,,,,,
878,Sao Tome and Principe,2012,12550.0,10700.0,1.0,,,,,
879,Sao Tome and Principe,2013,9243.0,9242.0,1.0,,,,,
880,Sao Tome and Principe,2014,1754.0,1754.0,,,,,,
881,Sao Tome and Principe,2015,2056.0,2055.0,,,,,,
882,Sao Tome and Principe,2016,2238.0,2238.0,,,,,,
883,Sao Tome and Principe,2017,2239.0,2239.0,,,,,,
884,Sao Tome and Principe,2018,2937.0,2937.0,,,,,,
885,Sao Tome and Principe,2019,2732.0,2447.0,,,,,,
886,Sao Tome and Principe,2020,1933.0,1648.0,,,,,,
887,Saudi Arabia,2010,29.0,29.0,,,,,,
888,Saudi Arabia,2011,69.0,69.0,,,,,,
889,Saudi Arabia,2012,82.0,82.0,,,,,,
890,Saudi Arabia,2013,34.0,34.0,,,,,,
891,Saudi Arabia,2014,30.0,30.0,,,,,,
892,Saudi Arabia,2015,83.0,83.0,,,,,,
893,Saudi Arabia,2016,272.0,270.0,2.0,,,,,
894,Saudi Arabia,2017,177.0,172.0,5.0,,,,,
895,Saudi Arabia,2018,61.0,57.0,4.0,,,,,
896,Saudi Arabia,2019,38.0,38.0,,,,,,
897,Saudi Arabia,2020,83.0,83.0,,,,,,
898,Senegal,2010,330331.0,330331.0,,32.66136895,76.92226805,41.45883403,2.79239344946,44.0083397924
899,Senegal,2011,274119.0,274119.0,,37.33745206,77.12332627,46.4225047,2.67722908347,42.9864217226
900,Senegal,2012,280241.0,280241.0,,37.61658658,72.94247356,48.71657732,3.38259267369,42.3593447394
901,Senegal,2013,366687.0,366687.0,,47.33408891,74.01485403,60.37799959,2.03381335573,41.5850307723
902,Senegal,2014,268912.0,268912.0,,48.32251535,74.36911702,61.88405898,1.86404702876,42.3616800985
903,Senegal,2015,492253.0,492253.0,,49.79997168,77.7140542,61.99763009,1.34084302044,41.911621826
904,Senegal,2016,349540.0,349540.0,,66.25614656,85.12957486,76.05694528,1.2479069291,41.9497873053
905,Senegal,2017,395706.0,395706.0,,64.4613769,82.81981654,76.17418642,1.51324798074,41.9157290822
906,Senegal,2018,530652.0,530652.0,,40.14655072,65.71539886,57.9654949,0.0,42.4611001375
907,Senegal,2019,354663.0,354663.0,,65.02609157,76.97757373,82.37758407,0.324760857789,42.8462357081
908,Senegal,2020,445313.0,445313.0,,59.18771171,74.26168169,77.35868851,0.0,42.0863113246
909,Serbia,2020,,,,,,,,
910,Seychelles,2020,,,,,,,,
911,Sierra Leone,2010,934028.0,218473.0,,63.98330752,94.63739055,65.75291376,5.309524956960001,50.4458460006
912,Sierra Leone,2011,638859.0,25511.0,,65.47992604,94.5103202,67.5884357,15.101752674900002,51.33689002839999
913,Sierra Leone,2012,1537322.0,1537322.0,,42.44027147,94.50295483,43.15763342,6.945071991349999,51.9577417394
914,Sierra Leone,2013,1701958.0,1701958.0,,42.81173064,98.16641268,39.93741796,0.0,52.4498420102
915,Sierra Leone,2014,1374476.0,1374476.0,,78.44266823,99.75565365,72.99759552,0.0,52.4850640699
916,Sierra Leone,2015,1483376.0,1483376.0,,73.40877784,99.73405134,67.28708876,0.0,50.8364198174
917,Sierra Leone,2016,1775306.0,1775306.0,,43.53159487,97.90822362,41.55996781,0.0,50.4701976516
918,Sierra Leone,2017,1651236.0,1651236.0,,62.06477434,95.91961209,63.1860602,0.0,50.2054059658
919,Sierra Leone,2018,1733831.0,1733831.0,,58.66263469,95.51546004,59.00520926,0.0,50.0151322205
920,Sierra Leone,2019,2407505.0,2407505.0,,53.29413446,98.07843832,49.24031591,0.0,47.0106557261
921,Sierra Leone,2020,725006.0,725006.0,,82.85977679,99.74079712,76.76583309,0.0,49.538682051
922,Singapore,2020,,,,,,,,
923,Slovakia,2020,,,,,,,,
924,Slovenia,2020,,,,,,,,
925,Solomon Islands,2010,39704.0,22892.0,12281.0,,,,,
926,Solomon Islands,2011,26657.0,14454.0,8665.0,,,,,
927,Solomon Islands,2012,24383.0,14748.0,9339.0,,,,,
928,Solomon Islands,2013,25609.0,13194.0,11628.0,,,,,
929,Solomon Islands,2014,18404.0,9835.0,7845.0,,,,,
930,Solomon Islands,2015,23998.0,10478.0,12150.0,,,,,
931,Solomon Islands,2016,54432.0,16607.0,33060.0,,,,,
932,Solomon Islands,2017,52519.0,15400.0,30169.0,,,,,
933,Solomon Islands,2018,59191.0,15771.0,35072.0,,,,,
934,Solomon Islands,2019,72767.0,15595.0,47164.0,,,,,
935,Solomon Islands,2020,77637.0,14753.0,52039.0,,,,,
936,Somalia,2010,24833.0,5629.0,,9.360181229,77.75946422,11.30433724,0.190419858532,6.763734450709999
937,Somalia,2011,3351.0,,,8.047411128,76.39668463,9.910533603,0.000524431418964,5.640152602710001
938,Somalia,2012,6817.0,,,9.380890902,76.20587588,11.63996665,0.0,7.441717755130001
939,Somalia,2013,7407.0,,,11.34058112,76.70372258,14.09054398,0.468664772621,6.75270869963
940,Somalia,2014,11001.0,,,11.49761136,76.4650286,14.41439869,0.55789795652,5.43300608852
941,Somalia,2015,20953.0,,,11.76371086,77.66910877,14.42437554,2.81264982399,5.29322229148
942,Somalia,2016,35628.0,,,14.3716064,78.12318066,17.41641152,2.8490239002400006,5.89594218958
943,Somalia,2017,35138.0,,,21.50459484,79.25073974,25.74131325,2.80488207809,6.34109914199
944,Somalia,2018,31021.0,,,20.12872019,78.57242867,24.26733469,0.400488694887,3.8284697517400006
945,Somalia,2019,39687.0,36766.0,2921.0,16.33310389,77.44604214,19.79737134,9.24752017611,4.11664947054
946,Somalia,2020,27333.0,,,18.21493243,76.77637874,21.89774418,9.24681254563,4.239703199580001
947,South Africa,2010,8060.0,2181.0,0.0,,,,,
948,South Africa,2011,9866.0,4206.0,14.0,,,,,
949,South Africa,2012,6621.0,4565.0,5.0,,,,,
950,South Africa,2013,8645.0,8645.0,,,,,,
951,South Africa,2014,11705.0,11563.0,,,,,,
952,South Africa,2015,4959.0,4344.0,5.0,,,,,
953,South Africa,2016,4323.0,4323.0,,,,,,
954,South Africa,2017,23381.0,23381.0,,,,,,
955,South Africa,2018,9540.0,9540.0,,,,,,
956,South Africa,2019,3096.0,3096.0,,,,,,
957,South Africa,2020,4463.0,3173.0,,,,,,
958,South Sudan,2010,900283.0,,,18.21156761,84.98895729,20.5505042,0.000291763157713,9.0262113094
959,South Sudan,2011,112024.0,112024.0,,10.72352817,82.04042477,12.50581164,6.99888430364e-05,10.427907816
960,South Sudan,2012,225371.0,,,21.04670236,83.92848587,23.83207011,0.00012813125443,11.5782050829
961,South Sudan,2013,262520.0,,,43.53591964,87.38398212,48.31914337,0.000258630342617,11.845226017100002
962,South Sudan,2014,71377.0,,,32.16955432,84.97234176,36.96372299,5.98423704983,14.240122588099998
963,South Sudan,2015,24371.0,24371.0,,25.37051866,84.28979061,29.24397955,2.54203046148,16.2046318831
964,South Sudan,2016,7619.0,7619.0,,50.75960126,89.61077299,55.18138514,0.195590811513,14.5191361367
965,South Sudan,2017,1488005.0,1488005.0,,52.80636535,90.15817647,57.23419641,1.31058616636,17.294493425400002
966,South Sudan,2018,98843.0,3242.0,,36.67931382,85.81119602,41.54574619,0.00153988996746,15.3631104416
967,South Sudan,2019,1903742.0,1902505.0,,31.57796404,83.935939,36.31588838,3.5611966026600004,12.7697283442
968,South Sudan,2020,661922.0,145954.0,2205.0,42.62053602,84.96536436,47.70174839,3.5839405295,13.345220418
969,Spain,2020,,,,,,,,
970,Sri Lanka,2010,684.0,6.0,669.0,,,,,
971,Sri Lanka,2011,124.0,3.0,119.0,,,,,
972,Sri Lanka,2012,23.0,4.0,19.0,,,,,
973,Sri Lanka,2013,0.0,,,,,,,
974,Sri Lanka,2014,0.0,,,,,,,
975,Sri Lanka,2015,0.0,0.0,0.0,,,,,
976,Sri Lanka,2016,0.0,0.0,0.0,,,,,
977,Sri Lanka,2017,0.0,0.0,0.0,,,,,
978,Sri Lanka,2018,0.0,0.0,0.0,,,,,
979,Sri Lanka,2019,0.0,0.0,0.0,,,,,
980,Sri Lanka,2020,0.0,0.0,0.0,,,,,
981,Sudan,2010,720557.0,,,22.33857586,73.57622674,29.37190331,0.0296523760365,23.1616385125
982,Sudan,2011,506806.0,,,23.73488994,74.74578993,30.73131775,0.067266925915,21.4581845836
983,Sudan,2012,526931.0,,,29.41295778,77.66024623,36.63145511,0.0837471322027,20.3003172299
984,Sudan,2013,592383.0,,,39.57939465,80.24751567,48.08326775,2.6198740810700003,16.1552247382
985,Sudan,2014,1068506.0,,,44.36367098,82.4712507,52.67563806,2.2475736671700006,15.9301463355
986,Sudan,2015,586827.0,,,43.90103805,81.52742443,52.7428718,2.7346052878400005,16.1707522803
987,Sudan,2016,566015.0,333009.0,82175.0,47.16487695,81.93303738,56.34437378,4.11024907335,17.823849397700002
988,Sudan,2017,800116.0,580145.0,58335.0,50.44522265,82.43597023,59.93581985,4.31233258158,17.859133104999998
989,Sudan,2018,1638017.0,1286915.0,143314.0,48.91158514,81.64873135,58.71070913,8.50527948406,20.6377989121
990,Sudan,2019,1752011.0,1363507.0,194904.0,45.4159788,80.30301101,55.38664392,8.86874421917,23.153401292
991,Sudan,2020,1698394.0,1272738.0,170202.0,43.25453141,78.53725203,53.22632058,0.000272971233023,26.7365190815
992,Suriname,2010,1771.0,638.0,817.0,,,,,
993,Suriname,2011,795.0,331.0,382.0,,,,,
994,Suriname,2012,569.0,126.0,167.0,,,,,
995,Suriname,2013,729.0,322.0,322.0,,,,,
996,Suriname,2014,401.0,165.0,78.0,,,,,
997,Suriname,2015,81.0,17.0,61.0,,,,,
998,Suriname,2016,76.0,6.0,69.0,,,,,
999,Suriname,2017,19.0,1.0,17.0,,,,,
1000,Suriname,2018,29.0,5.0,23.0,,,,,
1001,Suriname,2019,95.0,0.0,95.0,,,,,
1002,Suriname,2020,147.0,0.0,147.0,,,,,
1003,Sweden,2020,,,,,,,,
1004,Switzerland,2020,,,,,,,,
1005,Syrian Arab Republic,2020,,,,,,,,
1006,Tajikistan,2010,112.0,1.0,111.0,,,,,
1007,Tajikistan,2011,78.0,5.0,73.0,,,,,
1008,Tajikistan,2012,28.0,,,,,,,
1009,Tajikistan,2013,4.0,,,,,,,
1010,Tajikistan,2014,2.0,,,,,,,
1011,Tajikistan,2015,0.0,0.0,0.0,,,,,
1012,Tajikistan,2016,0.0,0.0,0.0,,,,,
1013,Tajikistan,2017,0.0,0.0,0.0,,,,,
1014,Tajikistan,2018,0.0,0.0,0.0,,,,,
1015,Tajikistan,2019,0.0,0.0,0.0,,,,,
1016,Tajikistan,2020,0.0,0.0,0.0,,,,,
1017,Thailand,2010,32480.0,9401.0,13401.0,,,,,
1018,Thailand,2011,24897.0,5710.0,8608.0,,,,,
1019,Thailand,2012,46895.0,11553.0,17506.0,,,,,
1020,Thailand,2013,41602.0,14449.0,15573.0,,,,,
1021,Thailand,2014,41218.0,13743.0,20513.0,,,,,
1022,Thailand,2015,8022.0,3291.0,4655.0,,,,,
1023,Thailand,2016,7428.0,1609.0,5765.0,,,,,
1024,Thailand,2017,5694.0,846.0,4802.0,,,,,
1025,Thailand,2018,4077.0,447.0,3575.0,,,,,
1026,Thailand,2019,3198.0,391.0,2752.0,,,,,
1027,Thailand,2020,3009.0,155.0,2892.0,,,,,
1028,The former Yugoslav Republic of Macedonia,2020,,,,,,,,
1029,Timor-Leste,2010,48137.0,28350.0,11432.0,,,,,
1030,Timor-Leste,2011,19739.0,14261.0,3758.0,,,,,
1031,Timor-Leste,2012,5518.0,1962.0,2288.0,,,,,
1032,Timor-Leste,2013,1223.0,373.0,512.0,,,,,
1033,Timor-Leste,2014,411.0,118.0,139.0,,,,,
1034,Timor-Leste,2015,80.0,33.0,24.0,,,,,
1035,Timor-Leste,2016,81.0,46.0,7.0,,,,,
1036,Timor-Leste,2017,16.0,4.0,3.0,,,,,
1037,Timor-Leste,2018,0.0,0.0,0.0,,,,,
1038,Timor-Leste,2019,0.0,0.0,0.0,,,,,
1039,Timor-Leste,2020,3.0,2.0,0.0,,,,,
1040,Togo,2010,1019029.0,1018801.0,,29.6203616,82.36808789,35.3742627,0.0017067513094,41.8208232389
1041,Togo,2011,506764.0,506741.0,,53.62906395,91.19978256,57.76828888,0.0007897737373169,41.0523736311
1042,Togo,2012,909129.0,909120.0,,61.21750556,94.1079654,64.28034215,0.0418897703909,39.7111743931
1043,Togo,2013,965832.0,965824.0,,48.00991372,85.68748539,55.08879849,0.0,40.9127052491
1044,Togo,2014,1524339.0,1524322.0,,50.13128078,73.05220865,67.96580251,0.0145075947477,39.6519016006
1045,Togo,2015,1610711.0,1610568.0,,36.17950483,48.74897435,73.15031188,0.0,39.1202091831
1046,Togo,2016,1746334.0,1746101.0,,24.83152648,33.79767743,70.09998533,0.0,38.939639724200006
1047,Togo,2017,1756582.0,1756331.0,,55.72895232,64.29815903,84.21298545,0.0,38.4588593671
1048,Togo,2018,2002877.0,2002712.0,,65.98871239,83.51019653,78.36769595,0.0,37.6047676597
1049,Togo,2019,2406091.0,2402967.0,,55.35100723,82.4120871,66.56905017,0.0,38.0598540371
1050,Togo,2020,,,,72.48306061,85.25444977,83.45875106,0.0045063207658,39.2152336976
1051,Tonga,2020,,,,,,,,
1052,Trinidad and Tobago,2020,,,,,,,,
1053,Tunisia,2020,,,,,,,,
1054,Turkmenistan,2010,0.0,0.0,0.0,,,,,
1055,Turkmenistan,2011,0.0,0.0,0.0,,,,,
1056,Turkmenistan,2012,0.0,0.0,0.0,,,,,
1057,Turkmenistan,2013,0.0,0.0,0.0,,,,,
1058,Turkmenistan,2014,0.0,0.0,0.0,,,,,
1059,Turkmenistan,2015,0.0,0.0,0.0,,,,,
1060,Turkmenistan,2016,0.0,0.0,0.0,,,,,
1061,Turkmenistan,2017,0.0,0.0,0.0,,,,,
1062,Turkmenistan,2018,0.0,0.0,0.0,,,,,
1063,Turkmenistan,2020,,,,,,,,
1064,Tuvalu,2020,,,,,,,,
1065,Türkiye,2010,0.0,0.0,0.0,,,,,
1066,Türkiye,2011,0.0,0.0,0.0,,,,,
1067,Türkiye,2012,0.0,0.0,0.0,,,,,
1068,Türkiye,2013,0.0,0.0,0.0,,,,,
1069,Türkiye,2014,0.0,0.0,0.0,,,,,
1070,Türkiye,2015,0.0,0.0,0.0,,,,,
1071,Türkiye,2016,0.0,0.0,0.0,,,,,
1072,Türkiye,2017,0.0,0.0,0.0,,,,,
1073,Türkiye,2020,,,,,,,,
1074,Uganda,2010,1628595.0,1565348.0,15812.0,28.93792961,82.13194903,34.69754288,6.48209014002,55.3394224413
1075,Uganda,2011,231873.0,231873.0,,16.96852064,79.27414066,21.46332052,8.086309923539998,51.8951029025
1076,Uganda,2012,2662258.0,2662258.0,,15.03148649,81.42179223,18.22054659,5.50355759732,51.8243980329
1077,Uganda,2013,1502362.0,1502362.0,,51.29513076,88.66143356,57.08426006,5.942235371340001,56.5134161973
1078,Uganda,2014,3631939.0,3631939.0,,69.10087367,90.37259238,76.30393392,6.024233457119999,58.24712208120001
1079,Uganda,2015,7412747.0,7137662.0,,63.02999085,87.69678899,71.84918489,2.6939911009,58.6580815267
1080,Uganda,2016,9735849.0,9385132.0,,58.09988344,87.82141697,66.20419089,3.54596346607,58.9849492233
1081,Uganda,2017,11667831.0,11667831.0,,77.06628272,93.04315728,82.57605995,8.43661196917,59.2027164989
1082,Uganda,2018,5759174.0,5759174.0,,71.71152381,90.09437401,79.40689219,4.88457010817,59.2815320896
1083,Uganda,2019,13982362.0,13982362.0,,51.27042453,84.74789989,60.16908477,4.82336205836,59.4022780363
1084,Uganda,2020,14196657.0,,,56.13635541,87.55007372,62.00160762,8.970350387169999,59.8785127722
1085,Ukraine,2020,,,,,,,,
1086,United Arab Emirates,2020,,,,,,,,
1087,United Kingdom of Great Britain and Northern Ireland,2020,,,,,,,,
1088,United Republic of Tanzania,2010,1279362.0,1279362.0,,,,,,
1089,United Republic of Tanzania,2011,2151236.0,1817668.0,,,,,,
1090,United Republic of Tanzania,2012,1987629.0,1774792.0,,,,,,
1091,United Republic of Tanzania,2013,1554117.0,71132.0,,,,,,
1092,United Republic of Tanzania,2014,680442.0,108844.0,,,,,,
1093,United Republic of Tanzania,2015,4900085.0,413615.0,,,,,,
1094,United Republic of Tanzania,2016,5762373.0,5015.0,,,,,,
1095,United Republic of Tanzania,2017,5744907.0,1733.0,,,,,,
1096,United Republic of Tanzania,2018,6051844.0,1462.0,,,,,,
1097,United Republic of Tanzania,2019,5908168.0,1338.0,12.0,,,,,
1098,United Republic of Tanzania,2020,5969953.0,5678149.0,0.0,,,,,
1099,United States of America,2020,,,,,,,,
1100,Uruguay,2020,,,,,,,,
1101,Uzbekistan,2010,3.0,0.0,3.0,,,,,
1102,Uzbekistan,2011,0.0,0.0,0.0,,,,,
1103,Uzbekistan,2012,0.0,0.0,0.0,,,,,
1104,Uzbekistan,2013,0.0,0.0,0.0,,,,,
1105,Uzbekistan,2014,0.0,0.0,0.0,,,,,
1106,Uzbekistan,2015,0.0,0.0,0.0,,,,,
1107,Uzbekistan,2016,0.0,0.0,0.0,,,,,
1108,Uzbekistan,2017,0.0,0.0,0.0,,,,,
1109,Uzbekistan,2018,0.0,0.0,0.0,,,,,
1110,Uzbekistan,2019,0.0,0.0,0.0,,,,,
1111,Uzbekistan,2020,0.0,0.0,0.0,,,,,
1112,Vanuatu,2010,9817.0,1545.0,2265.0,,,,,
1113,Vanuatu,2011,6179.0,770.0,1224.0,,,,,
1114,Vanuatu,2012,4532.0,1257.0,1680.0,,,,,
1115,Vanuatu,2013,2883.0,1039.0,1342.0,,,,,
1116,Vanuatu,2014,1314.0,279.0,703.0,,,,,
1117,Vanuatu,2015,571.0,150.0,273.0,,,,,
1118,Vanuatu,2016,2252.0,186.0,1682.0,,,,,
1119,Vanuatu,2017,1227.0,273.0,798.0,,,,,
1120,Vanuatu,2018,632.0,42.0,590.0,,,,,
1121,Vanuatu,2019,567.0,36.0,531.0,,,,,
1122,Vanuatu,2020,493.0,38.0,469.0,,,,,
1123,Venezuela (Bolivarian Republic of),2010,45155.0,10629.0,32710.0,,,,,
1124,Venezuela (Bolivarian Republic of),2011,45824.0,9724.0,34651.0,,,,,
1125,Venezuela (Bolivarian Republic of),2012,52803.0,10978.0,39478.0,,,,,
1126,Venezuela (Bolivarian Republic of),2013,78643.0,22777.0,50938.0,,,,,
1127,Venezuela (Bolivarian Republic of),2014,90708.0,21074.0,62850.0,,,,,
1128,Venezuela (Bolivarian Republic of),2015,136402.0,24018.0,100880.0,,,,,
1129,Venezuela (Bolivarian Republic of),2016,240613.0,46503.0,179554.0,,,,,
1130,Venezuela (Bolivarian Republic of),2017,411586.0,69076.0,316401.0,,,,,
1131,Venezuela (Bolivarian Republic of),2018,404924.0,71504.0,307622.0,,,,,
1132,Venezuela (Bolivarian Republic of),2019,398285.0,64307.0,308132.0,,,,,
1133,Venezuela (Bolivarian Republic of),2020,197466.0,33887.0,151783.0,,,,,
1134,Viet Nam,2010,17515.0,12763.0,4466.0,,,,,
1135,Viet Nam,2011,16612.0,10101.0,5602.0,,,,,
1136,Viet Nam,2012,19638.0,11448.0,7220.0,,,,,
1137,Viet Nam,2013,17128.0,9532.0,6901.0,,,,,
1138,Viet Nam,2014,15752.0,8245.0,7220.0,,,,,
1139,Viet Nam,2015,9331.0,4327.0,4756.0,,,,,
1140,Viet Nam,2016,4161.0,2323.0,1750.0,,,,,
1141,Viet Nam,2017,4548.0,2858.0,1608.0,,,,,
1142,Viet Nam,2018,3132.0,2966.0,1751.0,,,,,
1143,Viet Nam,2019,3100.0,3110.0,1514.0,,,,,
1144,Viet Nam,2020,1376.0,792.0,573.0,,,,,
1145,Yemen,2010,106697.0,77271.0,966.0,,,,,
1146,Yemen,2011,90954.0,59689.0,478.0,,,,,
1147,Yemen,2012,112359.0,109504.0,398.0,,,,,
1148,Yemen,2013,102778.0,102369.0,408.0,,,,,
1149,Yemen,2014,86707.0,86428.0,267.0,,,,,
1150,Yemen,2015,76259.0,75898.0,334.0,,,,,
1151,Yemen,2016,99700.0,45469.0,347.0,,,,,
1152,Yemen,2017,143333.0,109849.0,1833.0,,,,,
1153,Yemen,2018,157900.0,112823.0,970.0,,,,,
1154,Yemen,2019,165899.0,163941.0,1802.0,,,,,
1155,Yemen,2020,164066.0,162318.0,1684.0,,,,,
1156,Zambia,2014,4077547.0,4077547.0,,57.57064564,86.88553146,66.06717848,18.7069363371,60.8261853068
1157,Zambia,2015,4184661.0,4184661.0,,53.3430206,84.77312916,62.77365107,22.92920039,60.6952723112
1158,Zambia,2016,4851319.0,4851319.0,,28.37816193,71.68844285,38.83741909,24.1771893524,59.7275655201
1159,Zambia,2017,5505639.0,5505639.0,,53.99536448,79.52601472,66.40706193,26.6558901478,60.97264145800001
1160,Zambia,2018,5039679.0,5039679.0,,52.64648577,82.23066312,63.15089667,9.512098411160002,59.6938246811
1161,Zambia,2019,5147350.0,5147350.0,,37.60825726,81.28176029,45.23871468,29.622647849800003,59.9312488038
1162,Zambia,2020,8121215.0,8121215.0,,21.89728289,78.77452084,26.07201967,27.0383295142,59.4210351882
1163,Zimbabwe,2010,249379.0,249379.0,0.0,8.050967371,49.55184302,17.06862528,19.6423544243,32.2748730609
1164,Zimbabwe,2011,319935.0,319935.0,0.0,6.389609491,50.56304384,12.55593371,13.3997604254,37.4611952713
1165,Zimbabwe,2012,276963.0,276963.0,0.0,5.839439502,57.76070311,10.31591002,11.8242566785,38.6899794137
1166,Zimbabwe,2013,422633.0,422633.0,0.0,10.4564012,52.74722745,20.37216635,14.869433135999998,41.5893988296
1167,Zimbabwe,2014,548276.0,535931.0,0.0,11.37379785,34.52056972,31.31122806,3.44017080563,41.2128111903
1168,Zimbabwe,2015,482199.0,391471.0,0.0,10.68591526,28.5196856,35.01902134,3.518034868330001,41.0075967641
1169,Zimbabwe,2016,313645.0,279630.0,0.0,22.40720141,48.44945429,44.14219857,5.086297941940001,38.8428355153
1170,Zimbabwe,2017,467508.0,315624.0,0.0,31.24320496,67.82509479,44.18702464,4.55303942272,38.4837329186
1171,Zimbabwe,2018,263346.0,183755.0,0.0,25.84986979,75.66717416,32.87715098,4.64483746246,38.4310437829
1172,Zimbabwe,2019,308173.0,308173.0,0.0,26.19501311,80.3168019,31.37976485,4.87974241532,36.6905648888
1173,Zimbabwe,2020,447381.0,,,26.00529901,79.07730244,30.59724625,2.15388178035,37.6666349001
