,Location,Period,FactValueNumeric,casesDuetoFalciparum,casesDuetoVivax
0,Afghanistan,2010,69798.0,6142.0,63255.0
1,Afghanistan,2011,77549.0,5581.0,71968.0
2,Afghanistan,2012,54840.0,1231.0,53609.0
3,Afghanistan,2013,52965.0,1877.0,43369.0
4,Afghanistan,2014,106478.0,3000.0,58362.0
5,Afghanistan,2015,119859.0,4004.0,82891.0
6,Afghanistan,2016,241233.0,6369.0,132407.0
7,Afghanistan,2017,313086.0,6907.0,154468.0
8,Afghanistan,2018,248689.0,6437.0,166583.0
9,Afghanistan,2019,173860.0,2701.0,170747.0
10,Afghanistan,2020,105295.0,2691.0,102316.0
11,Albania,2020,,,
12,Algeria,2010,1.0,,
13,Algeria,2011,1.0,,
14,Algeria,2012,55.0,,
15,Algeria,2013,8.0,,
16,Algeria,2014,0.0,,
17,Algeria,2015,0.0,,
18,Algeria,2016,0.0,,
19,Algeria,2017,0.0,,
20,Algeria,2018,0.0,,
21,Algeria,2019,0.0,,
22,Algeria,2020,0.0,,
23,Andorra,2020,,,
24,Angola,2010,1682870.0,,
25,Angola,2011,1632282.0,,
26,Angola,2012,1496834.0,,
27,Angola,2013,1999868.0,,
28,Angola,2014,2298979.0,,
29,Angola,2015,2769305.0,,
30,Angola,2016,3794253.0,,
31,Angola,2017,3874892.0,,
32,Angola,2018,5150575.0,,
33,Angola,2019,7054978.0,,
34,Angola,2020,6599327.0,,
35,Antigua and Barbuda,2020,,,
36,Argentina,2010,54.0,0.0,14.0
37,Argentina,2011,0.0,0.0,
38,Argentina,2012,0.0,0.0,
39,Argentina,2013,0.0,0.0,
40,Argentina,2014,0.0,0.0,
41,Argentina,2015,0.0,0.0,
42,Argentina,2016,0.0,0.0,
43,Argentina,2017,0.0,0.0,
44,Argentina,2018,0.0,0.0,
45,Argentina,2019,0.0,0.0,
46,Argentina,2020,0.0,0.0,
47,Armenia,2010,0.0,0.0,0.0
48,Armenia,2011,0.0,0.0,0.0
49,Armenia,2012,0.0,0.0,0.0
50,Armenia,2013,0.0,0.0,0.0
51,Armenia,2014,0.0,0.0,0.0
52,Armenia,2015,0.0,0.0,0.0
53,Armenia,2016,0.0,0.0,0.0
54,Armenia,2017,0.0,0.0,0.0
55,Armenia,2018,0.0,0.0,0.0
56,Armenia,2019,0.0,0.0,0.0
57,Armenia,2020,0.0,0.0,0.0
58,Australia,2020,,,
59,Austria,2020,,,
60,Azerbaijan,2010,50.0,,50.0
61,Azerbaijan,2011,4.0,,4.0
62,Azerbaijan,2012,3.0,,3.0
63,Azerbaijan,2013,0.0,,0.0
64,Azerbaijan,2014,0.0,,0.0
65,Azerbaijan,2015,0.0,,0.0
66,Azerbaijan,2016,0.0,,0.0
67,Azerbaijan,2017,0.0,,0.0
68,Azerbaijan,2018,0.0,,0.0
69,Azerbaijan,2019,0.0,,0.0
70,Azerbaijan,2020,,,
71,Bahamas,2020,,,
72,Bahrain,2020,,,
73,Bangladesh,2010,55873.0,52012.0,3824.0
74,Bangladesh,2011,51773.0,49084.0,2579.0
75,Bangladesh,2012,29518.0,27651.0,1699.0
76,Bangladesh,2013,26891.0,25815.0,983.0
77,Bangladesh,2014,57480.0,41261.0,3348.0
78,Bangladesh,2015,39590.0,26453.0,4000.0
79,Bangladesh,2016,27628.0,17269.0,3297.0
80,Bangladesh,2017,29228.0,23315.0,4442.0
81,Bangladesh,2018,10482.0,8470.0,1672.0
82,Bangladesh,2019,17219.0,14752.0,2126.0
83,Bangladesh,2020,6128.0,4744.0,1245.0
84,Barbados,2020,,,
85,Belarus,2020,,,
86,Belgium,2020,,,
87,Belize,2010,150.0,,149.0
88,Belize,2011,72.0,,72.0
89,Belize,2012,33.0,,33.0
90,Belize,2013,20.0,,20.0
91,Belize,2014,19.0,,19.0
92,Belize,2015,9.0,,9.0
93,Belize,2016,4.0,,4.0
94,Belize,2017,7.0,,5.0
95,Belize,2018,3.0,1.0,2.0
96,Belize,2019,0.0,,0.0
97,Belize,2020,0.0,,0.0
98,Benin,2011,422968.0,68745.0,
99,Benin,2012,705839.0,,
100,Benin,2013,1090602.0,,
101,Benin,2014,1309238.0,1044235.0,
102,Benin,2015,1721626.0,1268347.0,
103,Benin,2016,1610790.0,1324576.0,
104,Benin,2017,1933912.0,1696777.0,
105,Benin,2018,1975812.0,1768450.0,
106,Benin,2019,2895878.0,2895878.0,
107,Benin,2020,2516465.0,2516465.0,
108,Bhutan,2010,436.0,140.0,261.0
109,Bhutan,2011,194.0,87.0,92.0
110,Bhutan,2012,82.0,,
111,Bhutan,2013,15.0,6.0,9.0
112,Bhutan,2014,19.0,11.0,8.0
113,Bhutan,2015,34.0,13.0,21.0
114,Bhutan,2016,15.0,1.0,13.0
115,Bhutan,2017,11.0,0.0,11.0
116,Bhutan,2018,6.0,1.0,5.0
117,Bhutan,2019,2.0,0.0,2.0
118,Bhutan,2020,22.0,0.0,22.0
119,Bolivia (Plurinational State of),2010,13769.0,1165.0,12569.0
120,Bolivia (Plurinational State of),2011,7143.0,370.0,6756.0
121,Bolivia (Plurinational State of),2012,7415.0,337.0,7067.0
122,Bolivia (Plurinational State of),2013,7342.0,959.0,6346.0
123,Bolivia (Plurinational State of),2014,7401.0,325.0,7060.0
124,Bolivia (Plurinational State of),2015,6874.0,77.0,6785.0
125,Bolivia (Plurinational State of),2016,5542.0,4.0,5535.0
126,Bolivia (Plurinational State of),2017,4572.0,,4572.0
127,Bolivia (Plurinational State of),2018,5342.0,,5342.0
128,Bolivia (Plurinational State of),2019,9338.0,31.0,9299.0
129,Bolivia (Plurinational State of),2020,12180.0,66.0,12107.0
130,Bosnia and Herzegovina,2020,,,
131,Botswana,2010,1046.0,1046.0,
132,Botswana,2011,432.0,432.0,
133,Botswana,2012,193.0,193.0,
134,Botswana,2013,456.0,456.0,
135,Botswana,2014,1346.0,1346.0,
136,Botswana,2015,284.0,278.0,
137,Botswana,2016,659.0,640.0,
138,Botswana,2017,1847.0,1831.0,
139,Botswana,2018,534.0,534.0,
140,Botswana,2019,169.0,169.0,
141,Botswana,2020,884.0,884.0,
142,Brazil,2010,334667.0,47406.0,283435.0
143,Brazil,2011,267146.0,32029.0,231368.0
144,Brazil,2012,242758.0,31913.0,203018.0
145,Brazil,2013,169623.0,25928.0,137887.0
146,Brazil,2014,137888.0,21156.0,115809.0
147,Brazil,2015,141229.0,14762.0,122746.0
148,Brazil,2016,124177.0,13160.0,110340.0
149,Brazil,2017,189558.0,18614.0,169887.0
150,Brazil,2018,187757.0,17861.0,168552.0
151,Brazil,2019,153296.0,15138.0,136949.0
152,Brazil,2020,143381.0,21438.0,119898.0
153,Brunei Darussalam,2020,,,
154,Bulgaria,2020,,,
155,Burkina Faso,2010,804539.0,,
156,Burkina Faso,2011,428113.0,,
157,Burkina Faso,2012,3858046.0,,
158,Burkina Faso,2013,3769051.0,,
159,Burkina Faso,2014,5428655.0,,
160,Burkina Faso,2015,7015446.0,,
161,Burkina Faso,2016,9779411.0,,
162,Burkina Faso,2017,10557260.0,,
163,Burkina Faso,2018,10278970.0,,
164,Burkina Faso,2019,5877426.0,5877426.0,
165,Burkina Faso,2020,10600340.0,10248510.0,
166,Burundi,2010,1763447.0,,
167,Burundi,2011,1575237.0,,
168,Burundi,2012,2166690.0,,
169,Burundi,2013,4178338.0,,
170,Burundi,2014,4726299.0,,
171,Burundi,2015,5428710.0,,
172,Burundi,2016,8793176.0,,
173,Burundi,2017,8795952.0,,
174,Burundi,2018,4966511.0,,
175,Burundi,2019,9959533.0,,
176,Burundi,2020,4720103.0,3963662.0,
177,Cabo Verde,2010,47.0,47.0,
178,Cabo Verde,2011,7.0,7.0,
179,Cabo Verde,2012,1.0,1.0,
180,Cabo Verde,2013,22.0,22.0,
181,Cabo Verde,2014,26.0,26.0,
182,Cabo Verde,2015,7.0,7.0,
183,Cabo Verde,2016,48.0,48.0,
184,Cabo Verde,2017,423.0,423.0,
185,Cabo Verde,2018,2.0,2.0,
186,Cabo Verde,2019,0.0,0.0,
187,Cabo Verde,2020,0.0,0.0,
188,Cambodia,2010,96464.0,8213.0,4794.0
189,Cambodia,2011,106905.0,7054.0,5155.0
190,Cambodia,2012,69551.0,14896.0,19575.0
191,Cambodia,2013,44069.0,7092.0,11267.0
192,Cambodia,2014,69178.0,8332.0,10356.0
193,Cambodia,2015,68109.0,17830.0,13146.0
194,Cambodia,2016,43380.0,12156.0,9816.0
195,Cambodia,2017,76804.0,20328.0,15207.0
196,Cambodia,2018,62582.0,10525.0,30680.0
197,Cambodia,2019,32197.0,4834.0,26871.0
198,Cambodia,2020,15891.0,1673.0,13976.0
199,Cameroon,2011,17874.0,,
200,Cameroon,2012,66656.0,,
201,Cameroon,2013,42581.0,,
202,Cameroon,2015,1193281.0,592351.0,
203,Cameroon,2016,2476153.0,1675264.0,
204,Cameroon,2017,2244788.0,1191257.0,
205,Cameroon,2018,2257633.0,1249705.0,
206,Cameroon,2019,2819803.0,2318830.0,
207,Cameroon,2020,2890193.0,2890193.0,
208,Canada,2020,,,
209,Central African Republic,2012,87566.0,,
210,Central African Republic,2013,163701.0,,
211,Central African Republic,2014,295088.0,295088.0,
212,Central African Republic,2015,598833.0,598833.0,
213,Central African Republic,2016,1239317.0,1032764.0,
214,Central African Republic,2017,411913.0,383309.0,
215,Central African Republic,2018,972119.0,972119.0,
216,Central African Republic,2019,2416960.0,2416960.0,
217,Central African Republic,2020,1740970.0,1740970.0,
218,Chad,2010,200448.0,,
219,Chad,2011,181126.0,,
220,Chad,2012,7710.0,,
221,Chad,2013,754565.0,,
222,Chad,2014,914032.0,,
223,Chad,2015,787046.0,,
224,Chad,2016,1294768.0,,
225,Chad,2017,1962372.0,,
226,Chad,2018,1364706.0,,
227,Chad,2019,1632529.0,1480402.0,
228,Chad,2020,1544194.0,,
229,Chile,2020,,,
230,China,2010,4990.0,1269.0,3675.0
231,China,2011,1308.0,57.0,677.0
232,China,2012,244.0,16.0,179.0
233,China,2013,83.0,11.0,67.0
234,China,2014,53.0,6.0,45.0
235,China,2015,39.0,1.0,26.0
236,China,2016,1.0,0.0,1.0
237,China,2017,0.0,0.0,0.0
238,China,2018,0.0,0.0,0.0
239,China,2019,0.0,0.0,0.0
240,China,2020,0.0,0.0,0.0
241,Colombia,2010,117650.0,32900.0,83255.0
242,Colombia,2011,64436.0,14650.0,44701.0
243,Colombia,2012,60179.0,15215.0,44283.0
244,Colombia,2013,51722.0,17650.0,33345.0
245,Colombia,2014,40768.0,20067.0,20129.0
246,Colombia,2015,55334.0,27875.0,19002.0
247,Colombia,2016,82609.0,47232.0,32635.0
248,Colombia,2017,52805.0,29558.0,22132.0
249,Colombia,2018,61195.0,25483.0,18106.0
250,Colombia,2019,78109.0,40074.0,37197.0
251,Colombia,2020,75779.0,21935.0,20517.0
252,Comoros,2010,36538.0,33791.0,528.0
253,Comoros,2011,24856.0,21387.0,334.0
254,Comoros,2012,49840.0,43681.0,637.0
255,Comoros,2013,53156.0,45669.0,72.0
256,Comoros,2014,2203.0,2203.0,
257,Comoros,2015,1884.0,1300.0,
258,Comoros,2016,1467.0,1066.0,
259,Comoros,2017,3896.0,2274.0,
260,Comoros,2018,15613.0,15613.0,
261,Comoros,2019,17599.0,17599.0,
262,Comoros,2020,4546.0,4546.0,
263,Congo,2011,37744.0,37744.0,
264,Congo,2012,120319.0,120319.0,
265,Congo,2013,43232.0,43232.0,
266,Congo,2014,66323.0,66323.0,
267,Congo,2015,51529.0,51529.0,
268,Congo,2016,171847.0,171847.0,
269,Congo,2017,127939.0,127939.0,
270,Congo,2018,116903.0,116903.0,
271,Congo,2019,117837.0,117837.0,
272,Congo,2020,91538.0,91538.0,
273,Cook Islands,2020,,,
274,Costa Rica,2010,110.0,,110.0
275,Costa Rica,2011,10.0,,10.0
276,Costa Rica,2012,6.0,,
277,Costa Rica,2013,0.0,,
278,Costa Rica,2014,0.0,,
279,Costa Rica,2015,0.0,,
280,Costa Rica,2016,4.0,,4.0
281,Costa Rica,2017,12.0,,12.0
282,Costa Rica,2018,70.0,9.0,61.0
283,Costa Rica,2019,95.0,8.0,87.0
284,Costa Rica,2020,90.0,2.0,88.0
285,Croatia,2020,,,
286,Cuba,2020,,,
287,Cyprus,2020,,,
288,Czechia,2020,,,
289,Côte d’Ivoire,2010,62726.0,,
290,Côte d’Ivoire,2011,29976.0,,
291,Côte d’Ivoire,2012,1140627.0,,
292,Côte d’Ivoire,2013,2524326.0,2506953.0,
293,Côte d’Ivoire,2014,3712831.0,3712831.0,
294,Côte d’Ivoire,2015,3375904.0,3375904.0,
295,Côte d’Ivoire,2016,3754504.0,3471024.0,
296,Côte d’Ivoire,2017,4032381.0,3274683.0,
297,Côte d’Ivoire,2018,4766477.0,4766477.0,
298,Côte d’Ivoire,2019,5935178.0,5935178.0,
299,Côte d’Ivoire,2020,4980640.0,4980640.0,
300,Democratic People's Republic of Korea,2010,13520.0,0.0,13520.0
301,Democratic People's Republic of Korea,2011,16760.0,0.0,16760.0
302,Democratic People's Republic of Korea,2012,21850.0,0.0,21850.0
303,Democratic People's Republic of Korea,2013,14407.0,0.0,14407.0
304,Democratic People's Republic of Korea,2014,10535.0,0.0,10535.0
305,Democratic People's Republic of Korea,2015,7022.0,0.0,7022.0
306,Democratic People's Republic of Korea,2016,5033.0,0.0,5033.0
307,Democratic People's Republic of Korea,2017,4603.0,0.0,4603.0
308,Democratic People's Republic of Korea,2018,3698.0,0.0,3698.0
309,Democratic People's Republic of Korea,2019,1869.0,0.0,1869.0
310,Democratic People's Republic of Korea,2020,1819.0,0.0,1819.0
311,Democratic Republic of the Congo,2010,2417780.0,,
312,Democratic Republic of the Congo,2011,4561981.0,,
313,Democratic Republic of the Congo,2012,4791598.0,,
314,Democratic Republic of the Congo,2013,6719887.0,,
315,Democratic Republic of the Congo,2014,10288519.0,,
316,Democratic Republic of the Congo,2015,12538805.0,,
317,Democratic Republic of the Congo,2016,16821130.0,,
318,Democratic Republic of the Congo,2017,16793002.0,,
319,Democratic Republic of the Congo,2018,16972207.0,,
320,Democratic Republic of the Congo,2019,20480310.0,20480310.0,
321,Democratic Republic of the Congo,2020,22590646.0,,
322,Denmark,2020,,,
323,Djibouti,2010,1010.0,1010.0,
324,Djibouti,2012,25.0,20.0,
325,Djibouti,2013,1684.0,,
326,Djibouti,2014,9439.0,,
327,Djibouti,2015,9473.0,,
328,Djibouti,2016,13822.0,11781.0,2041.0
329,Djibouti,2017,14810.0,9290.0,5381.0
330,Djibouti,2018,25319.0,16130.0,9189.0
331,Djibouti,2019,49402.0,36025.0,13377.0
332,Djibouti,2020,73535.0,46537.0,26998.0
333,Dominica,2020,,,
334,Dominican Republic,2010,2482.0,2480.0,2.0
335,Dominican Republic,2011,1616.0,1614.0,2.0
336,Dominican Republic,2012,952.0,950.0,2.0
337,Dominican Republic,2013,473.0,473.0,
338,Dominican Republic,2014,459.0,459.0,
339,Dominican Republic,2015,631.0,631.0,
340,Dominican Republic,2016,690.0,690.0,
341,Dominican Republic,2017,341.0,341.0,
342,Dominican Republic,2018,433.0,433.0,
343,Dominican Republic,2019,1291.0,1291.0,
344,Dominican Republic,2020,826.0,826.0,
345,Ecuador,2010,1888.0,258.0,1630.0
346,Ecuador,2011,1218.0,290.0,928.0
347,Ecuador,2012,544.0,78.0,466.0
348,Ecuador,2013,368.0,160.0,208.0
349,Ecuador,2014,242.0,40.0,202.0
350,Ecuador,2015,618.0,184.0,434.0
351,Ecuador,2016,1191.0,403.0,788.0
352,Ecuador,2017,1275.0,309.0,963.0
353,Ecuador,2018,1653.0,149.0,1504.0
354,Ecuador,2019,1803.0,211.0,1592.0
355,Ecuador,2020,1934.0,214.0,1715.0
356,Egypt,2020,,,
357,El Salvador,2010,17.0,,17.0
358,El Salvador,2011,7.0,,7.0
359,El Salvador,2012,13.0,,13.0
360,El Salvador,2013,6.0,,6.0
361,El Salvador,2014,6.0,,6.0
362,El Salvador,2015,5.0,,5.0
363,El Salvador,2016,12.0,,12.0
364,El Salvador,2017,0.0,,0.0
365,El Salvador,2018,0.0,,0.0
366,El Salvador,2019,0.0,,0.0
367,El Salvador,2020,0.0,,0.0
368,Equatorial Guinea,2010,53813.0,53813.0,
369,Equatorial Guinea,2011,22466.0,22466.0,
370,Equatorial Guinea,2012,15169.0,15169.0,
371,Equatorial Guinea,2013,16405.0,13129.0,
372,Equatorial Guinea,2014,20417.0,17452.0,
373,Equatorial Guinea,2015,15142.0,,
374,Equatorial Guinea,2016,147714.0,,
375,Equatorial Guinea,2017,15725.0,,
376,Equatorial Guinea,2018,8962.0,,
377,Equatorial Guinea,2019,25904.0,,
378,Equatorial Guinea,2020,,,
379,Eritrea,2010,35982.0,9785.0,3989.0
380,Eritrea,2011,34848.0,10263.0,4932.0
381,Eritrea,2012,21815.0,12121.0,9204.0
382,Eritrea,2013,21317.0,12482.0,7361.0
383,Eritrea,2014,50534.0,23787.0,6780.0
384,Eritrea,2015,28036.0,14510.0,4780.0
385,Eritrea,2016,24251.0,20704.0,2999.0
386,Eritrea,2017,54005.0,21849.0,9185.0
387,Eritrea,2018,46440.0,16553.0,6108.0
388,Eritrea,2019,93878.0,75568.0,15790.0
389,Eritrea,2020,74041.0,66600.0,7119.0
390,Estonia,2020,,,
391,Eswatini,2010,268.0,87.0,
392,Eswatini,2011,379.0,189.0,
393,Eswatini,2012,409.0,192.0,
394,Eswatini,2013,728.0,253.0,
395,Eswatini,2014,389.0,389.0,
396,Eswatini,2015,318.0,318.0,
397,Eswatini,2016,250.0,250.0,
398,Eswatini,2017,440.0,440.0,
399,Eswatini,2018,686.0,686.0,
400,Eswatini,2019,239.0,239.0,
401,Eswatini,2020,233.0,233.0,
402,Ethiopia,2010,1196829.0,732776.0,390252.0
403,Ethiopia,2011,1480360.0,814547.0,665813.0
404,Ethiopia,2012,1692578.0,946595.0,745983.0
405,Ethiopia,2013,2645454.0,1687163.0,958291.0
406,Ethiopia,2014,2118815.0,1250110.0,868705.0
407,Ethiopia,2015,1867059.0,1188627.0,678432.0
408,Ethiopia,2016,1718504.0,1142235.0,576269.0
409,Ethiopia,2017,1530739.0,1059847.0,470892.0
410,Ethiopia,2018,962087.0,859675.0,102412.0
411,Ethiopia,2019,904495.0,738155.0,166340.0
412,Ethiopia,2020,1743755.0,1340869.0,263877.0
413,Fiji,2020,,,
414,Finland,2020,,,
415,France,2020,,,
416,Gabon,2010,13936.0,2157.0,720.0
417,Gabon,2012,19753.0,,
418,Gabon,2013,28982.0,26432.0,
419,Gabon,2014,31900.0,26117.0,
420,Gabon,2015,23867.0,,
421,Gabon,2016,23915.0,23915.0,
422,Gabon,2017,35244.0,35244.0,
423,Gabon,2018,111719.0,111719.0,
424,Gabon,2019,53182.0,52811.0,
425,Gabon,2020,53659.0,53659.0,
426,Gambia,2010,116353.0,64108.0,
427,Gambia,2011,268020.0,190379.0,
428,Gambia,2012,313469.0,271038.0,
429,Gambia,2013,242513.0,240792.0,
430,Gambia,2014,168256.0,99976.0,
431,Gambia,2015,246348.0,240382.0,
432,Gambia,2016,162739.0,153685.0,
433,Gambia,2017,78040.0,69931.0,
434,Gambia,2018,87448.0,87448.0,
435,Gambia,2019,53386.0,53386.0,
436,Gambia,2020,75801.0,75801.0,
437,Georgia,2010,0.0,0.0,0.0
438,Georgia,2011,0.0,0.0,0.0
439,Georgia,2012,0.0,0.0,0.0
440,Georgia,2013,0.0,0.0,0.0
441,Georgia,2014,0.0,0.0,0.0
442,Georgia,2015,0.0,0.0,0.0
443,Georgia,2016,0.0,0.0,0.0
444,Georgia,2017,0.0,0.0,0.0
445,Georgia,2018,0.0,0.0,0.0
446,Georgia,2019,0.0,0.0,0.0
447,Georgia,2020,0.0,0.0,0.0
448,Germany,2020,,,
449,Ghana,2010,1071637.0,926447.0,
450,Ghana,2011,1041260.0,593518.0,
451,Ghana,2012,3755166.0,3755166.0,
452,Ghana,2013,1643642.0,1629198.0,
453,Ghana,2014,3415912.0,3415912.0,
454,Ghana,2015,5657096.0,4319919.0,
455,Ghana,2016,5428979.0,4421788.0,
456,Ghana,2017,7003155.0,4266541.0,
457,Ghana,2018,4931454.0,4808163.0,
458,Ghana,2019,6115267.0,6075297.0,
459,Ghana,2020,5447563.0,5412537.0,
460,Greece,2020,,,
461,Grenada,2020,,,
462,Guatemala,2010,7384.0,30.0,7163.0
463,Guatemala,2011,6817.0,64.0,6707.0
464,Guatemala,2012,5346.0,54.0,5278.0
465,Guatemala,2013,6214.0,101.0,6062.0
466,Guatemala,2014,4929.0,24.0,4839.0
467,Guatemala,2015,5538.0,43.0,5487.0
468,Guatemala,2016,5000.0,4.0,4849.0
469,Guatemala,2017,4121.0,0.0,3744.0
470,Guatemala,2018,3018.0,0.0,3018.0
471,Guatemala,2019,2069.0,0.0,2069.0
472,Guatemala,2020,1058.0,0.0,1058.0
473,Guinea,2010,20936.0,20936.0,
474,Guinea,2011,95574.0,5450.0,
475,Guinea,2012,340258.0,191421.0,
476,Guinea,2013,211257.0,63353.0,
477,Guinea,2014,660207.0,660207.0,
478,Guinea,2015,810979.0,810979.0,
479,Guinea,2016,992146.0,992146.0,
480,Guinea,2017,1335323.0,1335323.0,
481,Guinea,2018,1214996.0,1214996.0,
482,Guinea,2019,2143225.0,2143225.0,
483,Guinea,2020,2008976.0,2008976.0,
484,Guinea-Bissau,2010,50391.0,,
485,Guinea-Bissau,2011,71982.0,,
486,Guinea-Bissau,2012,50381.0,,
487,Guinea-Bissau,2013,54584.0,,
488,Guinea-Bissau,2014,97424.0,,
489,Guinea-Bissau,2015,150085.0,96520.0,
490,Guinea-Bissau,2016,156471.0,97889.0,
491,Guinea-Bissau,2017,152619.0,89784.0,
492,Guinea-Bissau,2018,171075.0,125511.0,
493,Guinea-Bissau,2019,160907.0,115232.0,
494,Guinea-Bissau,2020,,,
495,Guyana,2010,22935.0,11244.0,8402.0
496,Guyana,2011,29471.0,15945.0,9066.0
497,Guyana,2012,31601.0,16695.0,11225.0
498,Guyana,2013,31479.0,13655.0,13953.0
499,Guyana,2014,12354.0,3943.0,7173.0
500,Guyana,2015,9984.0,3219.0,6002.0
501,Guyana,2016,10697.0,3576.0,6081.0
502,Guyana,2017,13936.0,5141.0,7645.0
503,Guyana,2018,17038.0,6033.0,9854.0
504,Guyana,2019,18826.0,5737.0,11940.0
505,Guyana,2020,17230.0,5544.0,10901.0
506,Haiti,2010,84153.0,84153.0,0.0
507,Haiti,2011,34350.0,32969.0,0.0
508,Haiti,2012,27866.0,25423.0,0.0
509,Haiti,2013,26543.0,20957.0,0.0
510,Haiti,2014,17696.0,17696.0,0.0
511,Haiti,2015,17583.0,17583.0,0.0
512,Haiti,2016,21430.0,21430.0,0.0
513,Haiti,2017,19135.0,19135.0,0.0
514,Haiti,2018,8828.0,8828.0,0.0
515,Haiti,2019,10687.0,10687.0,0.0
516,Haiti,2020,22987.0,,
517,Honduras,2010,9745.0,866.0,8759.0
518,Honduras,2011,7618.0,581.0,7013.0
519,Honduras,2012,6439.0,559.0,5856.0
520,Honduras,2013,5364.0,1073.0,4245.0
521,Honduras,2014,3378.0,528.0,2813.0
522,Honduras,2015,3555.0,902.0,2626.0
523,Honduras,2016,4094.0,1310.0,2744.0
524,Honduras,2017,1266.0,128.0,1145.0
525,Honduras,2018,632.0,55.0,576.0
526,Honduras,2019,330.0,11.0,319.0
527,Honduras,2020,815.0,223.0,576.0
528,Hungary,2020,,,
529,Iceland,2020,,,
530,India,2010,1599986.0,830779.0,765622.0
531,India,2011,1310656.0,662748.0,645652.0
532,India,2012,1067824.0,524370.0,534129.0
533,India,2013,881730.0,462079.0,417884.0
534,India,2014,1102205.0,720795.0,379659.0
535,India,2015,1169261.0,774627.0,390440.0
536,India,2016,1087285.0,706257.0,375783.0
537,India,2017,844558.0,525637.0,315028.0
538,India,2018,429928.0,204733.0,222730.0
539,India,2019,338494.0,154645.0,181514.0
540,India,2020,186532.0,117567.0,67444.0
541,Indonesia,2010,465764.0,220077.0,187583.0
542,Indonesia,2011,422447.0,200662.0,187989.0
543,Indonesia,2012,417819.0,199977.0,187583.0
544,Indonesia,2013,343527.0,170848.0,150985.0
545,Indonesia,2014,252027.0,126397.0,107260.0
546,Indonesia,2015,217017.0,103315.0,94267.0
547,Indonesia,2016,218449.0,118844.0,81748.0
548,Indonesia,2017,261557.0,143926.0,95694.0
549,Indonesia,2018,221916.0,101725.0,70867.0
550,Indonesia,2019,250541.0,142036.0,86742.0
551,Indonesia,2020,253955.0,141807.0,83743.0
552,Iran (Islamic Republic of),2010,1847.0,166.0,1656.0
553,Iran (Islamic Republic of),2011,1632.0,152.0,1502.0
554,Iran (Islamic Republic of),2012,756.0,44.0,711.0
555,Iran (Islamic Republic of),2013,479.0,72.0,426.0
556,Iran (Islamic Republic of),2014,358.0,21.0,351.0
557,Iran (Islamic Republic of),2015,167.0,8.0,157.0
558,Iran (Islamic Republic of),2016,81.0,0.0,79.0
559,Iran (Islamic Republic of),2017,57.0,2.0,55.0
560,Iran (Islamic Republic of),2018,0.0,0.0,0.0
561,Iran (Islamic Republic of),2019,0.0,0.0,0.0
562,Iran (Islamic Republic of),2020,0.0,0.0,0.0
563,Iraq,2020,,,
564,Ireland,2020,,,
565,Israel,2020,,,
566,Italy,2020,,,
567,Jamaica,2020,,,
568,Japan,2020,,,
569,Jordan,2020,,,
570,Kazakhstan,2020,,,
571,Kenya,2010,898531.0,898531.0,
572,Kenya,2011,1002805.0,1002805.0,
573,Kenya,2012,1453471.0,1453471.0,
574,Kenya,2013,2375129.0,2335286.0,
575,Kenya,2014,2851555.0,2808931.0,
576,Kenya,2015,2041277.0,1499027.0,
577,Kenya,2016,3064796.0,2783846.0,
578,Kenya,2017,3607026.0,3215116.0,
579,Kenya,2018,2318090.0,1521566.0,
580,Kenya,2019,5019389.0,5019389.0,
581,Kenya,2020,3659170.0,3659170.0,
582,Kiribati,2020,,,
583,Kuwait,2020,,,
584,Kyrgyzstan,2010,3.0,,3.0
585,Kyrgyzstan,2011,0.0,0.0,0.0
586,Kyrgyzstan,2012,0.0,0.0,0.0
587,Kyrgyzstan,2013,0.0,0.0,0.0
588,Kyrgyzstan,2014,0.0,0.0,0.0
589,Kyrgyzstan,2015,0.0,0.0,0.0
590,Kyrgyzstan,2016,0.0,0.0,0.0
591,Kyrgyzstan,2017,0.0,0.0,0.0
592,Kyrgyzstan,2018,0.0,0.0,0.0
593,Kyrgyzstan,2019,0.0,0.0,0.0
594,Kyrgyzstan,2020,0.0,0.0,0.0
595,Lao People's Democratic Republic,2010,22879.0,22476.0,427.0
596,Lao People's Democratic Republic,2011,17532.0,16556.0,962.0
597,Lao People's Democratic Republic,2012,46153.0,37685.0,7594.0
598,Lao People's Democratic Republic,2013,39589.0,25441.0,13067.0
599,Lao People's Democratic Republic,2014,50674.0,25317.0,23763.0
600,Lao People's Democratic Republic,2015,36078.0,14439.0,20815.0
601,Lao People's Democratic Republic,2016,15509.0,5737.0,9441.0
602,Lao People's Democratic Republic,2017,8435.0,4169.0,4104.0
603,Lao People's Democratic Republic,2018,9038.0,4828.0,4099.0
604,Lao People's Democratic Republic,2019,6692.0,2168.0,4445.0
605,Lao People's Democratic Republic,2020,3494.0,1575.0,1882.0
606,Latvia,2020,,,
607,Lebanon,2020,,,
608,Lesotho,2020,,,
609,Liberia,2010,922173.0,212927.0,
610,Liberia,2011,1921159.0,577641.0,
611,Liberia,2012,1412629.0,1407455.0,
612,Liberia,2013,1244220.0,1244220.0,
613,Liberia,2014,881224.0,864204.0,
614,Liberia,2015,941711.0,,
615,Liberia,2016,1191137.0,809356.0,
616,Liberia,2017,1093115.0,,
617,Liberia,2019,915845.0,915845.0,
618,Liberia,2020,,,
619,Libya,2020,,,
620,Lithuania,2020,,,
621,Luxembourg,2020,,,
622,Madagascar,2010,202450.0,,
623,Madagascar,2011,224498.0,,
624,Madagascar,2012,402900.0,,
625,Madagascar,2013,433450.0,,
626,Madagascar,2014,470212.0,,
627,Madagascar,2015,938490.0,,
628,Madagascar,2016,686024.0,,
629,Madagascar,2017,985852.0,,
630,Madagascar,2018,972790.0,,
631,Madagascar,2019,970828.0,,
632,Madagascar,2020,1950471.0,1949964.0,253.0
633,Malawi,2011,304499.0,,
634,Malawi,2012,1564984.0,1564984.0,
635,Malawi,2013,1280892.0,1280892.0,
636,Malawi,2014,2905310.0,2905310.0,
637,Malawi,2015,3661238.0,3585315.0,
638,Malawi,2016,4827373.0,4730835.0,
639,Malawi,2017,4947443.0,4901344.0,
640,Malawi,2018,5865476.0,5830741.0,
641,Malawi,2019,5184107.0,4287578.0,
642,Malawi,2020,7139065.0,7057864.0,
643,Malaysia,2010,5194.0,1344.0,1750.0
644,Malaysia,2011,3954.0,634.0,915.0
645,Malaysia,2012,3662.0,651.0,385.0
646,Malaysia,2013,1028.0,422.0,241.0
647,Malaysia,2014,596.0,177.0,85.0
648,Malaysia,2015,242.0,110.0,84.0
649,Malaysia,2016,266.0,67.0,178.0
650,Malaysia,2017,85.0,18.0,59.0
651,Malaysia,2018,0.0,0.0,0.0
652,Malaysia,2019,0.0,0.0,0.0
653,Malaysia,2020,0.0,0.0,0.0
654,Maldives,2020,,,
655,Mali,2010,239787.0,,
656,Mali,2011,307035.0,,
657,Mali,2012,886482.0,,
658,Mali,2013,1506940.0,,
659,Mali,2014,2039853.0,,
660,Mali,2015,2454508.0,,
661,Mali,2016,2311098.0,,
662,Mali,2017,2277218.0,,
663,Mali,2018,2345475.0,,
664,Mali,2019,3221535.0,3165483.0,
665,Mali,2020,2666266.0,2666266.0,
666,Malta,2020,,,
667,Marshall Islands,2020,,,
668,Mauritania,2010,1994.0,,
669,Mauritania,2011,2926.0,,
670,Mauritania,2012,1888.0,,
671,Mauritania,2013,1587.0,,
672,Mauritania,2014,15835.0,,
673,Mauritania,2015,22631.0,,
674,Mauritania,2016,29156.0,,
675,Mauritania,2017,20105.0,,
676,Mauritania,2018,30609.0,,
677,Mauritania,2019,14869.0,,
678,Mauritania,2020,12425.0,,
679,Mauritius,2020,,,
680,Mexico,2010,1226.0,,1226.0
681,Mexico,2011,1124.0,,1124.0
682,Mexico,2012,833.0,,833.0
683,Mexico,2013,495.0,,495.0
684,Mexico,2014,656.0,,656.0
685,Mexico,2015,517.0,,517.0
686,Mexico,2016,551.0,,551.0
687,Mexico,2017,736.0,,736.0
688,Mexico,2018,803.0,,803.0
689,Mexico,2019,618.0,,618.0
690,Mexico,2020,356.0,,356.0
691,Micronesia (Federated States of),2020,,,
692,Monaco,2020,,,
693,Mongolia,2020,,,
694,Montenegro,2020,,,
695,Morocco,2020,,,
696,Mozambique,2010,1522577.0,878009.0,
697,Mozambique,2011,1756874.0,663132.0,
698,Mozambique,2012,1853276.0,927841.0,
699,Mozambique,2013,3282172.0,2998874.0,
700,Mozambique,2014,7407175.0,7117648.0,
701,Mozambique,2015,8222814.0,7718782.0,
702,Mozambique,2016,9690873.0,8520376.0,
703,Mozambique,2017,9892601.0,8921081.0,
704,Mozambique,2018,10304472.0,9292928.0,
705,Mozambique,2019,11734926.0,11734926.0,
706,Mozambique,2020,11318685.0,11318685.0,
707,Myanmar,2010,420808.0,388464.0,29944.0
708,Myanmar,2011,465294.0,433146.0,28966.0
709,Myanmar,2012,481204.0,314676.0,135385.0
710,Myanmar,2013,333871.0,222770.0,98860.0
711,Myanmar,2014,205658.0,138311.0,61830.0
712,Myanmar,2015,182616.0,110449.0,65536.0
713,Myanmar,2016,110146.0,62917.0,43748.0
714,Myanmar,2017,85019.0,50730.0,32070.0
715,Myanmar,2018,76518.0,38483.0,36502.0
716,Myanmar,2019,56640.0,23017.0,32788.0
717,Myanmar,2020,58825.0,15191.0,43578.0
718,Namibia,2010,556.0,556.0,
719,Namibia,2011,1525.0,335.0,
720,Namibia,2012,194.0,194.0,
721,Namibia,2013,4775.0,136.0,
722,Namibia,2014,15692.0,15692.0,
723,Namibia,2015,9162.0,9162.0,
724,Namibia,2016,19510.0,19510.0,
725,Namibia,2017,54268.0,54268.0,
726,Namibia,2018,30567.0,30567.0,
727,Namibia,2019,2376.0,2340.0,6.0
728,Namibia,2020,12331.0,,
729,Nauru,2020,,,
730,Nepal,2010,3894.0,550.0,2349.0
731,Nepal,2011,2335.0,240.0,1208.0
732,Nepal,2012,2204.0,184.0,872.0
733,Nepal,2013,1974.0,273.0,1659.0
734,Nepal,2014,832.0,81.0,693.0
735,Nepal,2015,591.0,67.0,504.0
736,Nepal,2016,507.0,61.0,433.0
737,Nepal,2017,623.0,25.0,587.0
738,Nepal,2018,493.0,5.0,488.0
739,Nepal,2019,127.0,9.0,118.0
740,Nepal,2020,73.0,5.0,68.0
741,Netherlands,2020,,,
742,New Zealand,2020,,,
743,Nicaragua,2010,692.0,154.0,538.0
744,Nicaragua,2011,925.0,150.0,775.0
745,Nicaragua,2012,1235.0,236.0,999.0
746,Nicaragua,2013,1162.0,208.0,954.0
747,Nicaragua,2014,1142.0,155.0,985.0
748,Nicaragua,2015,2279.0,338.0,1937.0
749,Nicaragua,2016,6267.0,1285.0,4965.0
750,Nicaragua,2017,10949.0,1836.0,9080.0
751,Nicaragua,2018,15917.0,1319.0,14553.0
752,Nicaragua,2019,13200.0,2398.0,10679.0
753,Nicaragua,2020,25505.0,11250.0,13421.0
754,Niger,2010,642774.0,601455.0,
755,Niger,2011,838585.0,757449.0,
756,Niger,2012,2329260.0,2185060.0,
757,Niger,2013,2373591.0,2306354.0,
758,Niger,2014,3963768.0,3828486.0,
759,Niger,2015,2392108.0,2267867.0,
760,Niger,2016,4258110.0,3961178.0,
761,Niger,2017,2761268.0,2638580.0,
762,Niger,2018,3046450.0,3046450.0,
763,Niger,2019,3771451.0,3748155.0,
764,Niger,2020,4377938.0,4154337.0,
765,Nigeria,2010,551187.0,523513.0,
766,Nigeria,2014,8572322.0,,
767,Nigeria,2015,8068583.0,,
768,Nigeria,2016,13598282.0,,
769,Nigeria,2017,13087878.0,,
770,Nigeria,2018,14548024.0,,
771,Nigeria,2019,19806915.0,,
772,Nigeria,2020,18325240.0,,
773,Niue,2020,,,
774,Norway,2020,,,
775,Oman,2020,,,
776,Pakistan,2010,240591.0,73857.0,143136.0
777,Pakistan,2011,334589.0,73925.0,205879.0
778,Pakistan,2012,290781.0,95095.0,228215.0
779,Pakistan,2013,281755.0,46974.0,215655.0
780,Pakistan,2014,275149.0,33391.0,232332.0
781,Pakistan,2015,202013.0,30075.0,163872.0
782,Pakistan,2016,324466.0,42011.0,257962.0
783,Pakistan,2017,369817.0,54407.0,300623.0
784,Pakistan,2018,374510.0,55639.0,314572.0
785,Pakistan,2019,413533.0,87169.0,323355.0
786,Pakistan,2020,371828.0,74899.0,293077.0
787,Palau,2020,,,
788,Panama,2010,418.0,20.0,398.0
789,Panama,2011,354.0,1.0,353.0
790,Panama,2012,844.0,1.0,843.0
791,Panama,2013,696.0,,696.0
792,Panama,2014,864.0,,864.0
793,Panama,2015,546.0,,546.0
794,Panama,2016,769.0,21.0,748.0
795,Panama,2017,649.0,1.0,648.0
796,Panama,2018,684.0,0.0,684.0
797,Panama,2019,1580.0,9.0,1196.0
798,Panama,2020,2190.0,8.0,2181.0
799,Papua New Guinea,2010,93956.0,56735.0,13171.0
800,Papua New Guinea,2011,84060.0,59153.0,9654.0
801,Papua New Guinea,2012,150195.0,58747.0,7108.0
802,Papua New Guinea,2013,316125.0,119469.0,7579.0
803,Papua New Guinea,2014,314036.0,120641.0,78846.0
804,Papua New Guinea,2015,346431.0,118452.0,62228.0
805,Papua New Guinea,2016,534819.0,183686.0,95328.0
806,Papua New Guinea,2017,488878.0,163160.0,113561.0
807,Papua New Guinea,2018,516249.0,174818.0,138006.0
808,Papua New Guinea,2019,646648.0,181463.0,163237.0
809,Papua New Guinea,2020,750254.0,189397.0,186981.0
810,Paraguay,2010,20.0,,20.0
811,Paraguay,2011,1.0,,1.0
812,Paraguay,2012,0.0,,
813,Paraguay,2013,0.0,,
814,Paraguay,2014,0.0,,
815,Paraguay,2015,0.0,,
816,Paraguay,2016,0.0,,
817,Paraguay,2017,0.0,,
818,Paraguay,2018,0.0,,
819,Paraguay,2019,0.0,,
820,Paraguay,2020,0.0,,
821,Peru,2010,31545.0,2291.0,29168.0
822,Peru,2011,25005.0,2929.0,21984.0
823,Peru,2012,31436.0,3399.0,28030.0
824,Peru,2013,48719.0,7890.0,40829.0
825,Peru,2014,65252.0,10416.0,54819.0
826,Peru,2015,61865.0,12569.0,49287.0
827,Peru,2016,56623.0,15319.0,41287.0
828,Peru,2017,55367.0,13173.0,42044.0
829,Peru,2018,45443.0,9438.0,36005.0
830,Peru,2019,24324.0,4724.0,19600.0
831,Peru,2020,15822.0,3198.0,12624.0
832,Philippines,2010,19102.0,11824.0,2885.0
833,Philippines,2011,9583.0,6877.0,2380.0
834,Philippines,2012,8086.0,4774.0,2189.0
835,Philippines,2013,7720.0,4968.0,1357.0
836,Philippines,2014,6019.0,3760.0,834.0
837,Philippines,2015,11324.0,4769.0,755.0
838,Philippines,2016,6627.0,5282.0,816.0
839,Philippines,2017,6722.0,3107.0,528.0
840,Philippines,2018,4559.0,1310.0,116.0
841,Philippines,2019,5681.0,5034.0,537.0
842,Philippines,2020,6094.0,5234.0,736.0
843,Poland,2020,,,
844,Portugal,2020,,,
845,Qatar,2020,,,
846,Republic of Korea,2010,1267.0,,
847,Republic of Korea,2011,505.0,,
848,Republic of Korea,2012,394.0,,
849,Republic of Korea,2013,383.0,,383.0
850,Republic of Korea,2014,557.0,,557.0
851,Republic of Korea,2015,627.0,0.0,627.0
852,Republic of Korea,2016,602.0,0.0,602.0
853,Republic of Korea,2017,436.0,0.0,436.0
854,Republic of Korea,2018,501.0,0.0,501.0
855,Republic of Korea,2019,485.0,0.0,485.0
856,Republic of Korea,2020,356.0,0.0,356.0
857,Republic of Moldova,2020,,,
858,Romania,2020,,,
859,Russian Federation,2020,,,
860,Rwanda,2010,669322.0,638669.0,
861,Rwanda,2011,273293.0,208858.0,
862,Rwanda,2012,483470.0,483470.0,
863,Rwanda,2013,962618.0,962618.0,
864,Rwanda,2014,1623176.0,1623176.0,
865,Rwanda,2015,2505794.0,,
866,Rwanda,2016,3380568.0,,
867,Rwanda,2017,5940533.0,2927780.0,
868,Rwanda,2018,4231883.0,1657793.0,
869,Rwanda,2019,3612822.0,1306846.0,
870,Rwanda,2020,2043392.0,,
871,Saint Kitts and Nevis,2020,,,
872,Saint Lucia,2020,,,
873,Saint Vincent and the Grenadines,2020,,,
874,Samoa,2020,,,
875,San Marino,2020,,,
876,Sao Tome and Principe,2010,2740.0,2219.0,14.0
877,Sao Tome and Principe,2011,8442.0,6363.0,4.0
878,Sao Tome and Principe,2012,12550.0,10700.0,1.0
879,Sao Tome and Principe,2013,9243.0,9242.0,1.0
880,Sao Tome and Principe,2014,1754.0,1754.0,
881,Sao Tome and Principe,2015,2056.0,2055.0,
882,Sao Tome and Principe,2016,2238.0,2238.0,
883,Sao Tome and Principe,2017,2239.0,2239.0,
884,Sao Tome and Principe,2018,2937.0,2937.0,
885,Sao Tome and Principe,2019,2732.0,2447.0,
886,Sao Tome and Principe,2020,1933.0,1648.0,
887,Saudi Arabia,2010,29.0,29.0,
888,Saudi Arabia,2011,69.0,69.0,
889,Saudi Arabia,2012,82.0,82.0,
890,Saudi Arabia,2013,34.0,34.0,
891,Saudi Arabia,2014,30.0,30.0,
892,Saudi Arabia,2015,83.0,83.0,
893,Saudi Arabia,2016,272.0,270.0,2.0
894,Saudi Arabia,2017,177.0,172.0,5.0
895,Saudi Arabia,2018,61.0,57.0,4.0
896,Saudi Arabia,2019,38.0,38.0,
897,Saudi Arabia,2020,83.0,83.0,
898,Senegal,2010,330331.0,330331.0,
899,Senegal,2011,274119.0,274119.0,
900,Senegal,2012,280241.0,280241.0,
901,Senegal,2013,366687.0,366687.0,
902,Senegal,2014,268912.0,268912.0,
903,Senegal,2015,492253.0,492253.0,
904,Senegal,2016,349540.0,349540.0,
905,Senegal,2017,395706.0,395706.0,
906,Senegal,2018,530652.0,530652.0,
907,Senegal,2019,354663.0,354663.0,
908,Senegal,2020,445313.0,445313.0,
909,Serbia,2020,,,
910,Seychelles,2020,,,
911,Sierra Leone,2010,934028.0,218473.0,
912,Sierra Leone,2011,638859.0,25511.0,
913,Sierra Leone,2012,1537322.0,1537322.0,
914,Sierra Leone,2013,1701958.0,1701958.0,
915,Sierra Leone,2014,1374476.0,1374476.0,
916,Sierra Leone,2015,1483376.0,1483376.0,
917,Sierra Leone,2016,1775306.0,1775306.0,
918,Sierra Leone,2017,1651236.0,1651236.0,
919,Sierra Leone,2018,1733831.0,1733831.0,
920,Sierra Leone,2019,2407505.0,2407505.0,
921,Sierra Leone,2020,725006.0,725006.0,
922,Singapore,2020,,,
923,Slovakia,2020,,,
924,Slovenia,2020,,,
925,Solomon Islands,2010,39704.0,22892.0,12281.0
926,Solomon Islands,2011,26657.0,14454.0,8665.0
927,Solomon Islands,2012,24383.0,14748.0,9339.0
928,Solomon Islands,2013,25609.0,13194.0,11628.0
929,Solomon Islands,2014,18404.0,9835.0,7845.0
930,Solomon Islands,2015,23998.0,10478.0,12150.0
931,Solomon Islands,2016,54432.0,16607.0,33060.0
932,Solomon Islands,2017,52519.0,15400.0,30169.0
933,Solomon Islands,2018,59191.0,15771.0,35072.0
934,Solomon Islands,2019,72767.0,15595.0,47164.0
935,Solomon Islands,2020,77637.0,14753.0,52039.0
936,Somalia,2010,24833.0,5629.0,
937,Somalia,2011,3351.0,,
938,Somalia,2012,6817.0,,
939,Somalia,2013,7407.0,,
940,Somalia,2014,11001.0,,
941,Somalia,2015,20953.0,,
942,Somalia,2016,35628.0,,
943,Somalia,2017,35138.0,,
944,Somalia,2018,31021.0,,
945,Somalia,2019,39687.0,36766.0,2921.0
946,Somalia,2020,27333.0,,
947,South Africa,2010,8060.0,2181.0,0.0
948,South Africa,2011,9866.0,4206.0,14.0
949,South Africa,2012,6621.0,4565.0,5.0
950,South Africa,2013,8645.0,8645.0,
951,South Africa,2014,11705.0,11563.0,
952,South Africa,2015,4959.0,4344.0,5.0
953,South Africa,2016,4323.0,4323.0,
954,South Africa,2017,23381.0,23381.0,
955,South Africa,2018,9540.0,9540.0,
956,South Africa,2019,3096.0,3096.0,
957,South Africa,2020,4463.0,3173.0,
958,South Sudan,2010,900283.0,,
959,South Sudan,2011,112024.0,112024.0,
960,South Sudan,2012,225371.0,,
961,South Sudan,2013,262520.0,,
962,South Sudan,2014,71377.0,,
963,South Sudan,2015,24371.0,24371.0,
964,South Sudan,2016,7619.0,7619.0,
965,South Sudan,2017,1488005.0,1488005.0,
966,South Sudan,2018,98843.0,3242.0,
967,South Sudan,2019,1903742.0,1902505.0,
968,South Sudan,2020,661922.0,145954.0,2205.0
969,Spain,2020,,,
970,Sri Lanka,2010,684.0,6.0,669.0
971,Sri Lanka,2011,124.0,3.0,119.0
972,Sri Lanka,2012,23.0,4.0,19.0
973,Sri Lanka,2013,0.0,,
974,Sri Lanka,2014,0.0,,
975,Sri Lanka,2015,0.0,0.0,0.0
976,Sri Lanka,2016,0.0,0.0,0.0
977,Sri Lanka,2017,0.0,0.0,0.0
978,Sri Lanka,2018,0.0,0.0,0.0
979,Sri Lanka,2019,0.0,0.0,0.0
980,Sri Lanka,2020,0.0,0.0,0.0
981,Sudan,2010,720557.0,,
982,Sudan,2011,506806.0,,
983,Sudan,2012,526931.0,,
984,Sudan,2013,592383.0,,
985,Sudan,2014,1068506.0,,
986,Sudan,2015,586827.0,,
987,Sudan,2016,566015.0,333009.0,82175.0
988,Sudan,2017,800116.0,580145.0,58335.0
989,Sudan,2018,1638017.0,1286915.0,143314.0
990,Sudan,2019,1752011.0,1363507.0,194904.0
991,Sudan,2020,1698394.0,1272738.0,170202.0
992,Suriname,2010,1771.0,638.0,817.0
993,Suriname,2011,795.0,331.0,382.0
994,Suriname,2012,569.0,126.0,167.0
995,Suriname,2013,729.0,322.0,322.0
996,Suriname,2014,401.0,165.0,78.0
997,Suriname,2015,81.0,17.0,61.0
998,Suriname,2016,76.0,6.0,69.0
999,Suriname,2017,19.0,1.0,17.0
1000,Suriname,2018,29.0,5.0,23.0
1001,Suriname,2019,95.0,0.0,95.0
1002,Suriname,2020,147.0,0.0,147.0
1003,Sweden,2020,,,
1004,Switzerland,2020,,,
1005,Syrian Arab Republic,2020,,,
1006,Tajikistan,2010,112.0,1.0,111.0
1007,Tajikistan,2011,78.0,5.0,73.0
1008,Tajikistan,2012,28.0,,
1009,Tajikistan,2013,4.0,,
1010,Tajikistan,2014,2.0,,
1011,Tajikistan,2015,0.0,0.0,0.0
1012,Tajikistan,2016,0.0,0.0,0.0
1013,Tajikistan,2017,0.0,0.0,0.0
1014,Tajikistan,2018,0.0,0.0,0.0
1015,Tajikistan,2019,0.0,0.0,0.0
1016,Tajikistan,2020,0.0,0.0,0.0
1017,Thailand,2010,32480.0,9401.0,13401.0
1018,Thailand,2011,24897.0,5710.0,8608.0
1019,Thailand,2012,46895.0,11553.0,17506.0
1020,Thailand,2013,41602.0,14449.0,15573.0
1021,Thailand,2014,41218.0,13743.0,20513.0
1022,Thailand,2015,8022.0,3291.0,4655.0
1023,Thailand,2016,7428.0,1609.0,5765.0
1024,Thailand,2017,5694.0,846.0,4802.0
1025,Thailand,2018,4077.0,447.0,3575.0
1026,Thailand,2019,3198.0,391.0,2752.0
1027,Thailand,2020,3009.0,155.0,2892.0
1028,The former Yugoslav Republic of Macedonia,2020,,,
1029,Timor-Leste,2010,48137.0,28350.0,11432.0
1030,Timor-Leste,2011,19739.0,14261.0,3758.0
1031,Timor-Leste,2012,5518.0,1962.0,2288.0
1032,Timor-Leste,2013,1223.0,373.0,512.0
1033,Timor-Leste,2014,411.0,118.0,139.0
1034,Timor-Leste,2015,80.0,33.0,24.0
1035,Timor-Leste,2016,81.0,46.0,7.0
1036,Timor-Leste,2017,16.0,4.0,3.0
1037,Timor-Leste,2018,0.0,0.0,0.0
1038,Timor-Leste,2019,0.0,0.0,0.0
1039,Timor-Leste,2020,3.0,2.0,0.0
1040,Togo,2010,1019029.0,1018801.0,
1041,Togo,2011,506764.0,506741.0,
1042,Togo,2012,909129.0,909120.0,
1043,Togo,2013,965832.0,965824.0,
1044,Togo,2014,1524339.0,1524322.0,
1045,Togo,2015,1610711.0,1610568.0,
1046,Togo,2016,1746334.0,1746101.0,
1047,Togo,2017,1756582.0,1756331.0,
1048,Togo,2018,2002877.0,2002712.0,
1049,Togo,2019,2406091.0,2402967.0,
1050,Togo,2020,,,
1051,Tonga,2020,,,
1052,Trinidad and Tobago,2020,,,
1053,Tunisia,2020,,,
1054,Turkmenistan,2010,0.0,0.0,0.0
1055,Turkmenistan,2011,0.0,0.0,0.0
1056,Turkmenistan,2012,0.0,0.0,0.0
1057,Turkmenistan,2013,0.0,0.0,0.0
1058,Turkmenistan,2014,0.0,0.0,0.0
1059,Turkmenistan,2015,0.0,0.0,0.0
1060,Turkmenistan,2016,0.0,0.0,0.0
1061,Turkmenistan,2017,0.0,0.0,0.0
1062,Turkmenistan,2018,0.0,0.0,0.0
1063,Turkmenistan,2020,,,
1064,Tuvalu,2020,,,
1065,Türkiye,2010,0.0,0.0,0.0
1066,Türkiye,2011,0.0,0.0,0.0
1067,Türkiye,2012,0.0,0.0,0.0
1068,Türkiye,2013,0.0,0.0,0.0
1069,Türkiye,2014,0.0,0.0,0.0
1070,Türkiye,2015,0.0,0.0,0.0
1071,Türkiye,2016,0.0,0.0,0.0
1072,Türkiye,2017,0.0,0.0,0.0
1073,Türkiye,2020,,,
1074,Uganda,2010,1628595.0,1565348.0,15812.0
1075,Uganda,2011,231873.0,231873.0,
1076,Uganda,2012,2662258.0,2662258.0,
1077,Uganda,2013,1502362.0,1502362.0,
1078,Uganda,2014,3631939.0,3631939.0,
1079,Uganda,2015,7412747.0,7137662.0,
1080,Uganda,2016,9735849.0,9385132.0,
1081,Uganda,2017,11667831.0,11667831.0,
1082,Uganda,2018,5759174.0,5759174.0,
1083,Uganda,2019,13982362.0,13982362.0,
1084,Uganda,2020,14196657.0,,
1085,Ukraine,2020,,,
1086,United Arab Emirates,2020,,,
1087,United Kingdom of Great Britain and Northern Ireland,2020,,,
1088,United Republic of Tanzania,2010,1279362.0,1279362.0,
1089,United Republic of Tanzania,2011,2151236.0,1817668.0,
1090,United Republic of Tanzania,2012,1987629.0,1774792.0,
1091,United Republic of Tanzania,2013,1554117.0,71132.0,
1092,United Republic of Tanzania,2014,680442.0,108844.0,
1093,United Republic of Tanzania,2015,4900085.0,413615.0,
1094,United Republic of Tanzania,2016,5762373.0,5015.0,
1095,United Republic of Tanzania,2017,5744907.0,1733.0,
1096,United Republic of Tanzania,2018,6051844.0,1462.0,
1097,United Republic of Tanzania,2019,5908168.0,1338.0,12.0
1098,United Republic of Tanzania,2020,5969953.0,5678149.0,0.0
1099,United States of America,2020,,,
1100,Uruguay,2020,,,
1101,Uzbekistan,2010,3.0,0.0,3.0
1102,Uzbekistan,2011,0.0,0.0,0.0
1103,Uzbekistan,2012,0.0,0.0,0.0
1104,Uzbekistan,2013,0.0,0.0,0.0
1105,Uzbekistan,2014,0.0,0.0,0.0
1106,Uzbekistan,2015,0.0,0.0,0.0
1107,Uzbekistan,2016,0.0,0.0,0.0
1108,Uzbekistan,2017,0.0,0.0,0.0
1109,Uzbekistan,2018,0.0,0.0,0.0
1110,Uzbekistan,2019,0.0,0.0,0.0
1111,Uzbekistan,2020,0.0,0.0,0.0
1112,Vanuatu,2010,9817.0,1545.0,2265.0
1113,Vanuatu,2011,6179.0,770.0,1224.0
1114,Vanuatu,2012,4532.0,1257.0,1680.0
1115,Vanuatu,2013,2883.0,1039.0,1342.0
1116,Vanuatu,2014,1314.0,279.0,703.0
1117,Vanuatu,2015,571.0,150.0,273.0
1118,Vanuatu,2016,2252.0,186.0,1682.0
1119,Vanuatu,2017,1227.0,273.0,798.0
1120,Vanuatu,2018,632.0,42.0,590.0
1121,Vanuatu,2019,567.0,36.0,531.0
1122,Vanuatu,2020,493.0,38.0,469.0
1123,Venezuela (Bolivarian Republic of),2010,45155.0,10629.0,32710.0
1124,Venezuela (Bolivarian Republic of),2011,45824.0,9724.0,34651.0
1125,Venezuela (Bolivarian Republic of),2012,52803.0,10978.0,39478.0
1126,Venezuela (Bolivarian Republic of),2013,78643.0,22777.0,50938.0
1127,Venezuela (Bolivarian Republic of),2014,90708.0,21074.0,62850.0
1128,Venezuela (Bolivarian Republic of),2015,136402.0,24018.0,100880.0
1129,Venezuela (Bolivarian Republic of),2016,240613.0,46503.0,179554.0
1130,Venezuela (Bolivarian Republic of),2017,411586.0,69076.0,316401.0
1131,Venezuela (Bolivarian Republic of),2018,404924.0,71504.0,307622.0
1132,Venezuela (Bolivarian Republic of),2019,398285.0,64307.0,308132.0
1133,Venezuela (Bolivarian Republic of),2020,197466.0,33887.0,151783.0
1134,Viet Nam,2010,17515.0,12763.0,4466.0
1135,Viet Nam,2011,16612.0,10101.0,5602.0
1136,Viet Nam,2012,19638.0,11448.0,7220.0
1137,Viet Nam,2013,17128.0,9532.0,6901.0
1138,Viet Nam,2014,15752.0,8245.0,7220.0
1139,Viet Nam,2015,9331.0,4327.0,4756.0
1140,Viet Nam,2016,4161.0,2323.0,1750.0
1141,Viet Nam,2017,4548.0,2858.0,1608.0
1142,Viet Nam,2018,3132.0,2966.0,1751.0
1143,Viet Nam,2019,3100.0,3110.0,1514.0
1144,Viet Nam,2020,1376.0,792.0,573.0
1145,Yemen,2010,106697.0,77271.0,966.0
1146,Yemen,2011,90954.0,59689.0,478.0
1147,Yemen,2012,112359.0,109504.0,398.0
1148,Yemen,2013,102778.0,102369.0,408.0
1149,Yemen,2014,86707.0,86428.0,267.0
1150,Yemen,2015,76259.0,75898.0,334.0
1151,Yemen,2016,99700.0,45469.0,347.0
1152,Yemen,2017,143333.0,109849.0,1833.0
1153,Yemen,2018,157900.0,112823.0,970.0
1154,Yemen,2019,165899.0,163941.0,1802.0
1155,Yemen,2020,164066.0,162318.0,1684.0
1156,Zambia,2014,4077547.0,4077547.0,
1157,Zambia,2015,4184661.0,4184661.0,
1158,Zambia,2016,4851319.0,4851319.0,
1159,Zambia,2017,5505639.0,5505639.0,
1160,Zambia,2018,5039679.0,5039679.0,
1161,Zambia,2019,5147350.0,5147350.0,
1162,Zambia,2020,8121215.0,8121215.0,
1163,Zimbabwe,2010,249379.0,249379.0,0.0
1164,Zimbabwe,2011,319935.0,319935.0,0.0
1165,Zimbabwe,2012,276963.0,276963.0,0.0
1166,Zimbabwe,2013,422633.0,422633.0,0.0
1167,Zimbabwe,2014,548276.0,535931.0,0.0
1168,Zimbabwe,2015,482199.0,391471.0,0.0
1169,Zimbabwe,2016,313645.0,279630.0,0.0
1170,Zimbabwe,2017,467508.0,315624.0,0.0
1171,Zimbabwe,2018,263346.0,183755.0,0.0
1172,Zimbabwe,2019,308173.0,308173.0,0.0
1173,Zimbabwe,2020,447381.0,,
